Device_ID,W,L,length,width,N,nm,hop,SOC,E,energy,Transmission,Average-LDOS,M(E)
W:14_L:5_NM:4_T:-2.6,14,5,6.39,8.60829251361732,70,4,-2.6,0.000001,-2.5,-0.961538461538462,9.46768991049206,0.172552761286158,20
W:14_L:5_NM:4_T:-2.6,14,5,6.39,8.60829251361732,70,4,-2.6,0.000001,-2.487,-0.956538461538462,9.46466666358044,0.17068140567751,20
W:14_L:5_NM:4_T:-2.6,14,5,6.39,8.60829251361732,70,4,-2.6,0.000001,-2.475,-0.951923076923077,9.45876695060058,0.169660861129678,20
W:14_L:5_NM:4_T:-2.6,14,5,6.39,8.60829251361732,70,4,-2.6,0.000001,-2.462,-0.946923076923077,9.45002796499062,0.169001544989677,20
W:14_L:5_NM:4_T:-2.6,14,5,6.39,8.60829251361732,70,4,-2.6,0.000001,-2.45,-0.942307692307692,9.43896014756507,0.168657019909259,20
W:14_L:5_NM:4_T:-2.6,14,5,6.39,8.60829251361732,70,4,-2.6,0.000001,-2.437,-0.937307692307692,9.42573476123724,0.168517643858459,20
W:14_L:5_NM:4_T:-2.6,14,5,6.39,8.60829251361732,70,4,-2.6,0.000001,-2.425,-0.932692307692308,9.41159430224808,0.168561957099462,20
W:14_L:5_NM:4_T:-2.6,14,5,6.39,8.60829251361732,70,4,-2.6,0.000001,-2.412,-0.927692307692308,9.39449079456698,0.168775236270068,20
W:14_L:5_NM:4_T:-2.6,14,5,6.39,8.60829251361732,70,4,-2.6,0.000001,-2.4,-0.923076923076923,9.3768298786264,0.169113614005399,20
W:14_L:5_NM:4_T:-2.6,14,5,6.39,8.60829251361732,70,4,-2.6,0.000001,-2.387,-0.918076923076923,9.35584603617484,0.169633865155696,20
W:14_L:5_NM:4_T:-2.6,14,5,6.39,8.60829251361732,70,4,-2.6,0.000001,-2.375,-0.913461538461538,9.33489197643119,0.170261275171674,20
W:14_L:5_NM:4_T:-2.6,14,5,6.39,8.60829251361732,70,4,-2.6,0.000001,-2.362,-0.908461538461538,9.31035360096698,0.171104802403051,20
W:14_L:5_NM:4_T:-2.6,14,5,6.39,8.60829251361732,70,4,-2.6,0.000001,-2.35,-0.903846153846154,9.2853363378899,0.172042154498504,20
W:14_L:5_NM:4_T:-2.6,14,5,6.39,8.60829251361732,70,4,-2.6,0.000001,-2.337,-0.898846153846154,9.2556453538475,0.173249003377529,20
W:14_L:5_NM:4_T:-2.6,14,5,6.39,8.60829251361732,70,4,-2.6,0.000001,-2.325,-0.894230769230769,9.22623229245808,0.174566059296945,19
W:14_L:5_NM:4_T:-2.6,14,5,6.39,8.60829251361732,70,4,-2.6,0.000001,-2.312,-0.889230769230769,9.19061372501835,0.176230106339965,20
W:14_L:5_NM:4_T:-2.6,14,5,6.39,8.60829251361732,70,4,-2.6,0.000001,-2.299,-0.884230769230769,9.15156005214015,0.178192104983599,20
W:14_L:5_NM:4_T:-2.6,14,5,6.39,8.60829251361732,70,4,-2.6,0.000001,-2.287,-0.879615384615385,9.11112863735126,0.180307468413365,20
W:14_L:5_NM:4_T:-2.6,14,5,6.39,8.60829251361732,70,4,-2.6,0.000001,-2.274,-0.874615384615385,9.06156423400987,0.182996146677461,20
W:14_L:5_NM:4_T:-2.6,14,5,6.39,8.60829251361732,70,4,-2.6,0.000001,-2.262,-0.87,9.00967518644426,0.185930510465511,20
W:14_L:5_NM:4_T:-2.6,14,5,6.39,8.60829251361732,70,4,-2.6,0.000001,-2.249,-0.865,8.94444739696188,0.189721486621295,20
W:14_L:5_NM:4_T:-2.6,14,5,6.39,8.60829251361732,70,4,-2.6,0.000001,-2.237,-0.860384615384615,8.87315364432585,0.193949359843483,20
W:14_L:5_NM:4_T:-2.6,14,5,6.39,8.60829251361732,70,4,-2.6,0.000001,-2.224,-0.855384615384615,8.77914123364368,0.199571513166038,20
W:14_L:5_NM:4_T:-2.6,14,5,6.39,8.60829251361732,70,4,-2.6,0.000001,-2.212,-0.850769230769231,8.66936356377447,0.206138589198853,20
W:14_L:5_NM:4_T:-2.6,14,5,6.39,8.60829251361732,70,4,-2.6,0.000001,-2.199,-0.845769230769231,8.51304538963978,0.215274585396999,20
W:14_L:5_NM:4_T:-2.6,14,5,6.39,8.60829251361732,70,4,-2.6,0.000001,-2.187,-0.841153846153846,8.29583194845338,0.227294491860778,20
W:14_L:5_NM:4_T:-2.6,14,5,6.39,8.60829251361732,70,4,-2.6,0.000001,-2.174,-0.836153846153846,7.92390109056283,0.245785385074966,18
W:14_L:5_NM:4_T:-2.6,14,5,6.39,8.60829251361732,70,4,-2.6,0.000001,-2.162,-0.831538461538461,7.1973967811459,0.272157911203132,16
W:14_L:5_NM:4_T:-2.6,14,5,6.39,8.60829251361732,70,4,-2.6,0.000001,-2.149,-0.826538461538462,4.87482884001466,0.355493229560366,18
W:14_L:5_NM:4_T:-2.6,14,5,6.39,8.60829251361732,70,4,-2.6,0.000001,-2.137,-0.821923076923077,5.1408037370852,0.213056685623415,14
W:14_L:5_NM:4_T:-2.6,14,5,6.39,8.60829251361732,70,4,-2.6,0.000001,-2.124,-0.816923076923077,5.55346020819304,0.126902725638468,17
W:14_L:5_NM:4_T:-2.6,14,5,6.39,8.60829251361732,70,4,-2.6,0.000001,-2.112,-0.812307692307692,5.66683153451416,0.109912726029867,12
W:14_L:5_NM:4_T:-2.6,14,5,6.39,8.60829251361732,70,4,-2.6,0.000001,-2.099,-0.807307692307692,5.72606484964262,0.101912038117617,12
W:14_L:5_NM:4_T:-2.6,14,5,6.39,8.60829251361732,70,4,-2.6,0.000001,-2.086,-0.802307692307692,5.75981783143622,0.0975732008199751,12
W:14_L:5_NM:4_T:-2.6,14,5,6.39,8.60829251361732,70,4,-2.6,0.000001,-2.074,-0.797692307692308,5.78061366863393,0.0950399026558274,12
W:14_L:5_NM:4_T:-2.6,14,5,6.39,8.60829251361732,70,4,-2.6,0.000001,-2.061,-0.792692307692308,5.79613015886904,0.0931438567176191,12
W:14_L:5_NM:4_T:-2.6,14,5,6.39,8.60829251361732,70,4,-2.6,0.000001,-2.049,-0.788076923076923,5.80694474435783,0.0918760947562809,12
W:14_L:5_NM:4_T:-2.6,14,5,6.39,8.60829251361732,70,4,-2.6,0.000001,-2.036,-0.783076923076923,5.81593469687658,0.090838308248067,12
W:14_L:5_NM:4_T:-2.6,14,5,6.39,8.60829251361732,70,4,-2.6,0.000001,-2.024,-0.778461538461538,5.82255979210174,0.0900975192659531,12
W:14_L:5_NM:4_T:-2.6,14,5,6.39,8.60829251361732,70,4,-2.6,0.000001,-2.011,-0.773461538461539,5.82832505352197,0.0894646675603164,12
W:14_L:5_NM:4_T:-2.6,14,5,6.39,8.60829251361732,70,4,-2.6,0.000001,-1.999,-0.768846153846154,5.83299546775071,0.089002731600701,12
W:14_L:5_NM:4_T:-2.6,14,5,6.39,8.60829251361732,70,4,-2.6,0.000001,-1.986,-0.763846153846154,5.83723405105581,0.0886033728951514,12
W:14_L:5_NM:4_T:-2.6,14,5,6.39,8.60829251361732,70,4,-2.6,0.000001,-1.974,-0.759230769230769,5.84083712195818,0.0883135793099242,8
W:14_L:5_NM:4_T:-2.6,14,5,6.39,8.60829251361732,70,4,-2.6,0.000001,-1.961,-0.754230769230769,5.84429955548407,0.0880687812393494,11
W:14_L:5_NM:4_T:-2.6,14,5,6.39,8.60829251361732,70,4,-2.6,0.000001,-1.949,-0.749615384615385,5.84710582822976,0.0878978819772514,12
W:14_L:5_NM:4_T:-2.6,14,5,6.39,8.60829251361732,70,4,-2.6,0.000001,-1.936,-0.744615384615385,5.84997910996065,0.0877659076603519,12
W:14_L:5_NM:4_T:-2.6,14,5,6.39,8.60829251361732,70,4,-2.6,0.000001,-1.924,-0.74,5.85231204788925,0.0876872749760525,12
W:14_L:5_NM:4_T:-2.6,14,5,6.39,8.60829251361732,70,4,-2.6,0.000001,-1.911,-0.735,5.85487522088289,0.0876477279995102,12
W:14_L:5_NM:4_T:-2.6,14,5,6.39,8.60829251361732,70,4,-2.6,0.000001,-1.898,-0.73,5.85738521711495,0.0876510311934612,12
W:14_L:5_NM:4_T:-2.6,14,5,6.39,8.60829251361732,70,4,-2.6,0.000001,-1.886,-0.725384615384615,5.85946252035146,0.087689656333711,8
W:14_L:5_NM:4_T:-2.6,14,5,6.39,8.60829251361732,70,4,-2.6,0.000001,-1.873,-0.720384615384615,5.86165130869996,0.0877691286479501,12
W:14_L:5_NM:4_T:-2.6,14,5,6.39,8.60829251361732,70,4,-2.6,0.000001,-1.861,-0.715769230769231,5.86369847460392,0.0878780898585422,12
W:14_L:5_NM:4_T:-2.6,14,5,6.39,8.60829251361732,70,4,-2.6,0.000001,-1.848,-0.710769230769231,5.8658957143138,0.088033708005863,12
W:14_L:5_NM:4_T:-2.6,14,5,6.39,8.60829251361732,70,4,-2.6,0.000001,-1.836,-0.706153846153846,5.86782444952126,0.0882113135217263,12
W:14_L:5_NM:4_T:-2.6,14,5,6.39,8.60829251361732,70,4,-2.6,0.000001,-1.823,-0.701153846153846,5.87002088052155,0.0884433333517956,12
W:14_L:5_NM:4_T:-2.6,14,5,6.39,8.60829251361732,70,4,-2.6,0.000001,-1.811,-0.696538461538461,5.87190982678,0.0886931861458823,12
W:14_L:5_NM:4_T:-2.6,14,5,6.39,8.60829251361732,70,4,-2.6,0.000001,-1.798,-0.691538461538462,5.87390676379533,0.0890059682049517,12
W:14_L:5_NM:4_T:-2.6,14,5,6.39,8.60829251361732,70,4,-2.6,0.000001,-1.786,-0.686923076923077,5.87575247322664,0.0893336449469172,12
W:14_L:5_NM:4_T:-2.6,14,5,6.39,8.60829251361732,70,4,-2.6,0.000001,-1.773,-0.681923076923077,5.87781056027525,0.0897357315493087,12
W:14_L:5_NM:4_T:-2.6,14,5,6.39,8.60829251361732,70,4,-2.6,0.000001,-1.761,-0.677307692307692,5.87970199047321,0.0901510258671223,12
W:14_L:5_NM:4_T:-2.6,14,5,6.39,8.60829251361732,70,4,-2.6,0.000001,-1.748,-0.672307692307692,5.88150667688561,0.090644697370641,12
W:14_L:5_NM:4_T:-2.6,14,5,6.39,8.60829251361732,70,4,-2.6,0.000001,-1.736,-0.667692307692308,5.88323967240881,0.0911550958626628,12
W:14_L:5_NM:4_T:-2.6,14,5,6.39,8.60829251361732,70,4,-2.6,0.000001,-1.723,-0.662692307692308,5.88511687014905,0.0917651060399186,12
W:14_L:5_NM:4_T:-2.6,14,5,6.39,8.60829251361732,70,4,-2.6,0.000001,-1.711,-0.658076923076923,5.88682109991622,0.0923932315949508,12
W:14_L:5_NM:4_T:-2.6,14,5,6.39,8.60829251361732,70,4,-2.6,0.000001,-1.698,-0.653076923076923,5.88855427617605,0.0931483900871889,12
W:14_L:5_NM:4_T:-2.6,14,5,6.39,8.60829251361732,70,4,-2.6,0.000001,-1.685,-0.648076923076923,5.89019458932563,0.0939888350553665,12
W:14_L:5_NM:4_T:-2.6,14,5,6.39,8.60829251361732,70,4,-2.6,0.000001,-1.673,-0.643461538461538,5.89156900579827,0.0948590945147994,8
W:14_L:5_NM:4_T:-2.6,14,5,6.39,8.60829251361732,70,4,-2.6,0.000001,-1.66,-0.638461538461538,5.89289701670008,0.0958907187613803,12
W:14_L:5_NM:4_T:-2.6,14,5,6.39,8.60829251361732,70,4,-2.6,0.000001,-1.648,-0.633846153846154,5.89400323213306,0.0969428280314424,12
W:14_L:5_NM:4_T:-2.6,14,5,6.39,8.60829251361732,70,4,-2.6,0.000001,-1.635,-0.628846153846154,5.89503842267293,0.098209020352526,12
W:14_L:5_NM:4_T:-2.6,14,5,6.39,8.60829251361732,70,4,-2.6,0.000001,-1.623,-0.624230769230769,5.89584848139081,0.099467742729737,12
W:14_L:5_NM:4_T:-2.6,14,5,6.39,8.60829251361732,70,4,-2.6,0.000001,-1.61,-0.619230769230769,5.89641020400292,0.101076277014644,12
W:14_L:5_NM:4_T:-2.6,14,5,6.39,8.60829251361732,70,4,-2.6,0.000001,-1.598,-0.614615384615385,5.89637975269911,0.102733141287906,9
W:14_L:5_NM:4_T:-2.6,14,5,6.39,8.60829251361732,70,4,-2.6,0.000001,-1.585,-0.609615384615385,5.8960822345399,0.104710060601614,12
W:14_L:5_NM:4_T:-2.6,14,5,6.39,8.60829251361732,70,4,-2.6,0.000001,-1.573,-0.605,5.89541475520992,0.106805853205575,12
W:14_L:5_NM:4_T:-2.6,14,5,6.39,8.60829251361732,70,4,-2.6,0.000001,-1.56,-0.6,5.89415272216072,0.109484539889988,12
W:14_L:5_NM:4_T:-2.6,14,5,6.39,8.60829251361732,70,4,-2.6,0.000001,-1.548,-0.595384615384615,5.89200623772649,0.112253187200692,12
W:14_L:5_NM:4_T:-2.6,14,5,6.39,8.60829251361732,70,4,-2.6,0.000001,-1.535,-0.590384615384615,5.88911021897166,0.115711581416495,12
W:14_L:5_NM:4_T:-2.6,14,5,6.39,8.60829251361732,70,4,-2.6,0.000001,-1.523,-0.585769230769231,5.88468873082129,0.119755170559258,12
W:14_L:5_NM:4_T:-2.6,14,5,6.39,8.60829251361732,70,4,-2.6,0.000001,-1.51,-0.580769230769231,5.87822631247125,0.124845094717931,12
W:14_L:5_NM:4_T:-2.6,14,5,6.39,8.60829251361732,70,4,-2.6,0.000001,-1.497,-0.575769230769231,5.86867213754583,0.131217470234669,12
W:14_L:5_NM:4_T:-2.6,14,5,6.39,8.60829251361732,70,4,-2.6,0.000001,-1.485,-0.571153846153846,5.85531548165936,0.138548207224474,12
W:14_L:5_NM:4_T:-2.6,14,5,6.39,8.60829251361732,70,4,-2.6,0.000001,-1.472,-0.566153846153846,5.83529825272976,0.1493279226691,6
W:14_L:5_NM:4_T:-2.6,14,5,6.39,8.60829251361732,70,4,-2.6,0.000001,-1.46,-0.561538461538462,5.80300146654522,0.163199136595037,12
W:14_L:5_NM:4_T:-2.6,14,5,6.39,8.60829251361732,70,4,-2.6,0.000001,-1.447,-0.556538461538462,5.74111699536856,0.186757008878931,12
W:14_L:5_NM:4_T:-2.6,14,5,6.39,8.60829251361732,70,4,-2.6,0.000001,-1.435,-0.551923076923077,5.61450985721481,0.227452174382862,12
W:14_L:5_NM:4_T:-2.6,14,5,6.39,8.60829251361732,70,4,-2.6,0.000001,-1.422,-0.546923076923077,4.89654060165047,0.374991011308279,12
W:14_L:5_NM:4_T:-2.6,14,5,6.39,8.60829251361732,70,4,-2.6,0.000001,-1.41,-0.542307692307692,1.96756240327043,0.036950909054488,12
W:14_L:5_NM:4_T:-2.6,14,5,6.39,8.60829251361732,70,4,-2.6,0.000001,-1.397,-0.537307692307692,1.97264645776765,0.0292043827059298,10
W:14_L:5_NM:4_T:-2.6,14,5,6.39,8.60829251361732,70,4,-2.6,0.000001,-1.385,-0.532692307692308,1.97415332681126,0.028138974041494,7
W:14_L:5_NM:4_T:-2.6,14,5,6.39,8.60829251361732,70,4,-2.6,0.000001,-1.372,-0.527692307692308,1.97522377104721,0.027680869028318,4
W:14_L:5_NM:4_T:-2.6,14,5,6.39,8.60829251361732,70,4,-2.6,0.000001,-1.36,-0.523076923076923,1.9760383858261,0.0273742662049128,4
W:14_L:5_NM:4_T:-2.6,14,5,6.39,8.60829251361732,70,4,-2.6,0.000001,-1.347,-0.518076923076923,1.97684236700308,0.0272010660571502,4
W:14_L:5_NM:4_T:-2.6,14,5,6.39,8.60829251361732,70,4,-2.6,0.000001,-1.335,-0.513461538461538,1.9775073321429,0.0270372267251065,4
W:14_L:5_NM:4_T:-2.6,14,5,6.39,8.60829251361732,70,4,-2.6,0.000001,-1.322,-0.508461538461539,1.97823175198836,0.0269042264280631,4
W:14_L:5_NM:4_T:-2.6,14,5,6.39,8.60829251361732,70,4,-2.6,0.000001,-1.31,-0.503846153846154,1.97886332247337,0.0268106163007861,4
W:14_L:5_NM:4_T:-2.6,14,5,6.39,8.60829251361732,70,4,-2.6,0.000001,-1.297,-0.498846153846154,1.97953154713789,0.0267230983398841,4
W:14_L:5_NM:4_T:-2.6,14,5,6.39,8.60829251361732,70,4,-2.6,0.000001,-1.284,-0.493846153846154,1.98021566989942,0.0266382948427056,4
W:14_L:5_NM:4_T:-2.6,14,5,6.39,8.60829251361732,70,4,-2.6,0.000001,-1.272,-0.489230769230769,1.98082673705639,0.0265710653675704,4
W:14_L:5_NM:4_T:-2.6,14,5,6.39,8.60829251361732,70,4,-2.6,0.000001,-1.259,-0.484230769230769,1.98147287428739,0.0265104313849731,4
W:14_L:5_NM:4_T:-2.6,14,5,6.39,8.60829251361732,70,4,-2.6,0.000001,-1.247,-0.479615384615385,1.98209081927275,0.0264489190300402,4
W:14_L:5_NM:4_T:-2.6,14,5,6.39,8.60829251361732,70,4,-2.6,0.000001,-1.234,-0.474615384615385,1.98274461410113,0.0263917609647018,4
W:14_L:5_NM:4_T:-2.6,14,5,6.39,8.60829251361732,70,4,-2.6,0.000001,-1.222,-0.47,1.98333791488911,0.0263463060740008,2
W:14_L:5_NM:4_T:-2.6,14,5,6.39,8.60829251361732,70,4,-2.6,0.000001,-1.209,-0.465,1.98398406918301,0.0262975888827625,2
W:14_L:5_NM:4_T:-2.6,14,5,6.39,8.60829251361732,70,4,-2.6,0.000001,-1.197,-0.460384615384615,1.98458396416716,0.0262525983280791,4
W:14_L:5_NM:4_T:-2.6,14,5,6.39,8.60829251361732,70,4,-2.6,0.000001,-1.184,-0.455384615384615,1.9852235520465,0.0262102276824892,4
W:14_L:5_NM:4_T:-2.6,14,5,6.39,8.60829251361732,70,4,-2.6,0.000001,-1.172,-0.450769230769231,1.98579941023747,0.0261796710380632,4
W:14_L:5_NM:4_T:-2.6,14,5,6.39,8.60829251361732,70,4,-2.6,0.000001,-1.159,-0.445769230769231,1.9864314110863,0.0261425529197463,4
W:14_L:5_NM:4_T:-2.6,14,5,6.39,8.60829251361732,70,4,-2.6,0.000001,-1.147,-0.441153846153846,1.98701858982049,0.0261061362594361,4
W:14_L:5_NM:4_T:-2.6,14,5,6.39,8.60829251361732,70,4,-2.6,0.000001,-1.134,-0.436153846153846,1.98763642377098,0.0260758395210615,4
W:14_L:5_NM:4_T:-2.6,14,5,6.39,8.60829251361732,70,4,-2.6,0.000001,-1.122,-0.431538461538462,1.98820499519927,0.0260486081562657,4
W:14_L:5_NM:4_T:-2.6,14,5,6.39,8.60829251361732,70,4,-2.6,0.000001,-1.109,-0.426538461538462,1.98880282708152,0.0260281892036225,4
W:14_L:5_NM:4_T:-2.6,14,5,6.39,8.60829251361732,70,4,-2.6,0.000001,-1.096,-0.421538461538462,1.98940255402971,0.0260051788987308,4
W:14_L:5_NM:4_T:-2.6,14,5,6.39,8.60829251361732,70,4,-2.6,0.000001,-1.084,-0.416923076923077,1.98995510922749,0.025980705441086,4
W:14_L:5_NM:4_T:-2.6,14,5,6.39,8.60829251361732,70,4,-2.6,0.000001,-1.071,-0.411923076923077,1.99052880394624,0.02596714908439,4
W:14_L:5_NM:4_T:-2.6,14,5,6.39,8.60829251361732,70,4,-2.6,0.000001,-1.059,-0.407307692307692,1.9910646437052,0.0259475087245733,2
W:14_L:5_NM:4_T:-2.6,14,5,6.39,8.60829251361732,70,4,-2.6,0.000001,-1.046,-0.402307692307692,1.99162030315901,0.0259395037412955,4
W:14_L:5_NM:4_T:-2.6,14,5,6.39,8.60829251361732,70,4,-2.6,0.000001,-1.034,-0.397692307692308,1.99213087932498,0.0259281253470311,2
W:14_L:5_NM:4_T:-2.6,14,5,6.39,8.60829251361732,70,4,-2.6,0.000001,-1.021,-0.392692307692308,1.99266452079706,0.0259223669469734,4
W:14_L:5_NM:4_T:-2.6,14,5,6.39,8.60829251361732,70,4,-2.6,0.000001,-1.009,-0.388076923076923,1.99315010150678,0.0259179143947037,4
W:14_L:5_NM:4_T:-2.6,14,5,6.39,8.60829251361732,70,4,-2.6,0.000001,-0.996,-0.383076923076923,1.99366934683639,0.0259101685105609,4
W:14_L:5_NM:4_T:-2.6,14,5,6.39,8.60829251361732,70,4,-2.6,0.000001,-0.984,-0.378461538461538,1.99412408984145,0.0259151996506805,4
W:14_L:5_NM:4_T:-2.6,14,5,6.39,8.60829251361732,70,4,-2.6,0.000001,-0.971,-0.373461538461538,1.9946091938326,0.0259172264409374,4
W:14_L:5_NM:4_T:-2.6,14,5,6.39,8.60829251361732,70,4,-2.6,0.000001,-0.959,-0.368846153846154,1.99503920837819,0.025923604113667,4
W:14_L:5_NM:4_T:-2.6,14,5,6.39,8.60829251361732,70,4,-2.6,0.000001,-0.946,-0.363846153846154,1.99549582448694,0.0259275787940557,4
W:14_L:5_NM:4_T:-2.6,14,5,6.39,8.60829251361732,70,4,-2.6,0.000001,-0.934,-0.359230769230769,1.99589124741995,0.0259432581971019,2
W:14_L:5_NM:4_T:-2.6,14,5,6.39,8.60829251361732,70,4,-2.6,0.000001,-0.921,-0.354230769230769,1.99630757563669,0.0259576801501698,4
W:14_L:5_NM:4_T:-2.6,14,5,6.39,8.60829251361732,70,4,-2.6,0.000001,-0.909,-0.349615384615385,1.99667888644822,0.0259686081471281,4
W:14_L:5_NM:4_T:-2.6,14,5,6.39,8.60829251361732,70,4,-2.6,0.000001,-0.896,-0.344615384615385,1.99705571610512,0.0259886816391145,4
W:14_L:5_NM:4_T:-2.6,14,5,6.39,8.60829251361732,70,4,-2.6,0.000001,-0.883,-0.339615384615385,1.99741062461272,0.0260140850839836,4
W:14_L:5_NM:4_T:-2.6,14,5,6.39,8.60829251361732,70,4,-2.6,0.000001,-0.871,-0.335,1.99771810662833,0.0260412679540243,4
W:14_L:5_NM:4_T:-2.6,14,5,6.39,8.60829251361732,70,4,-2.6,0.000001,-0.858,-0.33,1.99802834126537,0.0260713374150588,4
W:14_L:5_NM:4_T:-2.6,14,5,6.39,8.60829251361732,70,4,-2.6,0.000001,-0.846,-0.325384615384615,1.99829096465016,0.0261048418966023,4
W:14_L:5_NM:4_T:-2.6,14,5,6.39,8.60829251361732,70,4,-2.6,0.000001,-0.833,-0.320384615384615,1.99855284436992,0.0261446638056499,4
W:14_L:5_NM:4_T:-2.6,14,5,6.39,8.60829251361732,70,4,-2.6,0.000001,-0.821,-0.315769230769231,1.99876728154165,0.0261858801976,4
W:14_L:5_NM:4_T:-2.6,14,5,6.39,8.60829251361732,70,4,-2.6,0.000001,-0.808,-0.310769230769231,1.99897406448015,0.0262335290514278,4
W:14_L:5_NM:4_T:-2.6,14,5,6.39,8.60829251361732,70,4,-2.6,0.000001,-0.796,-0.306153846153846,1.99913920025248,0.0262807032619608,4
W:14_L:5_NM:4_T:-2.6,14,5,6.39,8.60829251361732,70,4,-2.6,0.000001,-0.783,-0.301153846153846,1.99928582607325,0.0263383472314319,2
W:14_L:5_NM:4_T:-2.6,14,5,6.39,8.60829251361732,70,4,-2.6,0.000001,-0.771,-0.296538461538462,1.99939111011142,0.0263971966898239,4
W:14_L:5_NM:4_T:-2.6,14,5,6.39,8.60829251361732,70,4,-2.6,0.000001,-0.758,-0.291538461538462,1.99947035677018,0.0264667563741373,4
W:14_L:5_NM:4_T:-2.6,14,5,6.39,8.60829251361732,70,4,-2.6,0.000001,-0.746,-0.286923076923077,1.99951196331111,0.0265323885444897,4
W:14_L:5_NM:4_T:-2.6,14,5,6.39,8.60829251361732,70,4,-2.6,0.000001,-0.733,-0.281923076923077,1.99951774974248,0.0266118200298411,4
W:14_L:5_NM:4_T:-2.6,14,5,6.39,8.60829251361732,70,4,-2.6,0.000001,-0.721,-0.277307692307692,1.9994856821573,0.0266914778740777,4
W:14_L:5_NM:4_T:-2.6,14,5,6.39,8.60829251361732,70,4,-2.6,0.000001,-0.708,-0.272307692307692,1.99940740247792,0.0267852643133094,4
W:14_L:5_NM:4_T:-2.6,14,5,6.39,8.60829251361732,70,4,-2.6,0.000001,-0.695,-0.267307692307692,1.99928366384755,0.0268816672592888,4
W:14_L:5_NM:4_T:-2.6,14,5,6.39,8.60829251361732,70,4,-2.6,0.000001,-0.683,-0.262692307692308,1.99912058478046,0.026982054408261,2
W:14_L:5_NM:4_T:-2.6,14,5,6.39,8.60829251361732,70,4,-2.6,0.000001,-0.67,-0.257692307692308,1.99889377142603,0.0270966731433732,4
W:14_L:5_NM:4_T:-2.6,14,5,6.39,8.60829251361732,70,4,-2.6,0.000001,-0.658,-0.253076923076923,1.99863354761125,0.0272111007697524,4
W:14_L:5_NM:4_T:-2.6,14,5,6.39,8.60829251361732,70,4,-2.6,0.000001,-0.645,-0.248076923076923,1.99828530077769,0.0273488162393775,4
W:14_L:5_NM:4_T:-2.6,14,5,6.39,8.60829251361732,70,4,-2.6,0.000001,-0.633,-0.243461538461538,1.99790325304028,0.0274835263688049,4
W:14_L:5_NM:4_T:-2.6,14,5,6.39,8.60829251361732,70,4,-2.6,0.000001,-0.62,-0.238461538461538,1.9974219584388,0.0276352343443982,4
W:14_L:5_NM:4_T:-2.6,14,5,6.39,8.60829251361732,70,4,-2.6,0.000001,-0.608,-0.233846153846154,1.99689631835669,0.0277939590711899,4
W:14_L:5_NM:4_T:-2.6,14,5,6.39,8.60829251361732,70,4,-2.6,0.000001,-0.595,-0.228846153846154,1.99625334081287,0.0279677967574843,4
W:14_L:5_NM:4_T:-2.6,14,5,6.39,8.60829251361732,70,4,-2.6,0.000001,-0.583,-0.224230769230769,1.99556642262272,0.0281456232481186,4
W:14_L:5_NM:4_T:-2.6,14,5,6.39,8.60829251361732,70,4,-2.6,0.000001,-0.57,-0.219230769230769,1.99471269032181,0.0283575839334391,4
W:14_L:5_NM:4_T:-2.6,14,5,6.39,8.60829251361732,70,4,-2.6,0.000001,-0.558,-0.214615384615385,1.99380537967543,0.0285736901406272,4
W:14_L:5_NM:4_T:-2.6,14,5,6.39,8.60829251361732,70,4,-2.6,0.000001,-0.545,-0.209615384615385,1.99271528007416,0.0288140115228318,4
W:14_L:5_NM:4_T:-2.6,14,5,6.39,8.60829251361732,70,4,-2.6,0.000001,-0.533,-0.205,1.99156974745881,0.0290532224271882,4
W:14_L:5_NM:4_T:-2.6,14,5,6.39,8.60829251361732,70,4,-2.6,0.000001,-0.52,-0.2,1.99012040850275,0.0293555203088984,4
W:14_L:5_NM:4_T:-2.6,14,5,6.39,8.60829251361732,70,4,-2.6,0.000001,-0.508,-0.195384615384615,1.98865517800074,0.0296429640543339,4
W:14_L:5_NM:4_T:-2.6,14,5,6.39,8.60829251361732,70,4,-2.6,0.000001,-0.495,-0.190384615384615,1.98683524583721,0.0299805479981813,4
W:14_L:5_NM:4_T:-2.6,14,5,6.39,8.60829251361732,70,4,-2.6,0.000001,-0.482,-0.185384615384615,1.98471453249513,0.0303738986121766,4
W:14_L:5_NM:4_T:-2.6,14,5,6.39,8.60829251361732,70,4,-2.6,0.000001,-0.47,-0.180769230769231,1.98248986200707,0.030763615697267,4
W:14_L:5_NM:4_T:-2.6,14,5,6.39,8.60829251361732,70,4,-2.6,0.000001,-0.457,-0.175769230769231,1.97974181000867,0.0312280599278252,4
W:14_L:5_NM:4_T:-2.6,14,5,6.39,8.60829251361732,70,4,-2.6,0.000001,-0.445,-0.171153846153846,1.97680981980129,0.0317046311056641,4
W:14_L:5_NM:4_T:-2.6,14,5,6.39,8.60829251361732,70,4,-2.6,0.000001,-0.432,-0.166153846153846,1.97317379898464,0.0322766213975743,4
W:14_L:5_NM:4_T:-2.6,14,5,6.39,8.60829251361732,70,4,-2.6,0.000001,-0.42,-0.161538461538462,1.9692268816201,0.0328751691386546,4
W:14_L:5_NM:4_T:-2.6,14,5,6.39,8.60829251361732,70,4,-2.6,0.000001,-0.407,-0.156538461538462,1.96422374421929,0.0336065880659609,4
W:14_L:5_NM:4_T:-2.6,14,5,6.39,8.60829251361732,70,4,-2.6,0.000001,-0.395,-0.151923076923077,1.95877938390383,0.0343743512139987,4
W:14_L:5_NM:4_T:-2.6,14,5,6.39,8.60829251361732,70,4,-2.6,0.000001,-0.382,-0.146923076923077,1.95175618153739,0.035326962631795,4
W:14_L:5_NM:4_T:-2.6,14,5,6.39,8.60829251361732,70,4,-2.6,0.000001,-0.37,-0.142307692307692,1.94395172870894,0.0363501613142458,4
W:14_L:5_NM:4_T:-2.6,14,5,6.39,8.60829251361732,70,4,-2.6,0.000001,-0.357,-0.137307692307692,1.9336724912767,0.0376536009899642,4
W:14_L:5_NM:4_T:-2.6,14,5,6.39,8.60829251361732,70,4,-2.6,0.000001,-0.345,-0.132692307692308,1.92196220016932,0.0390757882362879,4
W:14_L:5_NM:4_T:-2.6,14,5,6.39,8.60829251361732,70,4,-2.6,0.000001,-0.332,-0.127692307692308,1.90606878208805,0.0409437846152842,3
W:14_L:5_NM:4_T:-2.6,14,5,6.39,8.60829251361732,70,4,-2.6,0.000001,-0.32,-0.123076923076923,1.88744023945081,0.0430479031869181,2
W:14_L:5_NM:4_T:-2.6,14,5,6.39,8.60829251361732,70,4,-2.6,0.000001,-0.307,-0.118076923076923,1.86125821800865,0.0459094653647414,4
W:14_L:5_NM:4_T:-2.6,14,5,6.39,8.60829251361732,70,4,-2.6,0.000001,-0.294,-0.113076923076923,1.82629313812893,0.0495804104866448,4
W:14_L:5_NM:4_T:-2.6,14,5,6.39,8.60829251361732,70,4,-2.6,0.000001,-0.282,-0.108461538461538,1.78284361161778,0.0539928357544117,4
W:14_L:5_NM:4_T:-2.6,14,5,6.39,8.60829251361732,70,4,-2.6,0.000001,-0.269,-0.103461538461538,1.71781408181725,0.0603866090974472,4
W:14_L:5_NM:4_T:-2.6,14,5,6.39,8.60829251361732,70,4,-2.6,0.000001,-0.257,-0.0988461538461539,1.63419222625156,0.0683616137439114,4
W:14_L:5_NM:4_T:-2.6,14,5,6.39,8.60829251361732,70,4,-2.6,0.000001,-0.244,-0.0938461538461538,1.5071135723692,0.0801161509116244,4
W:14_L:5_NM:4_T:-2.6,14,5,6.39,8.60829251361732,70,4,-2.6,0.000001,-0.232,-0.0892307692307692,1.35084888831041,0.0941815861030662,4
W:14_L:5_NM:4_T:-2.6,14,5,6.39,8.60829251361732,70,4,-2.6,0.000001,-0.219,-0.0842307692307692,1.15409725800607,0.111305429596503,4
W:14_L:5_NM:4_T:-2.6,14,5,6.39,8.60829251361732,70,4,-2.6,0.000001,-0.207,-0.0796153846153846,1.01248625135024,0.123101156791749,4
W:14_L:5_NM:4_T:-2.6,14,5,6.39,8.60829251361732,70,4,-2.6,0.000001,-0.194,-0.0746153846153846,1.00450087202494,0.123006781583793,4
W:14_L:5_NM:4_T:-2.6,14,5,6.39,8.60829251361732,70,4,-2.6,0.000001,-0.182,-0.07,1.13926740202164,0.111076074311224,4
W:14_L:5_NM:4_T:-2.6,14,5,6.39,8.60829251361732,70,4,-2.6,0.000001,-0.169,-0.065,1.33909446772293,0.0944968822862265,4
W:14_L:5_NM:4_T:-2.6,14,5,6.39,8.60829251361732,70,4,-2.6,0.000001,-0.157,-0.0603846153846154,1.50111571740125,0.0818252830192395,4
W:14_L:5_NM:4_T:-2.6,14,5,6.39,8.60829251361732,70,4,-2.6,0.000001,-0.144,-0.0553846153846154,1.63156538701501,0.0725454710629688,4
W:14_L:5_NM:4_T:-2.6,14,5,6.39,8.60829251361732,70,4,-2.6,0.000001,-0.132,-0.0507692307692308,1.71620978900313,0.0674649981600784,4
W:14_L:5_NM:4_T:-2.6,14,5,6.39,8.60829251361732,70,4,-2.6,0.000001,-0.119,-0.0457692307692308,1.78003582279176,0.0648143019849826,4
W:14_L:5_NM:4_T:-2.6,14,5,6.39,8.60829251361732,70,4,-2.6,0.000001,-0.107,-0.0411538461538462,1.82153202790498,0.0643853169162328,4
W:14_L:5_NM:4_T:-2.6,14,5,6.39,8.60829251361732,70,4,-2.6,0.000001,-0.094,-0.0361538461538462,1.85280770776423,0.0658561729327796,4
W:14_L:5_NM:4_T:-2.6,14,5,6.39,8.60829251361732,70,4,-2.6,0.000001,-0.081,-0.0311538461538462,1.87475677174864,0.0692634968333342,4
W:14_L:5_NM:4_T:-2.6,14,5,6.39,8.60829251361732,70,4,-2.6,0.000001,-0.069,-0.0265384615384615,1.88897772446441,0.07443425715875,4
W:14_L:5_NM:4_T:-2.6,14,5,6.39,8.60829251361732,70,4,-2.6,0.000001,-0.056,-0.0215384615384615,1.89872918851052,0.0832238303240712,4
W:14_L:5_NM:4_T:-2.6,14,5,6.39,8.60829251361732,70,4,-2.6,0.000001,-0.044,-0.0169230769230769,1.90387816600351,0.0959889293928155,4
W:14_L:5_NM:4_T:-2.6,14,5,6.39,8.60829251361732,70,4,-2.6,0.000001,-0.031,-0.0119230769230769,1.90475416913764,0.120082683262978,4
W:14_L:5_NM:4_T:-2.6,14,5,6.39,8.60829251361732,70,4,-2.6,0.000001,-0.019,-0.00730769230769231,1.90030277375214,0.167304989057778,4
W:14_L:5_NM:4_T:-2.6,14,5,6.39,8.60829251361732,70,4,-2.6,0.000001,-0.006,-0.00230769230769231,1.87849303222543,0.388596675503303,4
W:14_L:5_NM:4_T:-2.6,14,5,6.39,8.60829251361732,70,4,-2.6,0.000001,0.006,0.00230769230769231,1.87849291230811,0.388597659552616,8
W:14_L:5_NM:4_T:-2.6,14,5,6.39,8.60829251361732,70,4,-2.6,0.000001,0.019,0.00730769230769231,1.90030275858753,0.167305111272379,4
W:14_L:5_NM:4_T:-2.6,14,5,6.39,8.60829251361732,70,4,-2.6,0.000001,0.031,0.0119230769230769,1.90475416981205,0.120082732998628,4
W:14_L:5_NM:4_T:-2.6,14,5,6.39,8.60829251361732,70,4,-2.6,0.000001,0.044,0.0169230769230769,1.90387817533892,0.0959889553187707,4
W:14_L:5_NM:4_T:-2.6,14,5,6.39,8.60829251361732,70,4,-2.6,0.000001,0.056,0.0215384615384615,1.89872920763509,0.0832238458538987,4
W:14_L:5_NM:4_T:-2.6,14,5,6.39,8.60829251361732,70,4,-2.6,0.000001,0.069,0.0265384615384615,1.88897775184549,0.0744342673715706,2
W:14_L:5_NM:4_T:-2.6,14,5,6.39,8.60829251361732,70,4,-2.6,0.000001,0.081,0.0311538461538462,1.87475680147128,0.0692635039607368,4
W:14_L:5_NM:4_T:-2.6,14,5,6.39,8.60829251361732,70,4,-2.6,0.000001,0.094,0.0361538461538462,1.85280775706496,0.0658561759148961,4
W:14_L:5_NM:4_T:-2.6,14,5,6.39,8.60829251361732,70,4,-2.6,0.000001,0.107,0.0411538461538462,1.8215320799355,0.0643853184641282,2
W:14_L:5_NM:4_T:-2.6,14,5,6.39,8.60829251361732,70,4,-2.6,0.000001,0.119,0.0457692307692308,1.78003588435916,0.0648143017702679,4
W:14_L:5_NM:4_T:-2.6,14,5,6.39,8.60829251361732,70,4,-2.6,0.000001,0.132,0.0507692307692308,1.71620988081354,0.0674649944637788,4
W:14_L:5_NM:4_T:-2.6,14,5,6.39,8.60829251361732,70,4,-2.6,0.000001,0.144,0.0553846153846154,1.63156554638131,0.072545462280642,4
W:14_L:5_NM:4_T:-2.6,14,5,6.39,8.60829251361732,70,4,-2.6,0.000001,0.157,0.0603846153846154,1.50111589920356,0.0818252694382227,4
W:14_L:5_NM:4_T:-2.6,14,5,6.39,8.60829251361732,70,4,-2.6,0.000001,0.169,0.065,1.33909469808636,0.094496865316504,4
W:14_L:5_NM:4_T:-2.6,14,5,6.39,8.60829251361732,70,4,-2.6,0.000001,0.182,0.07,1.1392676478101,0.111076056698364,4
W:14_L:5_NM:4_T:-2.6,14,5,6.39,8.60829251361732,70,4,-2.6,0.000001,0.194,0.0746153846153846,1.00450097361375,0.123006773116942,4
W:14_L:5_NM:4_T:-2.6,14,5,6.39,8.60829251361732,70,4,-2.6,0.000001,0.207,0.0796153846153846,1.01248612664491,0.123101168737655,4
W:14_L:5_NM:4_T:-2.6,14,5,6.39,8.60829251361732,70,4,-2.6,0.000001,0.219,0.0842307692307692,1.15409702614361,0.111305450702727,4
W:14_L:5_NM:4_T:-2.6,14,5,6.39,8.60829251361732,70,4,-2.6,0.000001,0.232,0.0892307692307692,1.350848670461,0.0941816061634447,4
W:14_L:5_NM:4_T:-2.6,14,5,6.39,8.60829251361732,70,4,-2.6,0.000001,0.244,0.0938461538461538,1.50711339988427,0.080116167650725,4
W:14_L:5_NM:4_T:-2.6,14,5,6.39,8.60829251361732,70,4,-2.6,0.000001,0.257,0.0988461538461539,1.63419212248734,0.0683616247053192,4
W:14_L:5_NM:4_T:-2.6,14,5,6.39,8.60829251361732,70,4,-2.6,0.000001,0.269,0.103461538461538,1.71781398666607,0.0603866185280769,5
W:14_L:5_NM:4_T:-2.6,14,5,6.39,8.60829251361732,70,4,-2.6,0.000001,0.282,0.108461538461538,1.78284354769043,0.0539928426491717,4
W:14_L:5_NM:4_T:-2.6,14,5,6.39,8.60829251361732,70,4,-2.6,0.000001,0.294,0.113076923076923,1.82629309971215,0.0495804150653508,4
W:14_L:5_NM:4_T:-2.6,14,5,6.39,8.60829251361732,70,4,-2.6,0.000001,0.307,0.118076923076923,1.86125817644027,0.0459094701130319,4
W:14_L:5_NM:4_T:-2.6,14,5,6.39,8.60829251361732,70,4,-2.6,0.000001,0.32,0.123076923076923,1.88744021244882,0.0430479065281593,4
W:14_L:5_NM:4_T:-2.6,14,5,6.39,8.60829251361732,70,4,-2.6,0.000001,0.332,0.127692307692308,1.90606875958715,0.0409437874359365,4
W:14_L:5_NM:4_T:-2.6,14,5,6.39,8.60829251361732,70,4,-2.6,0.000001,0.345,0.132692307692308,1.92196218518489,0.0390757902812613,4
W:14_L:5_NM:4_T:-2.6,14,5,6.39,8.60829251361732,70,4,-2.6,0.000001,0.357,0.137307692307692,1.93367247613669,0.0376536031961522,4
W:14_L:5_NM:4_T:-2.6,14,5,6.39,8.60829251361732,70,4,-2.6,0.000001,0.37,0.142307692307692,1.94395172017765,0.036350162700976,4
W:14_L:5_NM:4_T:-2.6,14,5,6.39,8.60829251361732,70,4,-2.6,0.000001,0.382,0.146923076923077,1.95175617338206,0.0353269639944856,4
W:14_L:5_NM:4_T:-2.6,14,5,6.39,8.60829251361732,70,4,-2.6,0.000001,0.395,0.151923076923077,1.95877937621283,0.0343743523886346,4
W:14_L:5_NM:4_T:-2.6,14,5,6.39,8.60829251361732,70,4,-2.6,0.000001,0.407,0.156538461538462,1.96422374006902,0.0336065888104956,4
W:14_L:5_NM:4_T:-2.6,14,5,6.39,8.60829251361732,70,4,-2.6,0.000001,0.42,0.161538461538462,1.9692268756373,0.032875170092248,4
W:14_L:5_NM:4_T:-2.6,14,5,6.39,8.60829251361732,70,4,-2.6,0.000001,0.432,0.166153846153846,1.97317379380586,0.0322766224689155,4
W:14_L:5_NM:4_T:-2.6,14,5,6.39,8.60829251361732,70,4,-2.6,0.000001,0.445,0.171153846153846,1.97680981701883,0.031704631624808,4
W:14_L:5_NM:4_T:-2.6,14,5,6.39,8.60829251361732,70,4,-2.6,0.000001,0.457,0.175769230769231,1.97974180740594,0.0312280604666158,4
W:14_L:5_NM:4_T:-2.6,14,5,6.39,8.60829251361732,70,4,-2.6,0.000001,0.47,0.180769230769231,1.98248985904959,0.0307636163363526,4
W:14_L:5_NM:4_T:-2.6,14,5,6.39,8.60829251361732,70,4,-2.6,0.000001,0.482,0.185384615384615,1.98471452997968,0.0303738991848836,4
W:14_L:5_NM:4_T:-2.6,14,5,6.39,8.60829251361732,70,4,-2.6,0.000001,0.495,0.190384615384615,1.98683524473689,0.0299805482949869,4
W:14_L:5_NM:4_T:-2.6,14,5,6.39,8.60829251361732,70,4,-2.6,0.000001,0.508,0.195384615384615,1.98865517668067,0.0296429643181914,2
W:14_L:5_NM:4_T:-2.6,14,5,6.39,8.60829251361732,70,4,-2.6,0.000001,0.52,0.2,1.99012040759019,0.0293555204984962,4
W:14_L:5_NM:4_T:-2.6,14,5,6.39,8.60829251361732,70,4,-2.6,0.000001,0.533,0.205,1.9915697463307,0.029053222696068,4
W:14_L:5_NM:4_T:-2.6,14,5,6.39,8.60829251361732,70,4,-2.6,0.000001,0.545,0.209615384615385,1.99271527922489,0.0288140117745936,4
W:14_L:5_NM:4_T:-2.6,14,5,6.39,8.60829251361732,70,4,-2.6,0.000001,0.558,0.214615384615385,1.99380537838132,0.0285736905944514,4
W:14_L:5_NM:4_T:-2.6,14,5,6.39,8.60829251361732,70,4,-2.6,0.000001,0.57,0.219230769230769,1.99471268964918,0.0283575840645942,4
W:14_L:5_NM:4_T:-2.6,14,5,6.39,8.60829251361732,70,4,-2.6,0.000001,0.583,0.224230769230769,1.99556642206425,0.0281456233972863,4
W:14_L:5_NM:4_T:-2.6,14,5,6.39,8.60829251361732,70,4,-2.6,0.000001,0.595,0.228846153846154,1.99625334027055,0.0279677969896243,4
W:14_L:5_NM:4_T:-2.6,14,5,6.39,8.60829251361732,70,4,-2.6,0.000001,0.608,0.233846153846154,1.99689631787803,0.0277939592887639,4
W:14_L:5_NM:4_T:-2.6,14,5,6.39,8.60829251361732,70,4,-2.6,0.000001,0.62,0.238461538461538,1.99742195805632,0.0276352345700026,4
W:14_L:5_NM:4_T:-2.6,14,5,6.39,8.60829251361732,70,4,-2.6,0.000001,0.633,0.243461538461538,1.99790325254786,0.027483526699133,2
W:14_L:5_NM:4_T:-2.6,14,5,6.39,8.60829251361732,70,4,-2.6,0.000001,0.645,0.248076923076923,1.99828530046935,0.027348816386237,4
W:14_L:5_NM:4_T:-2.6,14,5,6.39,8.60829251361732,70,4,-2.6,0.000001,0.658,0.253076923076923,1.99863354736056,0.027211100984292,2
W:14_L:5_NM:4_T:-2.6,14,5,6.39,8.60829251361732,70,4,-2.6,0.000001,0.67,0.257692307692308,1.99889377122385,0.0270966733115228,4
W:14_L:5_NM:4_T:-2.6,14,5,6.39,8.60829251361732,70,4,-2.6,0.000001,0.683,0.262692307692308,1.999120584718,0.0269820545247112,4
W:14_L:5_NM:4_T:-2.6,14,5,6.39,8.60829251361732,70,4,-2.6,0.000001,0.695,0.267307692307692,1.99928366363056,0.0268816676694221,4
W:14_L:5_NM:4_T:-2.6,14,5,6.39,8.60829251361732,70,4,-2.6,0.000001,0.708,0.272307692307692,1.99940740246032,0.0267852644598258,4
W:14_L:5_NM:4_T:-2.6,14,5,6.39,8.60829251361732,70,4,-2.6,0.000001,0.721,0.277307692307692,1.99948568220959,0.0266914780138531,4
W:14_L:5_NM:4_T:-2.6,14,5,6.39,8.60829251361732,70,4,-2.6,0.000001,0.733,0.281923076923077,1.99951774982993,0.0266118201981729,4
W:14_L:5_NM:4_T:-2.6,14,5,6.39,8.60829251361732,70,4,-2.6,0.000001,0.746,0.286923076923077,1.99951196346021,0.0265323886931922,4
W:14_L:5_NM:4_T:-2.6,14,5,6.39,8.60829251361732,70,4,-2.6,0.000001,0.758,0.291538461538462,1.99947035705148,0.0264667563308062,4
W:14_L:5_NM:4_T:-2.6,14,5,6.39,8.60829251361732,70,4,-2.6,0.000001,0.771,0.296538461538462,1.99939111039365,0.0263971967409452,4
W:14_L:5_NM:4_T:-2.6,14,5,6.39,8.60829251361732,70,4,-2.6,0.000001,0.783,0.301153846153846,1.99928582637125,0.0263383473141106,4
W:14_L:5_NM:4_T:-2.6,14,5,6.39,8.60829251361732,70,4,-2.6,0.000001,0.796,0.306153846153846,1.99913920059912,0.0262807033477684,4
W:14_L:5_NM:4_T:-2.6,14,5,6.39,8.60829251361732,70,4,-2.6,0.000001,0.808,0.310769230769231,1.99897406478692,0.0262335291801014,4
W:14_L:5_NM:4_T:-2.6,14,5,6.39,8.60829251361732,70,4,-2.6,0.000001,0.821,0.315769230769231,1.99876728198008,0.0261858801887261,4
W:14_L:5_NM:4_T:-2.6,14,5,6.39,8.60829251361732,70,4,-2.6,0.000001,0.833,0.320384615384615,1.99855284469994,0.0261446640164192,4
W:14_L:5_NM:4_T:-2.6,14,5,6.39,8.60829251361732,70,4,-2.6,0.000001,0.846,0.325384615384615,1.99829096509301,0.0261048420452185,4
W:14_L:5_NM:4_T:-2.6,14,5,6.39,8.60829251361732,70,4,-2.6,0.000001,0.858,0.33,1.99802834181756,0.0260713373125367,4
W:14_L:5_NM:4_T:-2.6,14,5,6.39,8.60829251361732,70,4,-2.6,0.000001,0.871,0.335,1.99771810712131,0.0260412678609955,4
W:14_L:5_NM:4_T:-2.6,14,5,6.39,8.60829251361732,70,4,-2.6,0.000001,0.883,0.339615384615385,1.9974106250274,0.0260140851829157,4
W:14_L:5_NM:4_T:-2.6,14,5,6.39,8.60829251361732,70,4,-2.6,0.000001,0.896,0.344615384615385,1.99705571646997,0.0259886818728577,2
W:14_L:5_NM:4_T:-2.6,14,5,6.39,8.60829251361732,70,4,-2.6,0.000001,0.909,0.349615384615385,1.99667888704901,0.025968608180536,5
W:14_L:5_NM:4_T:-2.6,14,5,6.39,8.60829251361732,70,4,-2.6,0.000001,0.921,0.354230769230769,1.99630757617662,0.0259576802571771,4
W:14_L:5_NM:4_T:-2.6,14,5,6.39,8.60829251361732,70,4,-2.6,0.000001,0.934,0.359230769230769,1.99589124793609,0.0259432583171187,2
W:14_L:5_NM:4_T:-2.6,14,5,6.39,8.60829251361732,70,4,-2.6,0.000001,0.946,0.363846153846154,1.995495825194,0.025927578765014,4
W:14_L:5_NM:4_T:-2.6,14,5,6.39,8.60829251361732,70,4,-2.6,0.000001,0.959,0.368846153846154,1.99503920895644,0.025923604240001,4
W:14_L:5_NM:4_T:-2.6,14,5,6.39,8.60829251361732,70,4,-2.6,0.000001,0.971,0.373461538461538,1.99460919454124,0.0259172264198329,4
W:14_L:5_NM:4_T:-2.6,14,5,6.39,8.60829251361732,70,4,-2.6,0.000001,0.984,0.378461538461538,1.99412409061979,0.025915199648806,4
W:14_L:5_NM:4_T:-2.6,14,5,6.39,8.60829251361732,70,4,-2.6,0.000001,0.996,0.383076923076923,1.99366934764314,0.0259101684346904,4
W:14_L:5_NM:4_T:-2.6,14,5,6.39,8.60829251361732,70,4,-2.6,0.000001,1.009,0.388076923076923,1.99315010208965,0.0259179145189231,4
W:14_L:5_NM:4_T:-2.6,14,5,6.39,8.60829251361732,70,4,-2.6,0.000001,1.021,0.392692307692308,1.99266452154466,0.0259223669162862,4
W:14_L:5_NM:4_T:-2.6,14,5,6.39,8.60829251361732,70,4,-2.6,0.000001,1.034,0.397692307692308,1.99213088022806,0.0259281252119541,4
W:14_L:5_NM:4_T:-2.6,14,5,6.39,8.60829251361732,70,4,-2.6,0.000001,1.046,0.402307692307692,1.99162030397604,0.0259395037281552,4
W:14_L:5_NM:4_T:-2.6,14,5,6.39,8.60829251361732,70,4,-2.6,0.000001,1.059,0.407307692307692,1.99106464434024,0.025947508831065,4
W:14_L:5_NM:4_T:-2.6,14,5,6.39,8.60829251361732,70,4,-2.6,0.000001,1.071,0.411923076923077,1.99052880445671,0.0259671492480288,4
W:14_L:5_NM:4_T:-2.6,14,5,6.39,8.60829251361732,70,4,-2.6,0.000001,1.084,0.416923076923077,1.98995510976568,0.0259807055894081,4
W:14_L:5_NM:4_T:-2.6,14,5,6.39,8.60829251361732,70,4,-2.6,0.000001,1.096,0.421538461538462,1.98940255455966,0.0260051790500136,4
W:14_L:5_NM:4_T:-2.6,14,5,6.39,8.60829251361732,70,4,-2.6,0.000001,1.109,0.426538461538462,1.98880282766902,0.0260281893169424,4
W:14_L:5_NM:4_T:-2.6,14,5,6.39,8.60829251361732,70,4,-2.6,0.000001,1.122,0.431538461538462,1.98820499602428,0.0260486080733775,4
W:14_L:5_NM:4_T:-2.6,14,5,6.39,8.60829251361732,70,4,-2.6,0.000001,1.134,0.436153846153846,1.987636424357,0.0260758395976023,4
W:14_L:5_NM:4_T:-2.6,14,5,6.39,8.60829251361732,70,4,-2.6,0.000001,1.147,0.441153846153846,1.987018590245,0.0261061364013424,4
W:14_L:5_NM:4_T:-2.6,14,5,6.39,8.60829251361732,70,4,-2.6,0.000001,1.159,0.445769230769231,1.98643141171393,0.026142552946673,4
W:14_L:5_NM:4_T:-2.6,14,5,6.39,8.60829251361732,70,4,-2.6,0.000001,1.172,0.450769230769231,1.98579941141031,0.0261796707629478,4
W:14_L:5_NM:4_T:-2.6,14,5,6.39,8.60829251361732,70,4,-2.6,0.000001,1.184,0.455384615384615,1.98522355269469,0.0262102276848105,4
W:14_L:5_NM:4_T:-2.6,14,5,6.39,8.60829251361732,70,4,-2.6,0.000001,1.197,0.460384615384615,1.98458396482675,0.0262525983204705,4
W:14_L:5_NM:4_T:-2.6,14,5,6.39,8.60829251361732,70,4,-2.6,0.000001,1.209,0.465,1.98398406972475,0.0262975889269929,4
W:14_L:5_NM:4_T:-2.6,14,5,6.39,8.60829251361732,70,4,-2.6,0.000001,1.222,0.47,1.98333791567781,0.0263463059616054,4
W:14_L:5_NM:4_T:-2.6,14,5,6.39,8.60829251361732,70,4,-2.6,0.000001,1.234,0.474615384615385,1.98274461525138,0.0263917607221986,4
W:14_L:5_NM:4_T:-2.6,14,5,6.39,8.60829251361732,70,4,-2.6,0.000001,1.247,0.479615384615385,1.98209082023183,0.026448918860504,4
W:14_L:5_NM:4_T:-2.6,14,5,6.39,8.60829251361732,70,4,-2.6,0.000001,1.259,0.484230769230769,1.98147287478188,0.0265104314102495,4
W:14_L:5_NM:4_T:-2.6,14,5,6.39,8.60829251361732,70,4,-2.6,0.000001,1.272,0.489230769230769,1.98082673797308,0.0265710652032585,4
W:14_L:5_NM:4_T:-2.6,14,5,6.39,8.60829251361732,70,4,-2.6,0.000001,1.284,0.493846153846154,1.98021567063641,0.0266382947857057,4
W:14_L:5_NM:4_T:-2.6,14,5,6.39,8.60829251361732,70,4,-2.6,0.000001,1.297,0.498846153846154,1.97953154755207,0.0267230983282848,4
W:14_L:5_NM:4_T:-2.6,14,5,6.39,8.60829251361732,70,4,-2.6,0.000001,1.31,0.503846153846154,1.97886332284675,0.0268106162146607,4
W:14_L:5_NM:4_T:-2.6,14,5,6.39,8.60829251361732,70,4,-2.6,0.000001,1.322,0.508461538461539,1.97823175285437,0.0269042262743727,2
W:14_L:5_NM:4_T:-2.6,14,5,6.39,8.60829251361732,70,4,-2.6,0.000001,1.335,0.513461538461538,1.97750733248184,0.0270372268733843,2
W:14_L:5_NM:4_T:-2.6,14,5,6.39,8.60829251361732,70,4,-2.6,0.000001,1.347,0.518076923076923,1.97684236824286,0.0272010663335303,4
W:14_L:5_NM:4_T:-2.6,14,5,6.39,8.60829251361732,70,4,-2.6,0.000001,1.36,0.523076923076923,1.97603838642045,0.0273742662237898,4
W:14_L:5_NM:4_T:-2.6,14,5,6.39,8.60829251361732,70,4,-2.6,0.000001,1.372,0.527692307692308,1.97522377136041,0.0276808699712149,4
W:14_L:5_NM:4_T:-2.6,14,5,6.39,8.60829251361732,70,4,-2.6,0.000001,1.385,0.532692307692308,1.9741533279672,0.0281389734249424,6
W:14_L:5_NM:4_T:-2.6,14,5,6.39,8.60829251361732,70,4,-2.6,0.000001,1.397,0.537307692307692,1.97264646011659,0.0292043796890461,7
W:14_L:5_NM:4_T:-2.6,14,5,6.39,8.60829251361732,70,4,-2.6,0.000001,1.41,0.542307692307692,1.96756242134761,0.0369508566110708,10
W:14_L:5_NM:4_T:-2.6,14,5,6.39,8.60829251361732,70,4,-2.6,0.000001,1.422,0.546923076923077,4.8965379113768,0.374992920999551,12
W:14_L:5_NM:4_T:-2.6,14,5,6.39,8.60829251361732,70,4,-2.6,0.000001,1.435,0.551923076923077,5.61450981420137,0.227452165750664,12
W:14_L:5_NM:4_T:-2.6,14,5,6.39,8.60829251361732,70,4,-2.6,0.000001,1.447,0.556538461538462,5.74111677224502,0.186757077004909,12
W:14_L:5_NM:4_T:-2.6,14,5,6.39,8.60829251361732,70,4,-2.6,0.000001,1.46,0.561538461538462,5.80300134300331,0.163199175697791,12
W:14_L:5_NM:4_T:-2.6,14,5,6.39,8.60829251361732,70,4,-2.6,0.000001,1.472,0.566153846153846,5.83529823867206,0.149327936748727,12
W:14_L:5_NM:4_T:-2.6,14,5,6.39,8.60829251361732,70,4,-2.6,0.000001,1.485,0.571153846153846,5.85531539955448,0.138548214993381,12
W:14_L:5_NM:4_T:-2.6,14,5,6.39,8.60829251361732,70,4,-2.6,0.000001,1.497,0.575769230769231,5.86867213792315,0.131217479170278,12
W:14_L:5_NM:4_T:-2.6,14,5,6.39,8.60829251361732,70,4,-2.6,0.000001,1.51,0.580769230769231,5.87822631055031,0.124845103786878,8
W:14_L:5_NM:4_T:-2.6,14,5,6.39,8.60829251361732,70,4,-2.6,0.000001,1.523,0.585769230769231,5.88468873086393,0.119755175293777,12
W:14_L:5_NM:4_T:-2.6,14,5,6.39,8.60829251361732,70,4,-2.6,0.000001,1.535,0.590384615384615,5.8891102257411,0.115711586221846,12
W:14_L:5_NM:4_T:-2.6,14,5,6.39,8.60829251361732,70,4,-2.6,0.000001,1.548,0.595384615384615,5.89200622763389,0.112253193929618,12
W:14_L:5_NM:4_T:-2.6,14,5,6.39,8.60829251361732,70,4,-2.6,0.000001,1.56,0.6,5.89415271650728,0.109484544131,12
W:14_L:5_NM:4_T:-2.6,14,5,6.39,8.60829251361732,70,4,-2.6,0.000001,1.573,0.605,5.89541474210879,0.106805854578639,12
W:14_L:5_NM:4_T:-2.6,14,5,6.39,8.60829251361732,70,4,-2.6,0.000001,1.585,0.609615384615385,5.89608223888971,0.104710063396724,12
W:14_L:5_NM:4_T:-2.6,14,5,6.39,8.60829251361732,70,4,-2.6,0.000001,1.598,0.614615384615385,5.89637975539359,0.102733144700236,12
W:14_L:5_NM:4_T:-2.6,14,5,6.39,8.60829251361732,70,4,-2.6,0.000001,1.61,0.619230769230769,5.89641020306987,0.101076279254926,12
W:14_L:5_NM:4_T:-2.6,14,5,6.39,8.60829251361732,70,4,-2.6,0.000001,1.623,0.624230769230769,5.89584847906512,0.0994677447038673,12
W:14_L:5_NM:4_T:-2.6,14,5,6.39,8.60829251361732,70,4,-2.6,0.000001,1.635,0.628846153846154,5.89503841971817,0.0982090215991758,12
W:14_L:5_NM:4_T:-2.6,14,5,6.39,8.60829251361732,70,4,-2.6,0.000001,1.648,0.633846153846154,5.89400323165495,0.0969428290135175,12
W:14_L:5_NM:4_T:-2.6,14,5,6.39,8.60829251361732,70,4,-2.6,0.000001,1.66,0.638461538461538,5.89289701695261,0.0958907198147038,12
W:14_L:5_NM:4_T:-2.6,14,5,6.39,8.60829251361732,70,4,-2.6,0.000001,1.673,0.643461538461538,5.89156900792208,0.0948590959944418,12
W:14_L:5_NM:4_T:-2.6,14,5,6.39,8.60829251361732,70,4,-2.6,0.000001,1.685,0.648076923076923,5.89019458446944,0.0939888359952073,12
W:14_L:5_NM:4_T:-2.6,14,5,6.39,8.60829251361732,70,4,-2.6,0.000001,1.698,0.653076923076923,5.88855427829943,0.0931483908673143,12
W:14_L:5_NM:4_T:-2.6,14,5,6.39,8.60829251361732,70,4,-2.6,0.000001,1.711,0.658076923076923,5.88682109878756,0.0923932329834165,12
W:14_L:5_NM:4_T:-2.6,14,5,6.39,8.60829251361732,70,4,-2.6,0.000001,1.723,0.662692307692308,5.88511686751942,0.0917651078137406,12
W:14_L:5_NM:4_T:-2.6,14,5,6.39,8.60829251361732,70,4,-2.6,0.000001,1.736,0.667692307692308,5.88323967093124,0.0911550966776421,12
W:14_L:5_NM:4_T:-2.6,14,5,6.39,8.60829251361732,70,4,-2.6,0.000001,1.748,0.672307692307692,5.88150666010575,0.0906446987521405,12
W:14_L:5_NM:4_T:-2.6,14,5,6.39,8.60829251361732,70,4,-2.6,0.000001,1.761,0.677307692307692,5.87970198718623,0.0901510259392075,12
W:14_L:5_NM:4_T:-2.6,14,5,6.39,8.60829251361732,70,4,-2.6,0.000001,1.773,0.681923076923077,5.87781056134204,0.0897357328247239,12
W:14_L:5_NM:4_T:-2.6,14,5,6.39,8.60829251361732,70,4,-2.6,0.000001,1.786,0.686923076923077,5.87575247389698,0.0893336458277277,12
W:14_L:5_NM:4_T:-2.6,14,5,6.39,8.60829251361732,70,4,-2.6,0.000001,1.798,0.691538461538462,5.87390676360423,0.0890059688589597,12
W:14_L:5_NM:4_T:-2.6,14,5,6.39,8.60829251361732,70,4,-2.6,0.000001,1.811,0.696538461538461,5.87190982485295,0.0886931865810869,12
W:14_L:5_NM:4_T:-2.6,14,5,6.39,8.60829251361732,70,4,-2.6,0.000001,1.823,0.701153846153846,5.87002088145451,0.0884433337237019,12
W:14_L:5_NM:4_T:-2.6,14,5,6.39,8.60829251361732,70,4,-2.6,0.000001,1.836,0.706153846153846,5.86782444976456,0.0882113138517572,12
W:14_L:5_NM:4_T:-2.6,14,5,6.39,8.60829251361732,70,4,-2.6,0.000001,1.848,0.710769230769231,5.86589571948063,0.0880337083209732,12
W:14_L:5_NM:4_T:-2.6,14,5,6.39,8.60829251361732,70,4,-2.6,0.000001,1.861,0.715769230769231,5.86369847565512,0.0878780900791988,12
W:14_L:5_NM:4_T:-2.6,14,5,6.39,8.60829251361732,70,4,-2.6,0.000001,1.873,0.720384615384615,5.86165131030958,0.087769128819834,12
W:14_L:5_NM:4_T:-2.6,14,5,6.39,8.60829251361732,70,4,-2.6,0.000001,1.886,0.725384615384615,5.85946252256729,0.08768965644079,12
W:14_L:5_NM:4_T:-2.6,14,5,6.39,8.60829251361732,70,4,-2.6,0.000001,1.898,0.73,5.85738521704519,0.0876510312393984,10
W:14_L:5_NM:4_T:-2.6,14,5,6.39,8.60829251361732,70,4,-2.6,0.000001,1.911,0.735,5.85487522080118,0.0876477279960117,12
W:14_L:5_NM:4_T:-2.6,14,5,6.39,8.60829251361732,70,4,-2.6,0.000001,1.924,0.74,5.85231204242949,0.087687274870099,12
W:14_L:5_NM:4_T:-2.6,14,5,6.39,8.60829251361732,70,4,-2.6,0.000001,1.936,0.744615384615385,5.84997911000235,0.0877659075253649,12
W:14_L:5_NM:4_T:-2.6,14,5,6.39,8.60829251361732,70,4,-2.6,0.000001,1.949,0.749615384615385,5.84710582623923,0.0878978817502501,12
W:14_L:5_NM:4_T:-2.6,14,5,6.39,8.60829251361732,70,4,-2.6,0.000001,1.961,0.754230769230769,5.84429954793497,0.0880687809149335,12
W:14_L:5_NM:4_T:-2.6,14,5,6.39,8.60829251361732,70,4,-2.6,0.000001,1.974,0.759230769230769,5.8408371249771,0.0883135789459085,12
W:14_L:5_NM:4_T:-2.6,14,5,6.39,8.60829251361732,70,4,-2.6,0.000001,1.986,0.763846153846154,5.83723404630627,0.0886033723930068,12
W:14_L:5_NM:4_T:-2.6,14,5,6.39,8.60829251361732,70,4,-2.6,0.000001,1.999,0.768846153846154,5.83299546661645,0.0890027309661983,12
W:14_L:5_NM:4_T:-2.6,14,5,6.39,8.60829251361732,70,4,-2.6,0.000001,2.011,0.773461538461539,5.82832505694706,0.0894646668099486,12
W:14_L:5_NM:4_T:-2.6,14,5,6.39,8.60829251361732,70,4,-2.6,0.000001,2.024,0.778461538461538,5.82255979582563,0.0900975182875299,12
W:14_L:5_NM:4_T:-2.6,14,5,6.39,8.60829251361732,70,4,-2.6,0.000001,2.036,0.783076923076923,5.81593470198886,0.0908383069952555,12
W:14_L:5_NM:4_T:-2.6,14,5,6.39,8.60829251361732,70,4,-2.6,0.000001,2.049,0.788076923076923,5.80694475315148,0.0918760931278471,12
W:14_L:5_NM:4_T:-2.6,14,5,6.39,8.60829251361732,70,4,-2.6,0.000001,2.061,0.792692307692308,5.79613016669142,0.0931438544701227,12
W:14_L:5_NM:4_T:-2.6,14,5,6.39,8.60829251361732,70,4,-2.6,0.000001,2.074,0.797692307692308,5.78061368173411,0.0950398994005196,12
W:14_L:5_NM:4_T:-2.6,14,5,6.39,8.60829251361732,70,4,-2.6,0.000001,2.086,0.802307692307692,5.75981786187191,0.0975731961197645,12
W:14_L:5_NM:4_T:-2.6,14,5,6.39,8.60829251361732,70,4,-2.6,0.000001,2.099,0.807307692307692,5.72606490320367,0.101912030074954,12
W:14_L:5_NM:4_T:-2.6,14,5,6.39,8.60829251361732,70,4,-2.6,0.000001,2.112,0.812307692307692,5.66683164171041,0.109912709611336,12
W:14_L:5_NM:4_T:-2.6,14,5,6.39,8.60829251361732,70,4,-2.6,0.000001,2.124,0.816923076923077,5.55346046013611,0.126902681954694,7
W:14_L:5_NM:4_T:-2.6,14,5,6.39,8.60829251361732,70,4,-2.6,0.000001,2.137,0.821923076923077,5.14080509766828,0.213056330210015,14
W:14_L:5_NM:4_T:-2.6,14,5,6.39,8.60829251361732,70,4,-2.6,0.000001,2.149,0.826538461538462,4.87482869027984,0.355493805784271,19
W:14_L:5_NM:4_T:-2.6,14,5,6.39,8.60829251361732,70,4,-2.6,0.000001,2.162,0.831538461538461,7.19739547439487,0.272157996382903,16
W:14_L:5_NM:4_T:-2.6,14,5,6.39,8.60829251361732,70,4,-2.6,0.000001,2.174,0.836153846153846,7.9238997993821,0.245785441880558,19
W:14_L:5_NM:4_T:-2.6,14,5,6.39,8.60829251361732,70,4,-2.6,0.000001,2.187,0.841153846153846,8.29583143921131,0.227294516298435,20
W:14_L:5_NM:4_T:-2.6,14,5,6.39,8.60829251361732,70,4,-2.6,0.000001,2.199,0.845769230769231,8.51304506398506,0.21527460430043,20
W:14_L:5_NM:4_T:-2.6,14,5,6.39,8.60829251361732,70,4,-2.6,0.000001,2.212,0.850769230769231,8.66936333671604,0.20613860250721,20
W:14_L:5_NM:4_T:-2.6,14,5,6.39,8.60829251361732,70,4,-2.6,0.000001,2.224,0.855384615384615,8.77914107254863,0.199571522810669,20
W:14_L:5_NM:4_T:-2.6,14,5,6.39,8.60829251361732,70,4,-2.6,0.000001,2.237,0.860384615384615,8.87315351691705,0.193949367431317,20
W:14_L:5_NM:4_T:-2.6,14,5,6.39,8.60829251361732,70,4,-2.6,0.000001,2.249,0.865,8.94444728130822,0.189721492837953,20
W:14_L:5_NM:4_T:-2.6,14,5,6.39,8.60829251361732,70,4,-2.6,0.000001,2.262,0.87,9.00967509790386,0.185930515643036,20
W:14_L:5_NM:4_T:-2.6,14,5,6.39,8.60829251361732,70,4,-2.6,0.000001,2.274,0.874615384615385,9.06156415624291,0.18299615108015,20
W:14_L:5_NM:4_T:-2.6,14,5,6.39,8.60829251361732,70,4,-2.6,0.000001,2.287,0.879615384615385,9.1111285675589,0.180307472074482,20
W:14_L:5_NM:4_T:-2.6,14,5,6.39,8.60829251361732,70,4,-2.6,0.000001,2.299,0.884230769230769,9.15155998552728,0.178192108083744,20
W:14_L:5_NM:4_T:-2.6,14,5,6.39,8.60829251361732,70,4,-2.6,0.000001,2.312,0.889230769230769,9.19061366870345,0.176230109015435,20
W:14_L:5_NM:4_T:-2.6,14,5,6.39,8.60829251361732,70,4,-2.6,0.000001,2.325,0.894230769230769,9.22623224564045,0.174566061602257,20
W:14_L:5_NM:4_T:-2.6,14,5,6.39,8.60829251361732,70,4,-2.6,0.000001,2.337,0.898846153846154,9.25564530724781,0.173249005330162,20
W:14_L:5_NM:4_T:-2.6,14,5,6.39,8.60829251361732,70,4,-2.6,0.000001,2.35,0.903846153846154,9.28533629268657,0.172042156100386,13
W:14_L:5_NM:4_T:-2.6,14,5,6.39,8.60829251361732,70,4,-2.6,0.000001,2.362,0.908461538461538,9.31035356017609,0.171104803749806,20
W:14_L:5_NM:4_T:-2.6,14,5,6.39,8.60829251361732,70,4,-2.6,0.000001,2.375,0.913461538461538,9.3348919414957,0.170261276299544,20
W:14_L:5_NM:4_T:-2.6,14,5,6.39,8.60829251361732,70,4,-2.6,0.000001,2.387,0.918076923076923,9.3558459987937,0.169633866008574,20
W:14_L:5_NM:4_T:-2.6,14,5,6.39,8.60829251361732,70,4,-2.6,0.000001,2.4,0.923076923076923,9.37682984261913,0.169113614591215,20
W:14_L:5_NM:4_T:-2.6,14,5,6.39,8.60829251361732,70,4,-2.6,0.000001,2.412,0.927692307692308,9.39449076372855,0.168775236669784,20
W:14_L:5_NM:4_T:-2.6,14,5,6.39,8.60829251361732,70,4,-2.6,0.000001,2.425,0.932692307692308,9.41159427277308,0.168561957243036,20
W:14_L:5_NM:4_T:-2.6,14,5,6.39,8.60829251361732,70,4,-2.6,0.000001,2.437,0.937307692307692,9.42573473478212,0.168517643745109,20
W:14_L:5_NM:4_T:-2.6,14,5,6.39,8.60829251361732,70,4,-2.6,0.000001,2.45,0.942307692307692,9.4389601295006,0.168657019615266,20
W:14_L:5_NM:4_T:-2.6,14,5,6.39,8.60829251361732,70,4,-2.6,0.000001,2.462,0.946923076923077,9.45002794791845,0.1690015442256,20
W:14_L:5_NM:4_T:-2.6,14,5,6.39,8.60829251361732,70,4,-2.6,0.000001,2.475,0.951923076923077,9.45876694720492,0.169660859941642,20
W:14_L:5_NM:4_T:-2.6,14,5,6.39,8.60829251361732,70,4,-2.6,0.000001,2.487,0.956538461538462,9.46466664849751,0.170681403532359,13
W:14_L:5_NM:4_T:-2.6,14,5,6.39,8.60829251361732,70,4,-2.6,0.000001,2.5,0.961538461538462,9.4676899387192,0.172552758073146,20
W:14_L:9_NM:8_T:-2.6,14,9,12.07,8.60829251361732,126,8,-2.6,0.000001,-2.5,-0.961538461538462,8.98698799521064,0.183629707980131,20
W:14_L:9_NM:8_T:-2.6,14,9,12.07,8.60829251361732,126,8,-2.6,0.000001,-2.487,-0.956538461538462,9.02031347549349,0.177003687979547,20
W:14_L:9_NM:8_T:-2.6,14,9,12.07,8.60829251361732,126,8,-2.6,0.000001,-2.475,-0.951923076923077,9.039079355896,0.173773392603432,20
W:14_L:9_NM:8_T:-2.6,14,9,12.07,8.60829251361732,126,8,-2.6,0.000001,-2.462,-0.946923076923077,9.05184503178658,0.171786402455721,20
W:14_L:9_NM:8_T:-2.6,14,9,12.07,8.60829251361732,126,8,-2.6,0.000001,-2.45,-0.942307692307692,9.06316154531486,0.170786376920506,20
W:14_L:9_NM:8_T:-2.6,14,9,12.07,8.60829251361732,126,8,-2.6,0.000001,-2.437,-0.937307692307692,9.07138731964002,0.170259028183564,20
W:14_L:9_NM:8_T:-2.6,14,9,12.07,8.60829251361732,126,8,-2.6,0.000001,-2.425,-0.932692307692308,9.0792451969238,0.170161213111499,20
W:14_L:9_NM:8_T:-2.6,14,9,12.07,8.60829251361732,126,8,-2.6,0.000001,-2.412,-0.927692307692308,9.08689081950763,0.170370719579928,20
W:14_L:9_NM:8_T:-2.6,14,9,12.07,8.60829251361732,126,8,-2.6,0.000001,-2.4,-0.923076923076923,9.09323845407993,0.170805367578473,20
W:14_L:9_NM:8_T:-2.6,14,9,12.07,8.60829251361732,126,8,-2.6,0.000001,-2.387,-0.918076923076923,9.09944101156911,0.171508065684553,20
W:14_L:9_NM:8_T:-2.6,14,9,12.07,8.60829251361732,126,8,-2.6,0.000001,-2.375,-0.913461538461538,9.10390903422281,0.172351277918306,20
W:14_L:9_NM:8_T:-2.6,14,9,12.07,8.60829251361732,126,8,-2.6,0.000001,-2.362,-0.908461538461538,9.10616376246601,0.173460337064374,20
W:14_L:9_NM:8_T:-2.6,14,9,12.07,8.60829251361732,126,8,-2.6,0.000001,-2.35,-0.903846153846154,9.10715822784125,0.174679511455867,20
W:14_L:9_NM:8_T:-2.6,14,9,12.07,8.60829251361732,126,8,-2.6,0.000001,-2.337,-0.898846153846154,9.10667652030445,0.176222244155628,20
W:14_L:9_NM:8_T:-2.6,14,9,12.07,8.60829251361732,126,8,-2.6,0.000001,-2.325,-0.894230769230769,9.10251157134695,0.177850506624823,19
W:14_L:9_NM:8_T:-2.6,14,9,12.07,8.60829251361732,126,8,-2.6,0.000001,-2.312,-0.889230769230769,9.09566918861502,0.179881874204007,20
W:14_L:9_NM:8_T:-2.6,14,9,12.07,8.60829251361732,126,8,-2.6,0.000001,-2.299,-0.884230769230769,9.08429301405602,0.182217524048827,20
W:14_L:9_NM:8_T:-2.6,14,9,12.07,8.60829251361732,126,8,-2.6,0.000001,-2.287,-0.879615384615385,9.06986417961138,0.184699221688429,20
W:14_L:9_NM:8_T:-2.6,14,9,12.07,8.60829251361732,126,8,-2.6,0.000001,-2.274,-0.874615384615385,9.04901318877473,0.18781300085037,20
W:14_L:9_NM:8_T:-2.6,14,9,12.07,8.60829251361732,126,8,-2.6,0.000001,-2.262,-0.87,9.02301490019145,0.191161217829232,20
W:14_L:9_NM:8_T:-2.6,14,9,12.07,8.60829251361732,126,8,-2.6,0.000001,-2.249,-0.865,8.98616991103314,0.195445149026257,20
W:14_L:9_NM:8_T:-2.6,14,9,12.07,8.60829251361732,126,8,-2.6,0.000001,-2.237,-0.860384615384615,8.94164850824277,0.20018514459946,20
W:14_L:9_NM:8_T:-2.6,14,9,12.07,8.60829251361732,126,8,-2.6,0.000001,-2.224,-0.855384615384615,8.87838154928968,0.206464866220959,20
W:14_L:9_NM:8_T:-2.6,14,9,12.07,8.60829251361732,126,8,-2.6,0.000001,-2.212,-0.850769230769231,8.79925229188749,0.213724333073496,20
W:14_L:9_NM:8_T:-2.6,14,9,12.07,8.60829251361732,126,8,-2.6,0.000001,-2.199,-0.845769230769231,8.68037617368303,0.223922300932615,20
W:14_L:9_NM:8_T:-2.6,14,9,12.07,8.60829251361732,126,8,-2.6,0.000001,-2.187,-0.841153846153846,8.5058268769001,0.237186754374664,20
W:14_L:9_NM:8_T:-2.6,14,9,12.07,8.60829251361732,126,8,-2.6,0.000001,-2.174,-0.836153846153846,8.19331343087825,0.257989140121736,18
W:14_L:9_NM:8_T:-2.6,14,9,12.07,8.60829251361732,126,8,-2.6,0.000001,-2.162,-0.831538461538461,7.55164160462882,0.29160337542826,16
W:14_L:9_NM:8_T:-2.6,14,9,12.07,8.60829251361732,126,8,-2.6,0.000001,-2.149,-0.826538461538462,4.82780828104174,0.500589250600764,18
W:14_L:9_NM:8_T:-2.6,14,9,12.07,8.60829251361732,126,8,-2.6,0.000001,-2.137,-0.821923076923077,5.21449616942483,0.172363356118453,14
W:14_L:9_NM:8_T:-2.6,14,9,12.07,8.60829251361732,126,8,-2.6,0.000001,-2.124,-0.816923076923077,5.49252798452173,0.111534151522526,17
W:14_L:9_NM:8_T:-2.6,14,9,12.07,8.60829251361732,126,8,-2.6,0.000001,-2.112,-0.812307692307692,5.56662791151739,0.100267277512334,12
W:14_L:9_NM:8_T:-2.6,14,9,12.07,8.60829251361732,126,8,-2.6,0.000001,-2.099,-0.807307692307692,5.60736106733339,0.09528013895968,12
W:14_L:9_NM:8_T:-2.6,14,9,12.07,8.60829251361732,126,8,-2.6,0.000001,-2.086,-0.802307692307692,5.63267445854791,0.0927159605411632,12
W:14_L:9_NM:8_T:-2.6,14,9,12.07,8.60829251361732,126,8,-2.6,0.000001,-2.074,-0.797692307692308,5.64919620946657,0.0912775885963628,12
W:14_L:9_NM:8_T:-2.6,14,9,12.07,8.60829251361732,126,8,-2.6,0.000001,-2.061,-0.792692307692308,5.66293699113722,0.0902414615506684,12
W:14_L:9_NM:8_T:-2.6,14,9,12.07,8.60829251361732,126,8,-2.6,0.000001,-2.049,-0.788076923076923,5.67307002916925,0.0895704622212744,12
W:14_L:9_NM:8_T:-2.6,14,9,12.07,8.60829251361732,126,8,-2.6,0.000001,-2.036,-0.783076923076923,5.68184735891443,0.0890380446176928,12
W:14_L:9_NM:8_T:-2.6,14,9,12.07,8.60829251361732,126,8,-2.6,0.000001,-2.024,-0.778461538461538,5.6883742378163,0.0886693064105788,12
W:14_L:9_NM:8_T:-2.6,14,9,12.07,8.60829251361732,126,8,-2.6,0.000001,-2.011,-0.773461538461539,5.69401930369663,0.088364535659759,12
W:14_L:9_NM:8_T:-2.6,14,9,12.07,8.60829251361732,126,8,-2.6,0.000001,-1.999,-0.768846153846154,5.69799428684601,0.088147665444863,12
W:14_L:9_NM:8_T:-2.6,14,9,12.07,8.60829251361732,126,8,-2.6,0.000001,-1.986,-0.763846153846154,5.70106984574772,0.0879667589975609,12
W:14_L:9_NM:8_T:-2.6,14,9,12.07,8.60829251361732,126,8,-2.6,0.000001,-1.974,-0.759230769230769,5.70288101072594,0.0878392839745066,8
W:14_L:9_NM:8_T:-2.6,14,9,12.07,8.60829251361732,126,8,-2.6,0.000001,-1.961,-0.754230769230769,5.70366918284632,0.0877359534218369,11
W:14_L:9_NM:8_T:-2.6,14,9,12.07,8.60829251361732,126,8,-2.6,0.000001,-1.949,-0.749615384615385,5.70358623774127,0.0876691070282983,12
W:14_L:9_NM:8_T:-2.6,14,9,12.07,8.60829251361732,126,8,-2.6,0.000001,-1.936,-0.744615384615385,5.70235232670071,0.0876216127651986,12
W:14_L:9_NM:8_T:-2.6,14,9,12.07,8.60829251361732,126,8,-2.6,0.000001,-1.924,-0.74,5.70047608306314,0.0876002982136021,12
W:14_L:9_NM:8_T:-2.6,14,9,12.07,8.60829251361732,126,8,-2.6,0.000001,-1.911,-0.735,5.69751033601543,0.0875979477959122,12
W:14_L:9_NM:8_T:-2.6,14,9,12.07,8.60829251361732,126,8,-2.6,0.000001,-1.898,-0.73,5.69353047341259,0.0876159942404665,12
W:14_L:9_NM:8_T:-2.6,14,9,12.07,8.60829251361732,126,8,-2.6,0.000001,-1.886,-0.725384615384615,5.68925913857624,0.0876521303170137,8
W:14_L:9_NM:8_T:-2.6,14,9,12.07,8.60829251361732,126,8,-2.6,0.000001,-1.873,-0.720384615384615,5.68382879182115,0.087711034645922,12
W:14_L:9_NM:8_T:-2.6,14,9,12.07,8.60829251361732,126,8,-2.6,0.000001,-1.861,-0.715769230769231,5.67823360104143,0.0877841883131399,12
W:14_L:9_NM:8_T:-2.6,14,9,12.07,8.60829251361732,126,8,-2.6,0.000001,-1.848,-0.710769230769231,5.67156233558133,0.0878853162810923,12
W:14_L:9_NM:8_T:-2.6,14,9,12.07,8.60829251361732,126,8,-2.6,0.000001,-1.836,-0.706153846153846,5.66493743046101,0.0879993913730209,12
W:14_L:9_NM:8_T:-2.6,14,9,12.07,8.60829251361732,126,8,-2.6,0.000001,-1.823,-0.701153846153846,5.65730154544629,0.0881477131644116,12
W:14_L:9_NM:8_T:-2.6,14,9,12.07,8.60829251361732,126,8,-2.6,0.000001,-1.811,-0.696538461538461,5.6499487233844,0.0883096728513085,12
W:14_L:9_NM:8_T:-2.6,14,9,12.07,8.60829251361732,126,8,-2.6,0.000001,-1.798,-0.691538461538462,5.64187375065206,0.0885179624249489,12
W:14_L:9_NM:8_T:-2.6,14,9,12.07,8.60829251361732,126,8,-2.6,0.000001,-1.786,-0.686923076923077,5.63419830607076,0.0887356337167231,12
W:14_L:9_NM:8_T:-2.6,14,9,12.07,8.60829251361732,126,8,-2.6,0.000001,-1.773,-0.681923076923077,5.62578920907167,0.0890093789924833,12
W:14_L:9_NM:8_T:-2.6,14,9,12.07,8.60829251361732,126,8,-2.6,0.000001,-1.761,-0.677307692307692,5.61798179252517,0.0892934563035385,12
W:14_L:9_NM:8_T:-2.6,14,9,12.07,8.60829251361732,126,8,-2.6,0.000001,-1.748,-0.672307692307692,5.60996113352971,0.0896556221954423,12
W:14_L:9_NM:8_T:-2.6,14,9,12.07,8.60829251361732,126,8,-2.6,0.000001,-1.736,-0.667692307692308,5.60263092973632,0.0900301975434914,12
W:14_L:9_NM:8_T:-2.6,14,9,12.07,8.60829251361732,126,8,-2.6,0.000001,-1.723,-0.662692307692308,5.59497660230822,0.0904895169036703,12
W:14_L:9_NM:8_T:-2.6,14,9,12.07,8.60829251361732,126,8,-2.6,0.000001,-1.711,-0.658076923076923,5.58822884157474,0.090969384544152,12
W:14_L:9_NM:8_T:-2.6,14,9,12.07,8.60829251361732,126,8,-2.6,0.000001,-1.698,-0.653076923076923,5.58141984081344,0.091558708048269,12
W:14_L:9_NM:8_T:-2.6,14,9,12.07,8.60829251361732,126,8,-2.6,0.000001,-1.685,-0.648076923076923,5.57517993731164,0.0922283851955344,12
W:14_L:9_NM:8_T:-2.6,14,9,12.07,8.60829251361732,126,8,-2.6,0.000001,-1.673,-0.643461538461538,5.5699378751691,0.09292696318293,8
W:14_L:9_NM:8_T:-2.6,14,9,12.07,8.60829251361732,126,8,-2.6,0.000001,-1.66,-0.638461538461538,5.56506011214685,0.0937825105833786,12
W:14_L:9_NM:8_T:-2.6,14,9,12.07,8.60829251361732,126,8,-2.6,0.000001,-1.648,-0.633846153846154,5.56126843950728,0.0946756722228599,12
W:14_L:9_NM:8_T:-2.6,14,9,12.07,8.60829251361732,126,8,-2.6,0.000001,-1.635,-0.628846153846154,5.55796415930212,0.0957722066487842,12
W:14_L:9_NM:8_T:-2.6,14,9,12.07,8.60829251361732,126,8,-2.6,0.000001,-1.623,-0.624230769230769,5.55600665237638,0.0969202707784899,12
W:14_L:9_NM:8_T:-2.6,14,9,12.07,8.60829251361732,126,8,-2.6,0.000001,-1.61,-0.619230769230769,5.55419667313973,0.0983398711014732,12
W:14_L:9_NM:8_T:-2.6,14,9,12.07,8.60829251361732,126,8,-2.6,0.000001,-1.598,-0.614615384615385,5.55344635623798,0.0998233744039062,9
W:14_L:9_NM:8_T:-2.6,14,9,12.07,8.60829251361732,126,8,-2.6,0.000001,-1.585,-0.609615384615385,5.55377493657228,0.101665429300072,12
W:14_L:9_NM:8_T:-2.6,14,9,12.07,8.60829251361732,126,8,-2.6,0.000001,-1.573,-0.605,5.55465513464447,0.103631435352106,12
W:14_L:9_NM:8_T:-2.6,14,9,12.07,8.60829251361732,126,8,-2.6,0.000001,-1.56,-0.6,5.55578831656765,0.106131275429312,12
W:14_L:9_NM:8_T:-2.6,14,9,12.07,8.60829251361732,126,8,-2.6,0.000001,-1.548,-0.595384615384615,5.557789685532,0.108784372974682,12
W:14_L:9_NM:8_T:-2.6,14,9,12.07,8.60829251361732,126,8,-2.6,0.000001,-1.535,-0.590384615384615,5.56050028290279,0.112208298486732,12
W:14_L:9_NM:8_T:-2.6,14,9,12.07,8.60829251361732,126,8,-2.6,0.000001,-1.523,-0.585769230769231,5.56124996322101,0.116044370334048,12
W:14_L:9_NM:8_T:-2.6,14,9,12.07,8.60829251361732,126,8,-2.6,0.000001,-1.51,-0.580769230769231,5.56199103916335,0.121053827929018,12
W:14_L:9_NM:8_T:-2.6,14,9,12.07,8.60829251361732,126,8,-2.6,0.000001,-1.497,-0.575769230769231,5.5600392933187,0.127321860212611,12
W:14_L:9_NM:8_T:-2.6,14,9,12.07,8.60829251361732,126,8,-2.6,0.000001,-1.485,-0.571153846153846,5.55437455630807,0.1345028646978,12
W:14_L:9_NM:8_T:-2.6,14,9,12.07,8.60829251361732,126,8,-2.6,0.000001,-1.472,-0.566153846153846,5.53953724541916,0.145289087710005,6
W:14_L:9_NM:8_T:-2.6,14,9,12.07,8.60829251361732,126,8,-2.6,0.000001,-1.46,-0.561538461538462,5.50993391673053,0.15875925748873,12
W:14_L:9_NM:8_T:-2.6,14,9,12.07,8.60829251361732,126,8,-2.6,0.000001,-1.447,-0.556538461538462,5.44206754451763,0.181815104075392,12
W:14_L:9_NM:8_T:-2.6,14,9,12.07,8.60829251361732,126,8,-2.6,0.000001,-1.435,-0.551923076923077,5.29330026388526,0.222312390007557,12
W:14_L:9_NM:8_T:-2.6,14,9,12.07,8.60829251361732,126,8,-2.6,0.000001,-1.422,-0.546923076923077,4.52276200875193,0.374607720606899,12
W:14_L:9_NM:8_T:-2.6,14,9,12.07,8.60829251361732,126,8,-2.6,0.000001,-1.41,-0.542307692307692,1.82579196254128,0.0687046960459017,12
W:14_L:9_NM:8_T:-2.6,14,9,12.07,8.60829251361732,126,8,-2.6,0.000001,-1.397,-0.537307692307692,1.92443953542185,0.0390856423282431,10
W:14_L:9_NM:8_T:-2.6,14,9,12.07,8.60829251361732,126,8,-2.6,0.000001,-1.385,-0.532692307692308,1.94514907700165,0.0337877906716545,7
W:14_L:9_NM:8_T:-2.6,14,9,12.07,8.60829251361732,126,8,-2.6,0.000001,-1.372,-0.527692307692308,1.95583743671159,0.0313812458088837,4
W:14_L:9_NM:8_T:-2.6,14,9,12.07,8.60829251361732,126,8,-2.6,0.000001,-1.36,-0.523076923076923,1.96186776392656,0.0301416782574753,4
W:14_L:9_NM:8_T:-2.6,14,9,12.07,8.60829251361732,126,8,-2.6,0.000001,-1.347,-0.518076923076923,1.96657624169659,0.0293319391201689,4
W:14_L:9_NM:8_T:-2.6,14,9,12.07,8.60829251361732,126,8,-2.6,0.000001,-1.335,-0.513461538461538,1.96996683618771,0.0287900052218613,4
W:14_L:9_NM:8_T:-2.6,14,9,12.07,8.60829251361732,126,8,-2.6,0.000001,-1.322,-0.508461538461539,1.97310842777838,0.0283690176339976,4
W:14_L:9_NM:8_T:-2.6,14,9,12.07,8.60829251361732,126,8,-2.6,0.000001,-1.31,-0.503846153846154,1.97564215206473,0.0280758102211052,4
W:14_L:9_NM:8_T:-2.6,14,9,12.07,8.60829251361732,126,8,-2.6,0.000001,-1.297,-0.498846153846154,1.97813058039155,0.0278245533000832,4
W:14_L:9_NM:8_T:-2.6,14,9,12.07,8.60829251361732,126,8,-2.6,0.000001,-1.284,-0.493846153846154,1.98046663456506,0.0276197560440555,4
W:14_L:9_NM:8_T:-2.6,14,9,12.07,8.60829251361732,126,8,-2.6,0.000001,-1.272,-0.489230769230769,1.98247013329421,0.0274633589292976,4
W:14_L:9_NM:8_T:-2.6,14,9,12.07,8.60829251361732,126,8,-2.6,0.000001,-1.259,-0.484230769230769,1.98450557789956,0.0273223757274199,4
W:14_L:9_NM:8_T:-2.6,14,9,12.07,8.60829251361732,126,8,-2.6,0.000001,-1.247,-0.479615384615385,1.98631317851926,0.0272071066612908,4
W:14_L:9_NM:8_T:-2.6,14,9,12.07,8.60829251361732,126,8,-2.6,0.000001,-1.234,-0.474615384615385,1.9881446258074,0.027100045942207,4
W:14_L:9_NM:8_T:-2.6,14,9,12.07,8.60829251361732,126,8,-2.6,0.000001,-1.222,-0.47,1.98972105126217,0.027014707217917,2
W:14_L:9_NM:8_T:-2.6,14,9,12.07,8.60829251361732,126,8,-2.6,0.000001,-1.209,-0.465,1.99131532505083,0.026931681917071,2
W:14_L:9_NM:8_T:-2.6,14,9,12.07,8.60829251361732,126,8,-2.6,0.000001,-1.197,-0.460384615384615,1.99267217620252,0.0268619921189759,4
W:14_L:9_NM:8_T:-2.6,14,9,12.07,8.60829251361732,126,8,-2.6,0.000001,-1.184,-0.455384615384615,1.99399194005449,0.0267952317364801,4
W:14_L:9_NM:8_T:-2.6,14,9,12.07,8.60829251361732,126,8,-2.6,0.000001,-1.172,-0.450769230769231,1.99505967650242,0.0267418890121643,4
W:14_L:9_NM:8_T:-2.6,14,9,12.07,8.60829251361732,126,8,-2.6,0.000001,-1.159,-0.445769230769231,1.9960573804679,0.0266865233298767,4
W:14_L:9_NM:8_T:-2.6,14,9,12.07,8.60829251361732,126,8,-2.6,0.000001,-1.147,-0.441153846153846,1.99681307215074,0.0266376473784433,4
W:14_L:9_NM:8_T:-2.6,14,9,12.07,8.60829251361732,126,8,-2.6,0.000001,-1.134,-0.436153846153846,1.99743107212372,0.0265912987572134,4
W:14_L:9_NM:8_T:-2.6,14,9,12.07,8.60829251361732,126,8,-2.6,0.000001,-1.122,-0.431538461538462,1.99781068315255,0.0265510622916925,4
W:14_L:9_NM:8_T:-2.6,14,9,12.07,8.60829251361732,126,8,-2.6,0.000001,-1.109,-0.426538461538462,1.99800511474548,0.0265132345950817,4
W:14_L:9_NM:8_T:-2.6,14,9,12.07,8.60829251361732,126,8,-2.6,0.000001,-1.096,-0.421538461538462,1.9979583099274,0.0264758557146736,4
W:14_L:9_NM:8_T:-2.6,14,9,12.07,8.60829251361732,126,8,-2.6,0.000001,-1.084,-0.416923076923077,1.99768756691562,0.0264406525966003,4
W:14_L:9_NM:8_T:-2.6,14,9,12.07,8.60829251361732,126,8,-2.6,0.000001,-1.071,-0.411923076923077,1.99716052976597,0.0264092063679399,4
W:14_L:9_NM:8_T:-2.6,14,9,12.07,8.60829251361732,126,8,-2.6,0.000001,-1.059,-0.407307692307692,1.9964203145855,0.0263775549335619,2
W:14_L:9_NM:8_T:-2.6,14,9,12.07,8.60829251361732,126,8,-2.6,0.000001,-1.046,-0.402307692307692,1.99537864401174,0.0263498903882159,4
W:14_L:9_NM:8_T:-2.6,14,9,12.07,8.60829251361732,126,8,-2.6,0.000001,-1.034,-0.397692307692308,1.99416234616573,0.0263225809085478,2
W:14_L:9_NM:8_T:-2.6,14,9,12.07,8.60829251361732,126,8,-2.6,0.000001,-1.021,-0.392692307692308,1.99260115405514,0.0262959974645121,4
W:14_L:9_NM:8_T:-2.6,14,9,12.07,8.60829251361732,126,8,-2.6,0.000001,-1.009,-0.388076923076923,1.99090581349195,0.0262721038679541,4
W:14_L:9_NM:8_T:-2.6,14,9,12.07,8.60829251361732,126,8,-2.6,0.000001,-0.996,-0.383076923076923,1.98879007421751,0.0262446923189173,4
W:14_L:9_NM:8_T:-2.6,14,9,12.07,8.60829251361732,126,8,-2.6,0.000001,-0.984,-0.378461538461538,1.98663906884977,0.0262252559252745,4
W:14_L:9_NM:8_T:-2.6,14,9,12.07,8.60829251361732,126,8,-2.6,0.000001,-0.971,-0.373461538461538,1.98403900842873,0.0262024235601289,4
W:14_L:9_NM:8_T:-2.6,14,9,12.07,8.60829251361732,126,8,-2.6,0.000001,-0.959,-0.368846153846154,1.98143750823529,0.0261834220907248,4
W:14_L:9_NM:8_T:-2.6,14,9,12.07,8.60829251361732,126,8,-2.6,0.000001,-0.946,-0.363846153846154,1.97836164370102,0.0261614131720967,4
W:14_L:9_NM:8_T:-2.6,14,9,12.07,8.60829251361732,126,8,-2.6,0.000001,-0.934,-0.359230769230769,1.97537641122915,0.0261471529057807,2
W:14_L:9_NM:8_T:-2.6,14,9,12.07,8.60829251361732,126,8,-2.6,0.000001,-0.921,-0.354230769230769,1.9719205556613,0.0261305922081841,4
W:14_L:9_NM:8_T:-2.6,14,9,12.07,8.60829251361732,126,8,-2.6,0.000001,-0.909,-0.349615384615385,1.96854548174507,0.0261143165029633,4
W:14_L:9_NM:8_T:-2.6,14,9,12.07,8.60829251361732,126,8,-2.6,0.000001,-0.896,-0.344615384615385,1.96476685794139,0.0261012705708179,4
W:14_L:9_NM:8_T:-2.6,14,9,12.07,8.60829251361732,126,8,-2.6,0.000001,-0.883,-0.339615384615385,1.96084284341395,0.0260916740867238,4
W:14_L:9_NM:8_T:-2.6,14,9,12.07,8.60829251361732,126,8,-2.6,0.000001,-0.871,-0.335,1.95711485606031,0.026085503675376,4
W:14_L:9_NM:8_T:-2.6,14,9,12.07,8.60829251361732,126,8,-2.6,0.000001,-0.858,-0.33,1.95301200125876,0.0260800364089062,4
W:14_L:9_NM:8_T:-2.6,14,9,12.07,8.60829251361732,126,8,-2.6,0.000001,-0.846,-0.325384615384615,1.94918269506831,0.0260791333493056,4
W:14_L:9_NM:8_T:-2.6,14,9,12.07,8.60829251361732,126,8,-2.6,0.000001,-0.833,-0.320384615384615,1.94496138165555,0.0260816340120854,4
W:14_L:9_NM:8_T:-2.6,14,9,12.07,8.60829251361732,126,8,-2.6,0.000001,-0.821,-0.315769230769231,1.94111735679776,0.026087768916281,4
W:14_L:9_NM:8_T:-2.6,14,9,12.07,8.60829251361732,126,8,-2.6,0.000001,-0.808,-0.310769230769231,1.93695004218444,0.0260981627427599,4
W:14_L:9_NM:8_T:-2.6,14,9,12.07,8.60829251361732,126,8,-2.6,0.000001,-0.796,-0.306153846153846,1.9331373509084,0.0261117084419464,4
W:14_L:9_NM:8_T:-2.6,14,9,12.07,8.60829251361732,126,8,-2.6,0.000001,-0.783,-0.301153846153846,1.92911503545351,0.0261325171510888,2
W:14_L:9_NM:8_T:-2.6,14,9,12.07,8.60829251361732,126,8,-2.6,0.000001,-0.771,-0.296538461538462,1.92549616247606,0.0261575910926184,4
W:14_L:9_NM:8_T:-2.6,14,9,12.07,8.60829251361732,126,8,-2.6,0.000001,-0.758,-0.291538461538462,1.92174031823614,0.0261912767733987,4
W:14_L:9_NM:8_T:-2.6,14,9,12.07,8.60829251361732,126,8,-2.6,0.000001,-0.746,-0.286923076923077,1.91846752334844,0.0262267614104324,4
W:14_L:9_NM:8_T:-2.6,14,9,12.07,8.60829251361732,126,8,-2.6,0.000001,-0.733,-0.281923076923077,1.91517721229921,0.0262738069053196,4
W:14_L:9_NM:8_T:-2.6,14,9,12.07,8.60829251361732,126,8,-2.6,0.000001,-0.721,-0.277307692307692,1.91232767675855,0.0263251279847352,4
W:14_L:9_NM:8_T:-2.6,14,9,12.07,8.60829251361732,126,8,-2.6,0.000001,-0.708,-0.272307692307692,1.90952337945232,0.0263899907202316,4
W:14_L:9_NM:8_T:-2.6,14,9,12.07,8.60829251361732,126,8,-2.6,0.000001,-0.695,-0.267307692307692,1.90704500546435,0.0264626097613979,4
W:14_L:9_NM:8_T:-2.6,14,9,12.07,8.60829251361732,126,8,-2.6,0.000001,-0.683,-0.262692307692308,1.90505213720434,0.0265416054521213,2
W:14_L:9_NM:8_T:-2.6,14,9,12.07,8.60829251361732,126,8,-2.6,0.000001,-0.67,-0.257692307692308,1.9033239433456,0.0266373630097366,4
W:14_L:9_NM:8_T:-2.6,14,9,12.07,8.60829251361732,126,8,-2.6,0.000001,-0.658,-0.253076923076923,1.9021344235646,0.0267373576307522,4
W:14_L:9_NM:8_T:-2.6,14,9,12.07,8.60829251361732,126,8,-2.6,0.000001,-0.645,-0.248076923076923,1.90123047794761,0.0268615881022393,4
W:14_L:9_NM:8_T:-2.6,14,9,12.07,8.60829251361732,126,8,-2.6,0.000001,-0.633,-0.243461538461538,1.90083401372326,0.0269891616785576,4
W:14_L:9_NM:8_T:-2.6,14,9,12.07,8.60829251361732,126,8,-2.6,0.000001,-0.62,-0.238461538461538,1.90093924354219,0.0271411538456418,4
W:14_L:9_NM:8_T:-2.6,14,9,12.07,8.60829251361732,126,8,-2.6,0.000001,-0.608,-0.233846153846154,1.90146573165377,0.0273017162796725,4
W:14_L:9_NM:8_T:-2.6,14,9,12.07,8.60829251361732,126,8,-2.6,0.000001,-0.595,-0.228846153846154,1.90267279512526,0.0274899465348845,4
W:14_L:9_NM:8_T:-2.6,14,9,12.07,8.60829251361732,126,8,-2.6,0.000001,-0.583,-0.224230769230769,1.90428306604788,0.0276858902257074,4
W:14_L:9_NM:8_T:-2.6,14,9,12.07,8.60829251361732,126,8,-2.6,0.000001,-0.57,-0.219230769230769,1.90659829861291,0.0279239279753066,4
W:14_L:9_NM:8_T:-2.6,14,9,12.07,8.60829251361732,126,8,-2.6,0.000001,-0.558,-0.214615384615385,1.90925618184317,0.0281708913003817,4
W:14_L:9_NM:8_T:-2.6,14,9,12.07,8.60829251361732,126,8,-2.6,0.000001,-0.545,-0.209615384615385,1.91286086304091,0.0284617916886951,4
W:14_L:9_NM:8_T:-2.6,14,9,12.07,8.60829251361732,126,8,-2.6,0.000001,-0.533,-0.205,1.91676939381616,0.0287612262506772,4
W:14_L:9_NM:8_T:-2.6,14,9,12.07,8.60829251361732,126,8,-2.6,0.000001,-0.52,-0.2,1.92148204906241,0.029133432818496,4
W:14_L:9_NM:8_T:-2.6,14,9,12.07,8.60829251361732,126,8,-2.6,0.000001,-0.508,-0.195384615384615,1.92650000900956,0.0295070704290093,4
W:14_L:9_NM:8_T:-2.6,14,9,12.07,8.60829251361732,126,8,-2.6,0.000001,-0.495,-0.190384615384615,1.93252306970031,0.0299621224820524,4
W:14_L:9_NM:8_T:-2.6,14,9,12.07,8.60829251361732,126,8,-2.6,0.000001,-0.482,-0.185384615384615,1.93892497964146,0.0304847386193443,4
W:14_L:9_NM:8_T:-2.6,14,9,12.07,8.60829251361732,126,8,-2.6,0.000001,-0.47,-0.180769230769231,1.94528088492473,0.0310252973077691,4
W:14_L:9_NM:8_T:-2.6,14,9,12.07,8.60829251361732,126,8,-2.6,0.000001,-0.457,-0.175769230769231,1.95243838541146,0.0316861997510845,4
W:14_L:9_NM:8_T:-2.6,14,9,12.07,8.60829251361732,126,8,-2.6,0.000001,-0.445,-0.171153846153846,1.95911238589154,0.0323814584533785,4
W:14_L:9_NM:8_T:-2.6,14,9,12.07,8.60829251361732,126,8,-2.6,0.000001,-0.432,-0.166153846153846,1.96610267139818,0.0332368328610937,4
W:14_L:9_NM:8_T:-2.6,14,9,12.07,8.60829251361732,126,8,-2.6,0.000001,-0.42,-0.161538461538462,1.97194951903399,0.0341493114928087,4
W:14_L:9_NM:8_T:-2.6,14,9,12.07,8.60829251361732,126,8,-2.6,0.000001,-0.407,-0.156538461538462,1.97702411237664,0.035289884078187,4
W:14_L:9_NM:8_T:-2.6,14,9,12.07,8.60829251361732,126,8,-2.6,0.000001,-0.395,-0.151923076923077,1.97976497351962,0.0365109330753139,4
W:14_L:9_NM:8_T:-2.6,14,9,12.07,8.60829251361732,126,8,-2.6,0.000001,-0.382,-0.146923076923077,1.97939871314449,0.0380538938227768,4
W:14_L:9_NM:8_T:-2.6,14,9,12.07,8.60829251361732,126,8,-2.6,0.000001,-0.37,-0.142307692307692,1.97444641586318,0.0397221413612477,4
W:14_L:9_NM:8_T:-2.6,14,9,12.07,8.60829251361732,126,8,-2.6,0.000001,-0.357,-0.137307692307692,1.96179221886332,0.0418412164184588,4
W:14_L:9_NM:8_T:-2.6,14,9,12.07,8.60829251361732,126,8,-2.6,0.000001,-0.345,-0.132692307692308,1.94034973654969,0.0441325827720312,4
W:14_L:9_NM:8_T:-2.6,14,9,12.07,8.60829251361732,126,8,-2.6,0.000001,-0.332,-0.127692307692308,1.90271083493984,0.0470198451492066,3
W:14_L:9_NM:8_T:-2.6,14,9,12.07,8.60829251361732,126,8,-2.6,0.000001,-0.32,-0.123076923076923,1.8500631650722,0.0500590467209999,2
W:14_L:9_NM:8_T:-2.6,14,9,12.07,8.60829251361732,126,8,-2.6,0.000001,-0.307,-0.118076923076923,1.76925177396366,0.0537094936622999,4
W:14_L:9_NM:8_T:-2.6,14,9,12.07,8.60829251361732,126,8,-2.6,0.000001,-0.294,-0.113076923076923,1.66008325977014,0.057523491761253,4
W:14_L:9_NM:8_T:-2.6,14,9,12.07,8.60829251361732,126,8,-2.6,0.000001,-0.282,-0.108461538461538,1.53636587770079,0.0608860072190273,4
W:14_L:9_NM:8_T:-2.6,14,9,12.07,8.60829251361732,126,8,-2.6,0.000001,-0.269,-0.103461538461538,1.38734441925076,0.0639247623189598,4
W:14_L:9_NM:8_T:-2.6,14,9,12.07,8.60829251361732,126,8,-2.6,0.000001,-0.257,-0.0988461538461539,1.25224620017976,0.0657688309307274,4
W:14_L:9_NM:8_T:-2.6,14,9,12.07,8.60829251361732,126,8,-2.6,0.000001,-0.244,-0.0938461538461538,1.12904031488234,0.0665910708001702,4
W:14_L:9_NM:8_T:-2.6,14,9,12.07,8.60829251361732,126,8,-2.6,0.000001,-0.232,-0.0892307692307692,1.0506351000259,0.06648752438332,4
W:14_L:9_NM:8_T:-2.6,14,9,12.07,8.60829251361732,126,8,-2.6,0.000001,-0.219,-0.0842307692307692,1.00704490600042,0.0663136293480053,4
W:14_L:9_NM:8_T:-2.6,14,9,12.07,8.60829251361732,126,8,-2.6,0.000001,-0.207,-0.0796153846153846,0.997616805537865,0.0680244293148999,4
W:14_L:9_NM:8_T:-2.6,14,9,12.07,8.60829251361732,126,8,-2.6,0.000001,-0.194,-0.0746153846153846,0.999921323115785,0.0845917929360454,4
W:14_L:9_NM:8_T:-2.6,14,9,12.07,8.60829251361732,126,8,-2.6,0.000001,-0.182,-0.07,1.33745303345328,0.904813024665464,4
W:14_L:9_NM:8_T:-2.6,14,9,12.07,8.60829251361732,126,8,-2.6,0.000001,-0.169,-0.065,1.26519942929712,0.0874317822317379,4
W:14_L:9_NM:8_T:-2.6,14,9,12.07,8.60829251361732,126,8,-2.6,0.000001,-0.157,-0.0603846153846154,1.26420831120131,0.0640779922005988,4
W:14_L:9_NM:8_T:-2.6,14,9,12.07,8.60829251361732,126,8,-2.6,0.000001,-0.144,-0.0553846153846154,1.30733120285369,0.0599530823549054,4
W:14_L:9_NM:8_T:-2.6,14,9,12.07,8.60829251361732,126,8,-2.6,0.000001,-0.132,-0.0507692307692308,1.35553118567853,0.0594067976281409,4
W:14_L:9_NM:8_T:-2.6,14,9,12.07,8.60829251361732,126,8,-2.6,0.000001,-0.119,-0.0457692307692308,1.41010165442633,0.0602849037952264,4
W:14_L:9_NM:8_T:-2.6,14,9,12.07,8.60829251361732,126,8,-2.6,0.000001,-0.107,-0.0411538461538462,1.46164589858233,0.0621003512404592,4
W:14_L:9_NM:8_T:-2.6,14,9,12.07,8.60829251361732,126,8,-2.6,0.000001,-0.094,-0.0361538461538462,1.51776857713638,0.0652080355537374,4
W:14_L:9_NM:8_T:-2.6,14,9,12.07,8.60829251361732,126,8,-2.6,0.000001,-0.081,-0.0311538461538462,1.57610317951473,0.0697770669640165,4
W:14_L:9_NM:8_T:-2.6,14,9,12.07,8.60829251361732,126,8,-2.6,0.000001,-0.069,-0.0265384615384615,1.63337242859813,0.0758426735379415,4
W:14_L:9_NM:8_T:-2.6,14,9,12.07,8.60829251361732,126,8,-2.6,0.000001,-0.056,-0.0215384615384615,1.70009264490293,0.0856728178960705,4
W:14_L:9_NM:8_T:-2.6,14,9,12.07,8.60829251361732,126,8,-2.6,0.000001,-0.044,-0.0169230769230769,1.76985848339596,0.100069046159578,4
W:14_L:9_NM:8_T:-2.6,14,9,12.07,8.60829251361732,126,8,-2.6,0.000001,-0.031,-0.0119230769230769,1.8563658960347,0.128185751466748,4
W:14_L:9_NM:8_T:-2.6,14,9,12.07,8.60829251361732,126,8,-2.6,0.000001,-0.019,-0.00730769230769231,1.94564124678785,0.186164140616169,4
W:14_L:9_NM:8_T:-2.6,14,9,12.07,8.60829251361732,126,8,-2.6,0.000001,-0.006,-0.00230769230769231,1.98368449289854,0.456563214333518,4
W:14_L:9_NM:8_T:-2.6,14,9,12.07,8.60829251361732,126,8,-2.6,0.000001,0.006,0.00230769230769231,1.98368430083108,0.456564384499354,8
W:14_L:9_NM:8_T:-2.6,14,9,12.07,8.60829251361732,126,8,-2.6,0.000001,0.019,0.00730769230769231,1.94564138428863,0.186164295682063,4
W:14_L:9_NM:8_T:-2.6,14,9,12.07,8.60829251361732,126,8,-2.6,0.000001,0.031,0.0119230769230769,1.85636605873651,0.128185813460065,4
W:14_L:9_NM:8_T:-2.6,14,9,12.07,8.60829251361732,126,8,-2.6,0.000001,0.044,0.0169230769230769,1.76985861006555,0.100069076772297,4
W:14_L:9_NM:8_T:-2.6,14,9,12.07,8.60829251361732,126,8,-2.6,0.000001,0.056,0.0215384615384615,1.70009276723992,0.0856728363665035,4
W:14_L:9_NM:8_T:-2.6,14,9,12.07,8.60829251361732,126,8,-2.6,0.000001,0.069,0.0265384615384615,1.63337253152473,0.0758426856091326,2
W:14_L:9_NM:8_T:-2.6,14,9,12.07,8.60829251361732,126,8,-2.6,0.000001,0.081,0.0311538461538462,1.576103255446,0.0697770754690596,4
W:14_L:9_NM:8_T:-2.6,14,9,12.07,8.60829251361732,126,8,-2.6,0.000001,0.094,0.0361538461538462,1.51776866338446,0.0652080412204653,4
W:14_L:9_NM:8_T:-2.6,14,9,12.07,8.60829251361732,126,8,-2.6,0.000001,0.107,0.0411538461538462,1.46164596926421,0.0621003555343406,2
W:14_L:9_NM:8_T:-2.6,14,9,12.07,8.60829251361732,126,8,-2.6,0.000001,0.119,0.0457692307692308,1.41010170397219,0.0602849066588436,4
W:14_L:9_NM:8_T:-2.6,14,9,12.07,8.60829251361732,126,8,-2.6,0.000001,0.132,0.0507692307692308,1.35553124258689,0.0594067988673405,4
W:14_L:9_NM:8_T:-2.6,14,9,12.07,8.60829251361732,126,8,-2.6,0.000001,0.144,0.0553846153846154,1.30733125573108,0.0599530803380517,4
W:14_L:9_NM:8_T:-2.6,14,9,12.07,8.60829251361732,126,8,-2.6,0.000001,0.157,0.0603846153846154,1.2642083490972,0.0640779826940687,4
W:14_L:9_NM:8_T:-2.6,14,9,12.07,8.60829251361732,126,8,-2.6,0.000001,0.169,0.065,1.26519928708814,0.087431689328347,4
W:14_L:9_NM:8_T:-2.6,14,9,12.07,8.60829251361732,126,8,-2.6,0.000001,0.182,0.07,1.3374583999495,0.904820307215989,4
W:14_L:9_NM:8_T:-2.6,14,9,12.07,8.60829251361732,126,8,-2.6,0.000001,0.194,0.0746153846153846,0.999921316643616,0.0845918501872568,4
W:14_L:9_NM:8_T:-2.6,14,9,12.07,8.60829251361732,126,8,-2.6,0.000001,0.207,0.0796153846153846,0.99761680596816,0.0680244362246282,4
W:14_L:9_NM:8_T:-2.6,14,9,12.07,8.60829251361732,126,8,-2.6,0.000001,0.219,0.0842307692307692,1.00704487723357,0.066313630450844,4
W:14_L:9_NM:8_T:-2.6,14,9,12.07,8.60829251361732,126,8,-2.6,0.000001,0.232,0.0892307692307692,1.05063502531393,0.0664875241761174,4
W:14_L:9_NM:8_T:-2.6,14,9,12.07,8.60829251361732,126,8,-2.6,0.000001,0.244,0.0938461538461538,1.12904019419897,0.0665910714696879,4
W:14_L:9_NM:8_T:-2.6,14,9,12.07,8.60829251361732,126,8,-2.6,0.000001,0.257,0.0988461538461539,1.25224605257488,0.0657688322442193,4
W:14_L:9_NM:8_T:-2.6,14,9,12.07,8.60829251361732,126,8,-2.6,0.000001,0.269,0.103461538461538,1.38734423622515,0.0639247653962355,5
W:14_L:9_NM:8_T:-2.6,14,9,12.07,8.60829251361732,126,8,-2.6,0.000001,0.282,0.108461538461538,1.53636571202026,0.0608860114189756,4
W:14_L:9_NM:8_T:-2.6,14,9,12.07,8.60829251361732,126,8,-2.6,0.000001,0.294,0.113076923076923,1.66008312607495,0.0575234956875336,4
W:14_L:9_NM:8_T:-2.6,14,9,12.07,8.60829251361732,126,8,-2.6,0.000001,0.307,0.118076923076923,1.76925165846097,0.0537094987546439,4
W:14_L:9_NM:8_T:-2.6,14,9,12.07,8.60829251361732,126,8,-2.6,0.000001,0.32,0.123076923076923,1.85006308511559,0.0500590509390211,4
W:14_L:9_NM:8_T:-2.6,14,9,12.07,8.60829251361732,126,8,-2.6,0.000001,0.332,0.127692307692308,1.90271077662704,0.0470198490275206,4
W:14_L:9_NM:8_T:-2.6,14,9,12.07,8.60829251361732,126,8,-2.6,0.000001,0.345,0.132692307692308,1.94034970143375,0.0441325858546067,4
W:14_L:9_NM:8_T:-2.6,14,9,12.07,8.60829251361732,126,8,-2.6,0.000001,0.357,0.137307692307692,1.96179219798006,0.0418412194577767,4
W:14_L:9_NM:8_T:-2.6,14,9,12.07,8.60829251361732,126,8,-2.6,0.000001,0.37,0.142307692307692,1.97444640682294,0.0397221435085556,4
W:14_L:9_NM:8_T:-2.6,14,9,12.07,8.60829251361732,126,8,-2.6,0.000001,0.382,0.146923076923077,1.9793987104923,0.0380538958178909,4
W:14_L:9_NM:8_T:-2.6,14,9,12.07,8.60829251361732,126,8,-2.6,0.000001,0.395,0.151923076923077,1.97976497575513,0.0365109349156823,4
W:14_L:9_NM:8_T:-2.6,14,9,12.07,8.60829251361732,126,8,-2.6,0.000001,0.407,0.156538461538462,1.9770241183884,0.0352898853724257,4
W:14_L:9_NM:8_T:-2.6,14,9,12.07,8.60829251361732,126,8,-2.6,0.000001,0.42,0.161538461538462,1.97194952728068,0.0341493129526445,4
W:14_L:9_NM:8_T:-2.6,14,9,12.07,8.60829251361732,126,8,-2.6,0.000001,0.432,0.166153846153846,1.96610267951575,0.0332368341633683,4
W:14_L:9_NM:8_T:-2.6,14,9,12.07,8.60829251361732,126,8,-2.6,0.000001,0.445,0.171153846153846,1.95911239642358,0.0323814593502803,4
W:14_L:9_NM:8_T:-2.6,14,9,12.07,8.60829251361732,126,8,-2.6,0.000001,0.457,0.175769230769231,1.95243839580071,0.0316862005800509,4
W:14_L:9_NM:8_T:-2.6,14,9,12.07,8.60829251361732,126,8,-2.6,0.000001,0.47,0.180769230769231,1.94528089463077,0.0310252981521542,4
W:14_L:9_NM:8_T:-2.6,14,9,12.07,8.60829251361732,126,8,-2.6,0.000001,0.482,0.185384615384615,1.93892498901159,0.0304847393660088,4
W:14_L:9_NM:8_T:-2.6,14,9,12.07,8.60829251361732,126,8,-2.6,0.000001,0.495,0.190384615384615,1.93252307969356,0.0299621229768968,4
W:14_L:9_NM:8_T:-2.6,14,9,12.07,8.60829251361732,126,8,-2.6,0.000001,0.508,0.195384615384615,1.92650001857771,0.0295070709106866,2
W:14_L:9_NM:8_T:-2.6,14,9,12.07,8.60829251361732,126,8,-2.6,0.000001,0.52,0.2,1.92148205830273,0.0291334332088072,4
W:14_L:9_NM:8_T:-2.6,14,9,12.07,8.60829251361732,126,8,-2.6,0.000001,0.533,0.205,1.9167694014694,0.0287612266633907,4
W:14_L:9_NM:8_T:-2.6,14,9,12.07,8.60829251361732,126,8,-2.6,0.000001,0.545,0.209615384615385,1.91286087005247,0.0284617920463731,4
W:14_L:9_NM:8_T:-2.6,14,9,12.07,8.60829251361732,126,8,-2.6,0.000001,0.558,0.214615384615385,1.90925618595314,0.0281708917514164,4
W:14_L:9_NM:8_T:-2.6,14,9,12.07,8.60829251361732,126,8,-2.6,0.000001,0.57,0.219230769230769,1.90659830425965,0.0279239282428361,4
W:14_L:9_NM:8_T:-2.6,14,9,12.07,8.60829251361732,126,8,-2.6,0.000001,0.583,0.224230769230769,1.90428307074241,0.0276858904720077,4
W:14_L:9_NM:8_T:-2.6,14,9,12.07,8.60829251361732,126,8,-2.6,0.000001,0.595,0.228846153846154,1.90267279854557,0.0274899467965012,4
W:14_L:9_NM:8_T:-2.6,14,9,12.07,8.60829251361732,126,8,-2.6,0.000001,0.608,0.233846153846154,1.90146573413949,0.0273017165179373,4
W:14_L:9_NM:8_T:-2.6,14,9,12.07,8.60829251361732,126,8,-2.6,0.000001,0.62,0.238461538461538,1.90093924547184,0.0271411540680052,4
W:14_L:9_NM:8_T:-2.6,14,9,12.07,8.60829251361732,126,8,-2.6,0.000001,0.633,0.243461538461538,1.90083401342716,0.0269891619440225,2
W:14_L:9_NM:8_T:-2.6,14,9,12.07,8.60829251361732,126,8,-2.6,0.000001,0.645,0.248076923076923,1.9012304775232,0.0268615882696695,4
W:14_L:9_NM:8_T:-2.6,14,9,12.07,8.60829251361732,126,8,-2.6,0.000001,0.658,0.253076923076923,1.9021344225805,0.0267373578125091,2
W:14_L:9_NM:8_T:-2.6,14,9,12.07,8.60829251361732,126,8,-2.6,0.000001,0.67,0.257692307692308,1.90332394111429,0.0266373631623602,4
W:14_L:9_NM:8_T:-2.6,14,9,12.07,8.60829251361732,126,8,-2.6,0.000001,0.683,0.262692307692308,1.90505213556913,0.026541605562278,4
W:14_L:9_NM:8_T:-2.6,14,9,12.07,8.60829251361732,126,8,-2.6,0.000001,0.695,0.267307692307692,1.90704500141887,0.0264626100097735,4
W:14_L:9_NM:8_T:-2.6,14,9,12.07,8.60829251361732,126,8,-2.6,0.000001,0.708,0.272307692307692,1.90952337472646,0.0263899908327621,4
W:14_L:9_NM:8_T:-2.6,14,9,12.07,8.60829251361732,126,8,-2.6,0.000001,0.721,0.277307692307692,1.91232767198157,0.0263251280832342,4
W:14_L:9_NM:8_T:-2.6,14,9,12.07,8.60829251361732,126,8,-2.6,0.000001,0.733,0.281923076923077,1.91517720717621,0.0262738070102803,4
W:14_L:9_NM:8_T:-2.6,14,9,12.07,8.60829251361732,126,8,-2.6,0.000001,0.746,0.286923076923077,1.91846751794438,0.0262267614981219,4
W:14_L:9_NM:8_T:-2.6,14,9,12.07,8.60829251361732,126,8,-2.6,0.000001,0.758,0.291538461538462,1.92174031380549,0.0261912767547218,4
W:14_L:9_NM:8_T:-2.6,14,9,12.07,8.60829251361732,126,8,-2.6,0.000001,0.771,0.296538461538462,1.92549615693516,0.0261575911178283,4
W:14_L:9_NM:8_T:-2.6,14,9,12.07,8.60829251361732,126,8,-2.6,0.000001,0.783,0.301153846153846,1.92911502986668,0.0261325171872371,4
W:14_L:9_NM:8_T:-2.6,14,9,12.07,8.60829251361732,126,8,-2.6,0.000001,0.796,0.306153846153846,1.93313734469545,0.026111708476215,4
W:14_L:9_NM:8_T:-2.6,14,9,12.07,8.60829251361732,126,8,-2.6,0.000001,0.808,0.310769230769231,1.93695003729793,0.0260981627921886,4
W:14_L:9_NM:8_T:-2.6,14,9,12.07,8.60829251361732,126,8,-2.6,0.000001,0.821,0.315769230769231,1.94111735098905,0.0260877688924543,4
W:14_L:9_NM:8_T:-2.6,14,9,12.07,8.60829251361732,126,8,-2.6,0.000001,0.833,0.320384615384615,1.94496137633969,0.0260816340994338,4
W:14_L:9_NM:8_T:-2.6,14,9,12.07,8.60829251361732,126,8,-2.6,0.000001,0.846,0.325384615384615,1.94918268874922,0.0260791334047199,4
W:14_L:9_NM:8_T:-2.6,14,9,12.07,8.60829251361732,126,8,-2.6,0.000001,0.858,0.33,1.95301199562803,0.0260800363271961,4
W:14_L:9_NM:8_T:-2.6,14,9,12.07,8.60829251361732,126,8,-2.6,0.000001,0.871,0.335,1.95711485162947,0.0260855035922636,4
W:14_L:9_NM:8_T:-2.6,14,9,12.07,8.60829251361732,126,8,-2.6,0.000001,0.883,0.339615384615385,1.96084283911288,0.026091674104284,4
W:14_L:9_NM:8_T:-2.6,14,9,12.07,8.60829251361732,126,8,-2.6,0.000001,0.896,0.344615384615385,1.96476685379553,0.0261012706592615,2
W:14_L:9_NM:8_T:-2.6,14,9,12.07,8.60829251361732,126,8,-2.6,0.000001,0.909,0.349615384615385,1.96854547637661,0.0261143164905618,5
W:14_L:9_NM:8_T:-2.6,14,9,12.07,8.60829251361732,126,8,-2.6,0.000001,0.921,0.354230769230769,1.97192055096859,0.0261305922324642,4
W:14_L:9_NM:8_T:-2.6,14,9,12.07,8.60829251361732,126,8,-2.6,0.000001,0.934,0.359230769230769,1.97537640708417,0.0261471529346905,2
W:14_L:9_NM:8_T:-2.6,14,9,12.07,8.60829251361732,126,8,-2.6,0.000001,0.946,0.363846153846154,1.97836163890319,0.0261614131275143,4
W:14_L:9_NM:8_T:-2.6,14,9,12.07,8.60829251361732,126,8,-2.6,0.000001,0.959,0.368846153846154,1.98143750432471,0.0261834221259202,4
W:14_L:9_NM:8_T:-2.6,14,9,12.07,8.60829251361732,126,8,-2.6,0.000001,0.971,0.373461538461538,1.98403900446201,0.0262024235189256,4
W:14_L:9_NM:8_T:-2.6,14,9,12.07,8.60829251361732,126,8,-2.6,0.000001,0.984,0.378461538461538,1.98663906489284,0.0262252559002805,4
W:14_L:9_NM:8_T:-2.6,14,9,12.07,8.60829251361732,126,8,-2.6,0.000001,0.996,0.383076923076923,1.98879007070647,0.0262446922528107,4
W:14_L:9_NM:8_T:-2.6,14,9,12.07,8.60829251361732,126,8,-2.6,0.000001,1.009,0.388076923076923,1.99090581103586,0.0262721039007486,4
W:14_L:9_NM:8_T:-2.6,14,9,12.07,8.60829251361732,126,8,-2.6,0.000001,1.021,0.392692307692308,1.9926011515735,0.0262959974195039,4
W:14_L:9_NM:8_T:-2.6,14,9,12.07,8.60829251361732,126,8,-2.6,0.000001,1.034,0.397692307692308,1.994162343751,0.0263225808151127,4
W:14_L:9_NM:8_T:-2.6,14,9,12.07,8.60829251361732,126,8,-2.6,0.000001,1.046,0.402307692307692,1.9953786421103,0.0263498903599455,4
W:14_L:9_NM:8_T:-2.6,14,9,12.07,8.60829251361732,126,8,-2.6,0.000001,1.059,0.407307692307692,1.99642031338398,0.0263775549597888,4
W:14_L:9_NM:8_T:-2.6,14,9,12.07,8.60829251361732,126,8,-2.6,0.000001,1.071,0.411923076923077,1.9971605290583,0.0264092064161622,4
W:14_L:9_NM:8_T:-2.6,14,9,12.07,8.60829251361732,126,8,-2.6,0.000001,1.084,0.416923076923077,1.99768756647439,0.0264406526376605,4
W:14_L:9_NM:8_T:-2.6,14,9,12.07,8.60829251361732,126,8,-2.6,0.000001,1.096,0.421538461538462,1.99795830976548,0.0264758557561629,4
W:14_L:9_NM:8_T:-2.6,14,9,12.07,8.60829251361732,126,8,-2.6,0.000001,1.109,0.426538461538462,1.99800511484447,0.0265132346185152,4
W:14_L:9_NM:8_T:-2.6,14,9,12.07,8.60829251361732,126,8,-2.6,0.000001,1.122,0.431538461538462,1.9978106834971,0.0265510622165373,4
W:14_L:9_NM:8_T:-2.6,14,9,12.07,8.60829251361732,126,8,-2.6,0.000001,1.134,0.436153846153846,1.99743107274089,0.0265912987545271,4
W:14_L:9_NM:8_T:-2.6,14,9,12.07,8.60829251361732,126,8,-2.6,0.000001,1.147,0.441153846153846,1.99681307295615,0.0266376473968773,4
W:14_L:9_NM:8_T:-2.6,14,9,12.07,8.60829251361732,126,8,-2.6,0.000001,1.159,0.445769230769231,1.99605738154526,0.0266865232948406,4
W:14_L:9_NM:8_T:-2.6,14,9,12.07,8.60829251361732,126,8,-2.6,0.000001,1.172,0.450769230769231,1.99505967816968,0.0267418888450398,4
W:14_L:9_NM:8_T:-2.6,14,9,12.07,8.60829251361732,126,8,-2.6,0.000001,1.184,0.455384615384615,1.99399194153723,0.0267952316799749,4
W:14_L:9_NM:8_T:-2.6,14,9,12.07,8.60829251361732,126,8,-2.6,0.000001,1.197,0.460384615384615,1.99267217791305,0.0268619920533593,4
W:14_L:9_NM:8_T:-2.6,14,9,12.07,8.60829251361732,126,8,-2.6,0.000001,1.209,0.465,1.99131532678013,0.0269316818636613,4
W:14_L:9_NM:8_T:-2.6,14,9,12.07,8.60829251361732,126,8,-2.6,0.000001,1.222,0.47,1.98972105343214,0.0270147070851266,4
W:14_L:9_NM:8_T:-2.6,14,9,12.07,8.60829251361732,126,8,-2.6,0.000001,1.234,0.474615384615385,1.98814462852045,0.0271000457529326,4
W:14_L:9_NM:8_T:-2.6,14,9,12.07,8.60829251361732,126,8,-2.6,0.000001,1.247,0.479615384615385,1.98631318114746,0.0272071064821953,4
W:14_L:9_NM:8_T:-2.6,14,9,12.07,8.60829251361732,126,8,-2.6,0.000001,1.259,0.484230769230769,1.98450558003481,0.0273223756029175,4
W:14_L:9_NM:8_T:-2.6,14,9,12.07,8.60829251361732,126,8,-2.6,0.000001,1.272,0.489230769230769,1.98247013610942,0.0274633587045106,4
W:14_L:9_NM:8_T:-2.6,14,9,12.07,8.60829251361732,126,8,-2.6,0.000001,1.284,0.493846153846154,1.9804666372623,0.0276197558359831,4
W:14_L:9_NM:8_T:-2.6,14,9,12.07,8.60829251361732,126,8,-2.6,0.000001,1.297,0.498846153846154,1.9781305827559,0.0278245530357881,4
W:14_L:9_NM:8_T:-2.6,14,9,12.07,8.60829251361732,126,8,-2.6,0.000001,1.31,0.503846153846154,1.9756421545764,0.0280758098385904,4
W:14_L:9_NM:8_T:-2.6,14,9,12.07,8.60829251361732,126,8,-2.6,0.000001,1.322,0.508461538461539,1.97310843132601,0.0283690171712166,2
W:14_L:9_NM:8_T:-2.6,14,9,12.07,8.60829251361732,126,8,-2.6,0.000001,1.335,0.513461538461538,1.96996683940089,0.0287900047365936,2
W:14_L:9_NM:8_T:-2.6,14,9,12.07,8.60829251361732,126,8,-2.6,0.000001,1.347,0.518076923076923,1.96657624703232,0.0293319385927565,4
W:14_L:9_NM:8_T:-2.6,14,9,12.07,8.60829251361732,126,8,-2.6,0.000001,1.36,0.523076923076923,1.96186777013583,0.0301416770192381,4
W:14_L:9_NM:8_T:-2.6,14,9,12.07,8.60829251361732,126,8,-2.6,0.000001,1.372,0.527692307692308,1.95583744565028,0.031381244248561,4
W:14_L:9_NM:8_T:-2.6,14,9,12.07,8.60829251361732,126,8,-2.6,0.000001,1.385,0.532692307692308,1.94514909562326,0.033787785894678,6
W:14_L:9_NM:8_T:-2.6,14,9,12.07,8.60829251361732,126,8,-2.6,0.000001,1.397,0.537307692307692,1.92443958265155,0.0390856285215785,7
W:14_L:9_NM:8_T:-2.6,14,9,12.07,8.60829251361732,126,8,-2.6,0.000001,1.41,0.542307692307692,1.82579236706238,0.068704558808803,10
W:14_L:9_NM:8_T:-2.6,14,9,12.07,8.60829251361732,126,8,-2.6,0.000001,1.422,0.546923076923077,4.52275789123378,0.374610111598794,12
W:14_L:9_NM:8_T:-2.6,14,9,12.07,8.60829251361732,126,8,-2.6,0.000001,1.435,0.551923076923077,5.29330033456549,0.222312388422756,12
W:14_L:9_NM:8_T:-2.6,14,9,12.07,8.60829251361732,126,8,-2.6,0.000001,1.447,0.556538461538462,5.44206725168332,0.181815159226545,12
W:14_L:9_NM:8_T:-2.6,14,9,12.07,8.60829251361732,126,8,-2.6,0.000001,1.46,0.561538461538462,5.5099337619835,0.15875928610691,12
W:14_L:9_NM:8_T:-2.6,14,9,12.07,8.60829251361732,126,8,-2.6,0.000001,1.472,0.566153846153846,5.53953723588947,0.145289106201715,12
W:14_L:9_NM:8_T:-2.6,14,9,12.07,8.60829251361732,126,8,-2.6,0.000001,1.485,0.571153846153846,5.55437453098164,0.134502864877463,12
W:14_L:9_NM:8_T:-2.6,14,9,12.07,8.60829251361732,126,8,-2.6,0.000001,1.497,0.575769230769231,5.56003929566959,0.127321872155154,12
W:14_L:9_NM:8_T:-2.6,14,9,12.07,8.60829251361732,126,8,-2.6,0.000001,1.51,0.580769230769231,5.56199103193808,0.121053837881812,8
W:14_L:9_NM:8_T:-2.6,14,9,12.07,8.60829251361732,126,8,-2.6,0.000001,1.523,0.585769230769231,5.56124997283464,0.116044376957714,12
W:14_L:9_NM:8_T:-2.6,14,9,12.07,8.60829251361732,126,8,-2.6,0.000001,1.535,0.590384615384615,5.56050028766847,0.112208305028403,12
W:14_L:9_NM:8_T:-2.6,14,9,12.07,8.60829251361732,126,8,-2.6,0.000001,1.548,0.595384615384615,5.55778967057537,0.108784377603655,12
W:14_L:9_NM:8_T:-2.6,14,9,12.07,8.60829251361732,126,8,-2.6,0.000001,1.56,0.6,5.55578831350625,0.106131279122978,12
W:14_L:9_NM:8_T:-2.6,14,9,12.07,8.60829251361732,126,8,-2.6,0.000001,1.573,0.605,5.5546551468243,0.103631437366402,12
W:14_L:9_NM:8_T:-2.6,14,9,12.07,8.60829251361732,126,8,-2.6,0.000001,1.585,0.609615384615385,5.55377493493689,0.101665432463444,12
W:14_L:9_NM:8_T:-2.6,14,9,12.07,8.60829251361732,126,8,-2.6,0.000001,1.598,0.614615384615385,5.55344634635212,0.0998233771517495,12
W:14_L:9_NM:8_T:-2.6,14,9,12.07,8.60829251361732,126,8,-2.6,0.000001,1.61,0.619230769230769,5.55419666934261,0.0983398732281986,12
W:14_L:9_NM:8_T:-2.6,14,9,12.07,8.60829251361732,126,8,-2.6,0.000001,1.623,0.624230769230769,5.55600664806417,0.0969202725718065,12
W:14_L:9_NM:8_T:-2.6,14,9,12.07,8.60829251361732,126,8,-2.6,0.000001,1.635,0.628846153846154,5.55796415844217,0.0957722082037591,12
W:14_L:9_NM:8_T:-2.6,14,9,12.07,8.60829251361732,126,8,-2.6,0.000001,1.648,0.633846153846154,5.56126843717984,0.094675673650332,12
W:14_L:9_NM:8_T:-2.6,14,9,12.07,8.60829251361732,126,8,-2.6,0.000001,1.66,0.638461538461538,5.56506010669701,0.0937825118670474,12
W:14_L:9_NM:8_T:-2.6,14,9,12.07,8.60829251361732,126,8,-2.6,0.000001,1.673,0.643461538461538,5.56993786289741,0.09292696430617,12
W:14_L:9_NM:8_T:-2.6,14,9,12.07,8.60829251361732,126,8,-2.6,0.000001,1.685,0.648076923076923,5.57517993244118,0.092228386235465,12
W:14_L:9_NM:8_T:-2.6,14,9,12.07,8.60829251361732,126,8,-2.6,0.000001,1.698,0.653076923076923,5.58141983006779,0.0915587089150304,12
W:14_L:9_NM:8_T:-2.6,14,9,12.07,8.60829251361732,126,8,-2.6,0.000001,1.711,0.658076923076923,5.58822882735646,0.0909693853274514,12
W:14_L:9_NM:8_T:-2.6,14,9,12.07,8.60829251361732,126,8,-2.6,0.000001,1.723,0.662692307692308,5.59497658541318,0.0904895176198054,12
W:14_L:9_NM:8_T:-2.6,14,9,12.07,8.60829251361732,126,8,-2.6,0.000001,1.736,0.667692307692308,5.60263091765323,0.0900301981939064,12
W:14_L:9_NM:8_T:-2.6,14,9,12.07,8.60829251361732,126,8,-2.6,0.000001,1.748,0.672307692307692,5.60996113063013,0.0896556231698825,12
W:14_L:9_NM:8_T:-2.6,14,9,12.07,8.60829251361732,126,8,-2.6,0.000001,1.761,0.677307692307692,5.61798178498851,0.0892934568768287,12
W:14_L:9_NM:8_T:-2.6,14,9,12.07,8.60829251361732,126,8,-2.6,0.000001,1.773,0.681923076923077,5.62578918978183,0.0890093794383683,12
W:14_L:9_NM:8_T:-2.6,14,9,12.07,8.60829251361732,126,8,-2.6,0.000001,1.786,0.686923076923077,5.63419828907023,0.0887356341106305,12
W:14_L:9_NM:8_T:-2.6,14,9,12.07,8.60829251361732,126,8,-2.6,0.000001,1.798,0.691538461538462,5.64187373571945,0.0885179627574605,12
W:14_L:9_NM:8_T:-2.6,14,9,12.07,8.60829251361732,126,8,-2.6,0.000001,1.811,0.696538461538461,5.64994871021383,0.0883096731371533,12
W:14_L:9_NM:8_T:-2.6,14,9,12.07,8.60829251361732,126,8,-2.6,0.000001,1.823,0.701153846153846,5.65730153009133,0.0881477133931515,12
W:14_L:9_NM:8_T:-2.6,14,9,12.07,8.60829251361732,126,8,-2.6,0.000001,1.836,0.706153846153846,5.66493741761216,0.0879993915762442,12
W:14_L:9_NM:8_T:-2.6,14,9,12.07,8.60829251361732,126,8,-2.6,0.000001,1.848,0.710769230769231,5.67156231873439,0.0878853164308613,12
W:14_L:9_NM:8_T:-2.6,14,9,12.07,8.60829251361732,126,8,-2.6,0.000001,1.861,0.715769230769231,5.67823358842025,0.0877841884409817,12
W:14_L:9_NM:8_T:-2.6,14,9,12.07,8.60829251361732,126,8,-2.6,0.000001,1.873,0.720384615384615,5.68382877811777,0.0877110347372601,12
W:14_L:9_NM:8_T:-2.6,14,9,12.07,8.60829251361732,126,8,-2.6,0.000001,1.886,0.725384615384615,5.68925912313841,0.0876521303647202,12
W:14_L:9_NM:8_T:-2.6,14,9,12.07,8.60829251361732,126,8,-2.6,0.000001,1.898,0.73,5.6935304615073,0.0876159942803373,10
W:14_L:9_NM:8_T:-2.6,14,9,12.07,8.60829251361732,126,8,-2.6,0.000001,1.911,0.735,5.69751032716472,0.0875979478100552,12
W:14_L:9_NM:8_T:-2.6,14,9,12.07,8.60829251361732,126,8,-2.6,0.000001,1.924,0.74,5.70047607874115,0.0876002982290574,12
W:14_L:9_NM:8_T:-2.6,14,9,12.07,8.60829251361732,126,8,-2.6,0.000001,1.936,0.744615384615385,5.70235231697783,0.0876216127035108,12
W:14_L:9_NM:8_T:-2.6,14,9,12.07,8.60829251361732,126,8,-2.6,0.000001,1.949,0.749615384615385,5.70358623028828,0.0876691069414246,12
W:14_L:9_NM:8_T:-2.6,14,9,12.07,8.60829251361732,126,8,-2.6,0.000001,1.961,0.754230769230769,5.70366918644221,0.0877359533627883,12
W:14_L:9_NM:8_T:-2.6,14,9,12.07,8.60829251361732,126,8,-2.6,0.000001,1.974,0.759230769230769,5.70288100238879,0.0878392837734628,12
W:14_L:9_NM:8_T:-2.6,14,9,12.07,8.60829251361732,126,8,-2.6,0.000001,1.986,0.763846153846154,5.70106985015098,0.087966758829119,12
W:14_L:9_NM:8_T:-2.6,14,9,12.07,8.60829251361732,126,8,-2.6,0.000001,1.999,0.768846153846154,5.69799428505211,0.0881476651550574,12
W:14_L:9_NM:8_T:-2.6,14,9,12.07,8.60829251361732,126,8,-2.6,0.000001,2.011,0.773461538461539,5.69401930389083,0.0883645352863587,12
W:14_L:9_NM:8_T:-2.6,14,9,12.07,8.60829251361732,126,8,-2.6,0.000001,2.024,0.778461538461538,5.68837423908922,0.0886693059191682,12
W:14_L:9_NM:8_T:-2.6,14,9,12.07,8.60829251361732,126,8,-2.6,0.000001,2.036,0.783076923076923,5.68184736150702,0.0890380439765616,12
W:14_L:9_NM:8_T:-2.6,14,9,12.07,8.60829251361732,126,8,-2.6,0.000001,2.049,0.788076923076923,5.6730700381184,0.0895704613772744,12
W:14_L:9_NM:8_T:-2.6,14,9,12.07,8.60829251361732,126,8,-2.6,0.000001,2.061,0.792692307692308,5.66293700231335,0.0902414603794484,12
W:14_L:9_NM:8_T:-2.6,14,9,12.07,8.60829251361732,126,8,-2.6,0.000001,2.074,0.797692307692308,5.64919622331237,0.0912775868355221,12
W:14_L:9_NM:8_T:-2.6,14,9,12.07,8.60829251361732,126,8,-2.6,0.000001,2.086,0.802307692307692,5.63267448011985,0.0927159578484698,12
W:14_L:9_NM:8_T:-2.6,14,9,12.07,8.60829251361732,126,8,-2.6,0.000001,2.099,0.807307692307692,5.60736110037769,0.0952801341379659,12
W:14_L:9_NM:8_T:-2.6,14,9,12.07,8.60829251361732,126,8,-2.6,0.000001,2.112,0.812307692307692,5.56662797617845,0.100267267103717,12
W:14_L:9_NM:8_T:-2.6,14,9,12.07,8.60829251361732,126,8,-2.6,0.000001,2.124,0.816923076923077,5.49252814562077,0.111534122066134,7
W:14_L:9_NM:8_T:-2.6,14,9,12.07,8.60829251361732,126,8,-2.6,0.000001,2.137,0.821923076923077,5.21449708493505,0.17236310029214,14
W:14_L:9_NM:8_T:-2.6,14,9,12.07,8.60829251361732,126,8,-2.6,0.000001,2.149,0.826538461538462,4.82780898069161,0.500589374797202,19
W:14_L:9_NM:8_T:-2.6,14,9,12.07,8.60829251361732,126,8,-2.6,0.000001,2.162,0.831538461538461,7.55164013975091,0.291603334774906,16
W:14_L:9_NM:8_T:-2.6,14,9,12.07,8.60829251361732,126,8,-2.6,0.000001,2.174,0.836153846153846,8.19331227970589,0.257989198174528,19
W:14_L:9_NM:8_T:-2.6,14,9,12.07,8.60829251361732,126,8,-2.6,0.000001,2.187,0.841153846153846,8.50582641871355,0.237186786595667,20
W:14_L:9_NM:8_T:-2.6,14,9,12.07,8.60829251361732,126,8,-2.6,0.000001,2.199,0.845769230769231,8.68037591968183,0.223922318260894,20
W:14_L:9_NM:8_T:-2.6,14,9,12.07,8.60829251361732,126,8,-2.6,0.000001,2.212,0.850769230769231,8.79925211610384,0.213724346387599,20
W:14_L:9_NM:8_T:-2.6,14,9,12.07,8.60829251361732,126,8,-2.6,0.000001,2.224,0.855384615384615,8.87838142839212,0.206464876318819,20
W:14_L:9_NM:8_T:-2.6,14,9,12.07,8.60829251361732,126,8,-2.6,0.000001,2.237,0.860384615384615,8.94164841538071,0.200185152712104,20
W:14_L:9_NM:8_T:-2.6,14,9,12.07,8.60829251361732,126,8,-2.6,0.000001,2.249,0.865,8.98616985512677,0.195445155967624,20
W:14_L:9_NM:8_T:-2.6,14,9,12.07,8.60829251361732,126,8,-2.6,0.000001,2.262,0.87,9.02301484084174,0.1911612234497,20
W:14_L:9_NM:8_T:-2.6,14,9,12.07,8.60829251361732,126,8,-2.6,0.000001,2.274,0.874615384615385,9.04901315963118,0.187813005822253,20
W:14_L:9_NM:8_T:-2.6,14,9,12.07,8.60829251361732,126,8,-2.6,0.000001,2.287,0.879615384615385,9.06986414190592,0.184699225831466,20
W:14_L:9_NM:8_T:-2.6,14,9,12.07,8.60829251361732,126,8,-2.6,0.000001,2.299,0.884230769230769,9.08429299177812,0.182217527737213,20
W:14_L:9_NM:8_T:-2.6,14,9,12.07,8.60829251361732,126,8,-2.6,0.000001,2.312,0.889230769230769,9.09566917109784,0.179881877399602,20
W:14_L:9_NM:8_T:-2.6,14,9,12.07,8.60829251361732,126,8,-2.6,0.000001,2.325,0.894230769230769,9.10251154621309,0.177850509306039,20
W:14_L:9_NM:8_T:-2.6,14,9,12.07,8.60829251361732,126,8,-2.6,0.000001,2.337,0.898846153846154,9.10667651391274,0.176222246617803,20
W:14_L:9_NM:8_T:-2.6,14,9,12.07,8.60829251361732,126,8,-2.6,0.000001,2.35,0.903846153846154,9.107158222203,0.174679513562958,13
W:14_L:9_NM:8_T:-2.6,14,9,12.07,8.60829251361732,126,8,-2.6,0.000001,2.362,0.908461538461538,9.10616375963001,0.173460338880115,20
W:14_L:9_NM:8_T:-2.6,14,9,12.07,8.60829251361732,126,8,-2.6,0.000001,2.375,0.913461538461538,9.10390903040418,0.172351279409548,20
W:14_L:9_NM:8_T:-2.6,14,9,12.07,8.60829251361732,126,8,-2.6,0.000001,2.387,0.918076923076923,9.09944103082839,0.171508067067889,20
W:14_L:9_NM:8_T:-2.6,14,9,12.07,8.60829251361732,126,8,-2.6,0.000001,2.4,0.923076923076923,9.09323846418177,0.170805368540939,20
W:14_L:9_NM:8_T:-2.6,14,9,12.07,8.60829251361732,126,8,-2.6,0.000001,2.412,0.927692307692308,9.08689082152554,0.170370720136537,20
W:14_L:9_NM:8_T:-2.6,14,9,12.07,8.60829251361732,126,8,-2.6,0.000001,2.425,0.932692307692308,9.07924520468191,0.17016121328872,20
W:14_L:9_NM:8_T:-2.6,14,9,12.07,8.60829251361732,126,8,-2.6,0.000001,2.437,0.937307692307692,9.07138733397028,0.170259027920804,20
W:14_L:9_NM:8_T:-2.6,14,9,12.07,8.60829251361732,126,8,-2.6,0.000001,2.45,0.942307692307692,9.06316154522811,0.170786375880538,20
W:14_L:9_NM:8_T:-2.6,14,9,12.07,8.60829251361732,126,8,-2.6,0.000001,2.462,0.946923076923077,9.05184502498347,0.171786400312097,20
W:14_L:9_NM:8_T:-2.6,14,9,12.07,8.60829251361732,126,8,-2.6,0.000001,2.475,0.951923076923077,9.03907935673829,0.173773388875742,20
W:14_L:9_NM:8_T:-2.6,14,9,12.07,8.60829251361732,126,8,-2.6,0.000001,2.487,0.956538461538462,9.020313529716,0.177003681677708,13
W:14_L:9_NM:8_T:-2.6,14,9,12.07,8.60829251361732,126,8,-2.6,0.000001,2.5,0.961538461538462,8.98698800732874,0.183629694893267,20
W:36_L:5_NM:11_T:-2.6,36,5,6.39,22.1356093207303,180,11,-2.6,0.000001,-2.5,-0.961538461538462,27.4480991890002,0.249117431029118,35
W:36_L:5_NM:11_T:-2.6,36,5,6.39,22.1356093207303,180,11,-2.6,0.000001,-2.487,-0.956538461538462,27.3031867931605,0.256912381718061,39
W:36_L:5_NM:11_T:-2.6,36,5,6.39,22.1356093207303,180,11,-2.6,0.000001,-2.475,-0.951923076923077,27.0541139757767,0.270881951179705,27
W:36_L:5_NM:11_T:-2.6,36,5,6.39,22.1356093207303,180,11,-2.6,0.000001,-2.462,-0.946923076923077,26.1265597008861,0.314110889771817,26
W:36_L:5_NM:11_T:-2.6,36,5,6.39,22.1356093207303,180,11,-2.6,0.000001,-2.45,-0.942307692307692,23.4648569471971,0.274406606296744,31
W:36_L:5_NM:11_T:-2.6,36,5,6.39,22.1356093207303,180,11,-2.6,0.000001,-2.437,-0.937307692307692,24.0590782919637,0.203718125262916,33
W:36_L:5_NM:11_T:-2.6,36,5,6.39,22.1356093207303,180,11,-2.6,0.000001,-2.425,-0.932692307692308,24.1794608749508,0.191782382202526,31
W:36_L:5_NM:11_T:-2.6,36,5,6.39,22.1356093207303,180,11,-2.6,0.000001,-2.412,-0.927692307692308,24.2114786219041,0.187929007071004,33
W:36_L:5_NM:11_T:-2.6,36,5,6.39,22.1356093207303,180,11,-2.6,0.000001,-2.4,-0.923076923076923,24.2124093925583,0.186898948955803,33
W:36_L:5_NM:11_T:-2.6,36,5,6.39,22.1356093207303,180,11,-2.6,0.000001,-2.387,-0.918076923076923,24.1998507208812,0.187118090632886,32
W:36_L:5_NM:11_T:-2.6,36,5,6.39,22.1356093207303,180,11,-2.6,0.000001,-2.375,-0.913461538461538,24.1799312049557,0.188206916722061,28
W:36_L:5_NM:11_T:-2.6,36,5,6.39,22.1356093207303,180,11,-2.6,0.000001,-2.362,-0.908461538461538,24.148108997744,0.190276495934217,32
W:36_L:5_NM:11_T:-2.6,36,5,6.39,22.1356093207303,180,11,-2.6,0.000001,-2.35,-0.903846153846154,24.1093219087154,0.193123234116321,33
W:36_L:5_NM:11_T:-2.6,36,5,6.39,22.1356093207303,180,11,-2.6,0.000001,-2.337,-0.898846153846154,24.0507616898762,0.197556184049959,33
W:36_L:5_NM:11_T:-2.6,36,5,6.39,22.1356093207303,180,11,-2.6,0.000001,-2.325,-0.894230769230769,23.9712929332082,0.203548165809176,32
W:36_L:5_NM:11_T:-2.6,36,5,6.39,22.1356093207303,180,11,-2.6,0.000001,-2.312,-0.889230769230769,23.8311442202409,0.213891539847542,31
W:36_L:5_NM:11_T:-2.6,36,5,6.39,22.1356093207303,180,11,-2.6,0.000001,-2.299,-0.884230769230769,23.5378185953535,0.234848518963508,27
W:36_L:5_NM:11_T:-2.6,36,5,6.39,22.1356093207303,180,11,-2.6,0.000001,-2.287,-0.879615384615385,21.9514177675804,0.321851214817973,25
W:36_L:5_NM:11_T:-2.6,36,5,6.39,22.1356093207303,180,11,-2.6,0.000001,-2.274,-0.874615384615385,20.7182937210837,0.171614108323051,22
W:36_L:5_NM:11_T:-2.6,36,5,6.39,22.1356093207303,180,11,-2.6,0.000001,-2.262,-0.87,20.8856418128695,0.1510633521913,27
W:36_L:5_NM:11_T:-2.6,36,5,6.39,22.1356093207303,180,11,-2.6,0.000001,-2.249,-0.865,20.9324868484452,0.146379224944992,23
W:36_L:5_NM:11_T:-2.6,36,5,6.39,22.1356093207303,180,11,-2.6,0.000001,-2.237,-0.860384615384615,20.9501481219956,0.144979870332468,29
W:36_L:5_NM:11_T:-2.6,36,5,6.39,22.1356093207303,180,11,-2.6,0.000001,-2.224,-0.855384615384615,20.9582037546462,0.144599303436894,25
W:36_L:5_NM:11_T:-2.6,36,5,6.39,22.1356093207303,180,11,-2.6,0.000001,-2.212,-0.850769230769231,20.9595343128006,0.144801154008355,29
W:36_L:5_NM:11_T:-2.6,36,5,6.39,22.1356093207303,180,11,-2.6,0.000001,-2.199,-0.845769230769231,20.9559670672939,0.145425176143021,20
W:36_L:5_NM:11_T:-2.6,36,5,6.39,22.1356093207303,180,11,-2.6,0.000001,-2.187,-0.841153846153846,20.9482019086307,0.146307753960394,32
W:36_L:5_NM:11_T:-2.6,36,5,6.39,22.1356093207303,180,11,-2.6,0.000001,-2.174,-0.836153846153846,20.9344121803707,0.147575536560553,29
W:36_L:5_NM:11_T:-2.6,36,5,6.39,22.1356093207303,180,11,-2.6,0.000001,-2.162,-0.831538461538461,20.9168515585868,0.149054200740094,22
W:36_L:5_NM:11_T:-2.6,36,5,6.39,22.1356093207303,180,11,-2.6,0.000001,-2.149,-0.826538461538462,20.891418495677,0.15104101434492,26
W:36_L:5_NM:11_T:-2.6,36,5,6.39,22.1356093207303,180,11,-2.6,0.000001,-2.137,-0.821923076923077,20.8608533903438,0.15331386968135,29
W:36_L:5_NM:11_T:-2.6,36,5,6.39,22.1356093207303,180,11,-2.6,0.000001,-2.124,-0.816923076923077,20.8174967150995,0.156400807075757,25
W:36_L:5_NM:11_T:-2.6,36,5,6.39,22.1356093207303,180,11,-2.6,0.000001,-2.112,-0.812307692307692,20.7659311626304,0.160099190795966,25
W:36_L:5_NM:11_T:-2.6,36,5,6.39,22.1356093207303,180,11,-2.6,0.000001,-2.099,-0.807307692307692,20.6902756177513,0.165467334426046,21
W:36_L:5_NM:11_T:-2.6,36,5,6.39,22.1356093207303,180,11,-2.6,0.000001,-2.086,-0.802307692307692,20.5833088963377,0.173138365495946,21
W:36_L:5_NM:11_T:-2.6,36,5,6.39,22.1356093207303,180,11,-2.6,0.000001,-2.074,-0.797692307692308,20.4245156532636,0.184456363308737,22
W:36_L:5_NM:11_T:-2.6,36,5,6.39,22.1356093207303,180,11,-2.6,0.000001,-2.061,-0.792692307692308,20.049204284378,0.21068672074593,27
W:36_L:5_NM:11_T:-2.6,36,5,6.39,22.1356093207303,180,11,-2.6,0.000001,-2.049,-0.788076923076923,17.0610863133332,0.277881109061868,23
W:36_L:5_NM:11_T:-2.6,36,5,6.39,22.1356093207303,180,11,-2.6,0.000001,-2.036,-0.783076923076923,17.1912138109108,0.122926654618624,26
W:36_L:5_NM:11_T:-2.6,36,5,6.39,22.1356093207303,180,11,-2.6,0.000001,-2.024,-0.778461538461538,17.2818035881972,0.112973289778997,27
W:36_L:5_NM:11_T:-2.6,36,5,6.39,22.1356093207303,180,11,-2.6,0.000001,-2.011,-0.773461538461539,17.3041989617487,0.110460356513788,24
W:36_L:5_NM:11_T:-2.6,36,5,6.39,22.1356093207303,180,11,-2.6,0.000001,-1.999,-0.768846153846154,17.3080059414929,0.109668054839642,21
W:36_L:5_NM:11_T:-2.6,36,5,6.39,22.1356093207303,180,11,-2.6,0.000001,-1.986,-0.763846153846154,17.3046493910361,0.109425030529899,24
W:36_L:5_NM:11_T:-2.6,36,5,6.39,22.1356093207303,180,11,-2.6,0.000001,-1.974,-0.759230769230769,17.2978303118251,0.10950818565297,21
W:36_L:5_NM:11_T:-2.6,36,5,6.39,22.1356093207303,180,11,-2.6,0.000001,-1.961,-0.754230769230769,17.2872628383705,0.109823025280273,19
W:36_L:5_NM:11_T:-2.6,36,5,6.39,22.1356093207303,180,11,-2.6,0.000001,-1.949,-0.749615384615385,17.2752968825048,0.110284852699261,24
W:36_L:5_NM:11_T:-2.6,36,5,6.39,22.1356093207303,180,11,-2.6,0.000001,-1.936,-0.744615384615385,17.2605512374671,0.110957352885171,25
W:36_L:5_NM:11_T:-2.6,36,5,6.39,22.1356093207303,180,11,-2.6,0.000001,-1.924,-0.74,17.2443740270998,0.111734718518826,18
W:36_L:5_NM:11_T:-2.6,36,5,6.39,22.1356093207303,180,11,-2.6,0.000001,-1.911,-0.735,17.2237345629791,0.112755435134906,23
W:36_L:5_NM:11_T:-2.6,36,5,6.39,22.1356093207303,180,11,-2.6,0.000001,-1.898,-0.73,17.1996766673963,0.113980969602007,20
W:36_L:5_NM:11_T:-2.6,36,5,6.39,22.1356093207303,180,11,-2.6,0.000001,-1.886,-0.725384615384615,17.1729757049329,0.115321500968825,20
W:36_L:5_NM:11_T:-2.6,36,5,6.39,22.1356093207303,180,11,-2.6,0.000001,-1.873,-0.720384615384615,17.1380857532661,0.117002336585594,21
W:36_L:5_NM:11_T:-2.6,36,5,6.39,22.1356093207303,180,11,-2.6,0.000001,-1.861,-0.715769230769231,17.0983777203275,0.118808342191979,20
W:36_L:5_NM:11_T:-2.6,36,5,6.39,22.1356093207303,180,11,-2.6,0.000001,-1.848,-0.710769230769231,17.0443355656161,0.121095435358605,19
W:36_L:5_NM:11_T:-2.6,36,5,6.39,22.1356093207303,180,11,-2.6,0.000001,-1.836,-0.706153846153846,16.9807203887732,0.12360276785538,17
W:36_L:5_NM:11_T:-2.6,36,5,6.39,22.1356093207303,180,11,-2.6,0.000001,-1.823,-0.701153846153846,16.8930394131803,0.126748147808892,23
W:36_L:5_NM:11_T:-2.6,36,5,6.39,22.1356093207303,180,11,-2.6,0.000001,-1.811,-0.696538461538461,16.7854828320241,0.130290166977519,16
W:36_L:5_NM:11_T:-2.6,36,5,6.39,22.1356093207303,180,11,-2.6,0.000001,-1.798,-0.691538461538462,16.6344166789311,0.13492539070575,19
W:36_L:5_NM:11_T:-2.6,36,5,6.39,22.1356093207303,180,11,-2.6,0.000001,-1.786,-0.686923076923077,16.4316202653092,0.140922298430652,21
W:36_L:5_NM:11_T:-2.6,36,5,6.39,22.1356093207303,180,11,-2.6,0.000001,-1.773,-0.681923076923077,16.0782295270223,0.151823997952404,22
W:36_L:5_NM:11_T:-2.6,36,5,6.39,22.1356093207303,180,11,-2.6,0.000001,-1.761,-0.677307692307692,15.1648505862587,0.185622201663001,20
W:36_L:5_NM:11_T:-2.6,36,5,6.39,22.1356093207303,180,11,-2.6,0.000001,-1.748,-0.672307692307692,13.182337653378,0.117226504246486,22
W:36_L:5_NM:11_T:-2.6,36,5,6.39,22.1356093207303,180,11,-2.6,0.000001,-1.736,-0.667692307692308,13.0265222996586,0.117957741069684,19
W:36_L:5_NM:11_T:-2.6,36,5,6.39,22.1356093207303,180,11,-2.6,0.000001,-1.723,-0.662692307692308,13.4388563900988,0.0924393201496099,20
W:36_L:5_NM:11_T:-2.6,36,5,6.39,22.1356093207303,180,11,-2.6,0.000001,-1.711,-0.658076923076923,13.5522255331849,0.0862538186850748,21
W:36_L:5_NM:11_T:-2.6,36,5,6.39,22.1356093207303,180,11,-2.6,0.000001,-1.698,-0.653076923076923,13.6064173367872,0.0837006124173996,21
W:36_L:5_NM:11_T:-2.6,36,5,6.39,22.1356093207303,180,11,-2.6,0.000001,-1.685,-0.648076923076923,13.6360135869567,0.0825993681581062,22
W:36_L:5_NM:11_T:-2.6,36,5,6.39,22.1356093207303,180,11,-2.6,0.000001,-1.673,-0.643461538461538,13.6532258214809,0.0821522044332223,16
W:36_L:5_NM:11_T:-2.6,36,5,6.39,22.1356093207303,180,11,-2.6,0.000001,-1.66,-0.638461538461538,13.6657892281442,0.0820048863578368,20
W:36_L:5_NM:11_T:-2.6,36,5,6.39,22.1356093207303,180,11,-2.6,0.000001,-1.648,-0.633846153846154,13.6737965793273,0.0820745300720786,16
W:36_L:5_NM:11_T:-2.6,36,5,6.39,22.1356093207303,180,11,-2.6,0.000001,-1.635,-0.628846153846154,13.6792183441529,0.0823066266521425,16
W:36_L:5_NM:11_T:-2.6,36,5,6.39,22.1356093207303,180,11,-2.6,0.000001,-1.623,-0.624230769230769,13.682025308531,0.08264740531561,18
W:36_L:5_NM:11_T:-2.6,36,5,6.39,22.1356093207303,180,11,-2.6,0.000001,-1.61,-0.619230769230769,13.6829197680537,0.0831343210980781,18
W:36_L:5_NM:11_T:-2.6,36,5,6.39,22.1356093207303,180,11,-2.6,0.000001,-1.598,-0.614615384615385,13.6817659261932,0.083698184800232,18
W:36_L:5_NM:11_T:-2.6,36,5,6.39,22.1356093207303,180,11,-2.6,0.000001,-1.585,-0.609615384615385,13.6784511931844,0.0844264729021012,18
W:36_L:5_NM:11_T:-2.6,36,5,6.39,22.1356093207303,180,11,-2.6,0.000001,-1.573,-0.605,13.6732085547594,0.0852303087330476,20
W:36_L:5_NM:11_T:-2.6,36,5,6.39,22.1356093207303,180,11,-2.6,0.000001,-1.56,-0.6,13.6649464046887,0.0862608684280598,12
W:36_L:5_NM:11_T:-2.6,36,5,6.39,22.1356093207303,180,11,-2.6,0.000001,-1.548,-0.595384615384615,13.6546558018875,0.0873540199240904,18
W:36_L:5_NM:11_T:-2.6,36,5,6.39,22.1356093207303,180,11,-2.6,0.000001,-1.535,-0.590384615384615,13.6393505854924,0.0887797968878658,16
W:36_L:5_NM:11_T:-2.6,36,5,6.39,22.1356093207303,180,11,-2.6,0.000001,-1.523,-0.585769230769231,13.6208258140534,0.090311625343471,19
W:36_L:5_NM:11_T:-2.6,36,5,6.39,22.1356093207303,180,11,-2.6,0.000001,-1.51,-0.580769230769231,13.5934589964417,0.0923247827159674,20
W:36_L:5_NM:11_T:-2.6,36,5,6.39,22.1356093207303,180,11,-2.6,0.000001,-1.497,-0.575769230769231,13.5553330580576,0.0948088037114026,18
W:36_L:5_NM:11_T:-2.6,36,5,6.39,22.1356093207303,180,11,-2.6,0.000001,-1.485,-0.571153846153846,13.507150935928,0.0975855515537401,17
W:36_L:5_NM:11_T:-2.6,36,5,6.39,22.1356093207303,180,11,-2.6,0.000001,-1.472,-0.566153846153846,13.4313254416825,0.101419550417092,13
W:36_L:5_NM:11_T:-2.6,36,5,6.39,22.1356093207303,180,11,-2.6,0.000001,-1.46,-0.561538461538462,13.3285351091521,0.105927698233967,14
W:36_L:5_NM:11_T:-2.6,36,5,6.39,22.1356093207303,180,11,-2.6,0.000001,-1.447,-0.556538461538462,13.1450712646356,0.112802684705953,14
W:36_L:5_NM:11_T:-2.6,36,5,6.39,22.1356093207303,180,11,-2.6,0.000001,-1.435,-0.551923076923077,12.8303829523164,0.122816413939802,11
W:36_L:5_NM:11_T:-2.6,36,5,6.39,22.1356093207303,180,11,-2.6,0.000001,-1.422,-0.546923076923077,11.9885013612896,0.149216063800171,15
W:36_L:5_NM:11_T:-2.6,36,5,6.39,22.1356093207303,180,11,-2.6,0.000001,-1.41,-0.542307692307692,9.80176367173716,0.0656830847916973,17
W:36_L:5_NM:11_T:-2.6,36,5,6.39,22.1356093207303,180,11,-2.6,0.000001,-1.397,-0.537307692307692,9.81912435767614,0.0705044420016814,18
W:36_L:5_NM:11_T:-2.6,36,5,6.39,22.1356093207303,180,11,-2.6,0.000001,-1.385,-0.532692307692308,9.84358142306083,0.056214325501716,14
W:36_L:5_NM:11_T:-2.6,36,5,6.39,22.1356093207303,180,11,-2.6,0.000001,-1.372,-0.527692307692308,9.84967591830482,0.0544446669414662,16
W:36_L:5_NM:11_T:-2.6,36,5,6.39,22.1356093207303,180,11,-2.6,0.000001,-1.36,-0.523076923076923,9.85410997094897,0.0539972208188081,12
W:36_L:5_NM:11_T:-2.6,36,5,6.39,22.1356093207303,180,11,-2.6,0.000001,-1.347,-0.518076923076923,9.8587739209043,0.0538837547169966,12
W:36_L:5_NM:11_T:-2.6,36,5,6.39,22.1356093207303,180,11,-2.6,0.000001,-1.335,-0.513461538461538,9.86301814970521,0.053938061323638,11
W:36_L:5_NM:11_T:-2.6,36,5,6.39,22.1356093207303,180,11,-2.6,0.000001,-1.322,-0.508461538461539,9.86749901361754,0.0540935708143227,13
W:36_L:5_NM:11_T:-2.6,36,5,6.39,22.1356093207303,180,11,-2.6,0.000001,-1.31,-0.503846153846154,9.87155458609916,0.0543048187543919,12
W:36_L:5_NM:11_T:-2.6,36,5,6.39,22.1356093207303,180,11,-2.6,0.000001,-1.297,-0.498846153846154,9.87572624516078,0.0545893340997059,15
W:36_L:5_NM:11_T:-2.6,36,5,6.39,22.1356093207303,180,11,-2.6,0.000001,-1.284,-0.493846153846154,9.879602451667,0.0549318415753583,11
W:36_L:5_NM:11_T:-2.6,36,5,6.39,22.1356093207303,180,11,-2.6,0.000001,-1.272,-0.489230769230769,9.88278874786064,0.0552922992090104,12
W:36_L:5_NM:11_T:-2.6,36,5,6.39,22.1356093207303,180,11,-2.6,0.000001,-1.259,-0.484230769230769,9.88568545527188,0.0557314334238606,10
W:36_L:5_NM:11_T:-2.6,36,5,6.39,22.1356093207303,180,11,-2.6,0.000001,-1.247,-0.479615384615385,9.88781028126784,0.0561880101906238,12
W:36_L:5_NM:11_T:-2.6,36,5,6.39,22.1356093207303,180,11,-2.6,0.000001,-1.234,-0.474615384615385,9.88938412779405,0.0567490174309786,13
W:36_L:5_NM:11_T:-2.6,36,5,6.39,22.1356093207303,180,11,-2.6,0.000001,-1.222,-0.47,9.89014287425011,0.0573262670136122,10
W:36_L:5_NM:11_T:-2.6,36,5,6.39,22.1356093207303,180,11,-2.6,0.000001,-1.209,-0.465,9.89000001033085,0.0580328096931716,12
W:36_L:5_NM:11_T:-2.6,36,5,6.39,22.1356093207303,180,11,-2.6,0.000001,-1.197,-0.460384615384615,9.88893597365087,0.0587698041287629,14
W:36_L:5_NM:11_T:-2.6,36,5,6.39,22.1356093207303,180,11,-2.6,0.000001,-1.184,-0.455384615384615,9.88669211345711,0.0596767174676426,15
W:36_L:5_NM:11_T:-2.6,36,5,6.39,22.1356093207303,180,11,-2.6,0.000001,-1.172,-0.450769230769231,9.8836156767577,0.0606211942992257,14
W:36_L:5_NM:11_T:-2.6,36,5,6.39,22.1356093207303,180,11,-2.6,0.000001,-1.159,-0.445769230769231,9.8788532837776,0.0618470717609353,9
W:36_L:5_NM:11_T:-2.6,36,5,6.39,22.1356093207303,180,11,-2.6,0.000001,-1.147,-0.441153846153846,9.8732776953257,0.0631464326709738,15
W:36_L:5_NM:11_T:-2.6,36,5,6.39,22.1356093207303,180,11,-2.6,0.000001,-1.134,-0.436153846153846,9.86549885303434,0.0648906008926846,9
W:36_L:5_NM:11_T:-2.6,36,5,6.39,22.1356093207303,180,11,-2.6,0.000001,-1.122,-0.431538461538462,9.8567374270755,0.0668046247730829,15
W:36_L:5_NM:11_T:-2.6,36,5,6.39,22.1356093207303,180,11,-2.6,0.000001,-1.109,-0.426538461538462,9.8444850136376,0.0695181732607263,10
W:36_L:5_NM:11_T:-2.6,36,5,6.39,22.1356093207303,180,11,-2.6,0.000001,-1.096,-0.421538461538462,9.82909844260828,0.0730345330038938,11
W:36_L:5_NM:11_T:-2.6,36,5,6.39,22.1356093207303,180,11,-2.6,0.000001,-1.084,-0.416923076923077,9.81130594165407,0.0773535612046179,10
W:36_L:5_NM:11_T:-2.6,36,5,6.39,22.1356093207303,180,11,-2.6,0.000001,-1.071,-0.411923076923077,9.78239762019723,0.0846076174463217,17
W:36_L:5_NM:11_T:-2.6,36,5,6.39,22.1356093207303,180,11,-2.6,0.000001,-1.059,-0.407307692307692,9.73586239507203,0.0962412867773368,10
W:36_L:5_NM:11_T:-2.6,36,5,6.39,22.1356093207303,180,11,-2.6,0.000001,-1.046,-0.402307692307692,9.58034639711667,0.129751942124025,12
W:36_L:5_NM:11_T:-2.6,36,5,6.39,22.1356093207303,180,11,-2.6,0.000001,-1.034,-0.397692307692308,5.95399823928518,0.0447458200222929,8
W:36_L:5_NM:11_T:-2.6,36,5,6.39,22.1356093207303,180,11,-2.6,0.000001,-1.021,-0.392692307692308,5.95606774456555,0.0305582150830816,6
W:36_L:5_NM:11_T:-2.6,36,5,6.39,22.1356093207303,180,11,-2.6,0.000001,-1.009,-0.388076923076923,5.95605248733316,0.0301821066818595,10
W:36_L:5_NM:11_T:-2.6,36,5,6.39,22.1356093207303,180,11,-2.6,0.000001,-0.996,-0.383076923076923,5.95592554808796,0.0300892543855346,10
W:36_L:5_NM:11_T:-2.6,36,5,6.39,22.1356093207303,180,11,-2.6,0.000001,-0.984,-0.378461538461538,5.95580454400032,0.0301159842223627,10
W:36_L:5_NM:11_T:-2.6,36,5,6.39,22.1356093207303,180,11,-2.6,0.000001,-0.971,-0.373461538461538,5.95575919764346,0.0301781088432362,7
W:36_L:5_NM:11_T:-2.6,36,5,6.39,22.1356093207303,180,11,-2.6,0.000001,-0.959,-0.368846153846154,5.9557973166596,0.0302644714824301,8
W:36_L:5_NM:11_T:-2.6,36,5,6.39,22.1356093207303,180,11,-2.6,0.000001,-0.946,-0.363846153846154,5.95593993008783,0.0303881330339903,8
W:36_L:5_NM:11_T:-2.6,36,5,6.39,22.1356093207303,180,11,-2.6,0.000001,-0.934,-0.359230769230769,5.95615957612721,0.0305264126979189,7
W:36_L:5_NM:11_T:-2.6,36,5,6.39,22.1356093207303,180,11,-2.6,0.000001,-0.921,-0.354230769230769,5.95649649279238,0.0306930039290938,9
W:36_L:5_NM:11_T:-2.6,36,5,6.39,22.1356093207303,180,11,-2.6,0.000001,-0.909,-0.349615384615385,5.95686982582769,0.0308663994217652,9
W:36_L:5_NM:11_T:-2.6,36,5,6.39,22.1356093207303,180,11,-2.6,0.000001,-0.896,-0.344615384615385,5.95732069756521,0.0310682925961947,6
W:36_L:5_NM:11_T:-2.6,36,5,6.39,22.1356093207303,180,11,-2.6,0.000001,-0.883,-0.339615384615385,5.9578104322859,0.0313023201823341,7
W:36_L:5_NM:11_T:-2.6,36,5,6.39,22.1356093207303,180,11,-2.6,0.000001,-0.871,-0.335,5.95825090374225,0.0315568557673342,10
W:36_L:5_NM:11_T:-2.6,36,5,6.39,22.1356093207303,180,11,-2.6,0.000001,-0.858,-0.33,5.95869870276574,0.031838603557148,8
W:36_L:5_NM:11_T:-2.6,36,5,6.39,22.1356093207303,180,11,-2.6,0.000001,-0.846,-0.325384615384615,5.95897760119423,0.0321445651186839,8
W:36_L:5_NM:11_T:-2.6,36,5,6.39,22.1356093207303,180,11,-2.6,0.000001,-0.833,-0.320384615384615,5.95918511068848,0.0325176081131431,10
W:36_L:5_NM:11_T:-2.6,36,5,6.39,22.1356093207303,180,11,-2.6,0.000001,-0.821,-0.315769230769231,5.95923999259825,0.0328958262962269,10
W:36_L:5_NM:11_T:-2.6,36,5,6.39,22.1356093207303,180,11,-2.6,0.000001,-0.808,-0.310769230769231,5.95899978756713,0.0333431876562606,9
W:36_L:5_NM:11_T:-2.6,36,5,6.39,22.1356093207303,180,11,-2.6,0.000001,-0.796,-0.306153846153846,5.95850991875404,0.0338327842189518,8
W:36_L:5_NM:11_T:-2.6,36,5,6.39,22.1356093207303,180,11,-2.6,0.000001,-0.783,-0.301153846153846,5.95765381435986,0.0344167392990545,11
W:36_L:5_NM:11_T:-2.6,36,5,6.39,22.1356093207303,180,11,-2.6,0.000001,-0.771,-0.296538461538462,5.95648044153989,0.0350693276013607,8
W:36_L:5_NM:11_T:-2.6,36,5,6.39,22.1356093207303,180,11,-2.6,0.000001,-0.758,-0.291538461538462,5.95468053723869,0.0358620334753417,7
W:36_L:5_NM:11_T:-2.6,36,5,6.39,22.1356093207303,180,11,-2.6,0.000001,-0.746,-0.286923076923077,5.95244820702462,0.0367189299856411,8
W:36_L:5_NM:11_T:-2.6,36,5,6.39,22.1356093207303,180,11,-2.6,0.000001,-0.733,-0.281923076923077,5.94955046189205,0.0377551429276646,8
W:36_L:5_NM:11_T:-2.6,36,5,6.39,22.1356093207303,180,11,-2.6,0.000001,-0.721,-0.277307692307692,5.94586391702626,0.0390603132853142,7
W:36_L:5_NM:11_T:-2.6,36,5,6.39,22.1356093207303,180,11,-2.6,0.000001,-0.708,-0.272307692307692,5.9411508519173,0.040683059053528,7
W:36_L:5_NM:11_T:-2.6,36,5,6.39,22.1356093207303,180,11,-2.6,0.000001,-0.695,-0.267307692307692,5.93514459026854,0.0427289239611905,10
W:36_L:5_NM:11_T:-2.6,36,5,6.39,22.1356093207303,180,11,-2.6,0.000001,-0.683,-0.262692307692308,5.92811841439205,0.0453814890532649,7
W:36_L:5_NM:11_T:-2.6,36,5,6.39,22.1356093207303,180,11,-2.6,0.000001,-0.67,-0.257692307692308,5.91791587564447,0.0493547894507887,5
W:36_L:5_NM:11_T:-2.6,36,5,6.39,22.1356093207303,180,11,-2.6,0.000001,-0.658,-0.253076923076923,5.9046635830592,0.0551533750237853,7
W:36_L:5_NM:11_T:-2.6,36,5,6.39,22.1356093207303,180,11,-2.6,0.000001,-0.645,-0.248076923076923,5.88170897524633,0.0656765716406763,8
W:36_L:5_NM:11_T:-2.6,36,5,6.39,22.1356093207303,180,11,-2.6,0.000001,-0.633,-0.243461538461538,5.82454046862926,0.0921583423272768,8
W:36_L:5_NM:11_T:-2.6,36,5,6.39,22.1356093207303,180,11,-2.6,0.000001,-0.62,-0.238461538461538,1.99542548507716,0.0133764626587637,10
W:36_L:5_NM:11_T:-2.6,36,5,6.39,22.1356093207303,180,11,-2.6,0.000001,-0.608,-0.233846153846154,1.99680571459425,0.0101210327579602,7
W:36_L:5_NM:11_T:-2.6,36,5,6.39,22.1356093207303,180,11,-2.6,0.000001,-0.595,-0.228846153846154,1.99702968274802,0.00981539149586164,7
W:36_L:5_NM:11_T:-2.6,36,5,6.39,22.1356093207303,180,11,-2.6,0.000001,-0.583,-0.224230769230769,1.99716844238459,0.0097241320679367,4
W:36_L:5_NM:11_T:-2.6,36,5,6.39,22.1356093207303,180,11,-2.6,0.000001,-0.57,-0.219230769230769,1.99724343821314,0.00971386948288836,6
W:36_L:5_NM:11_T:-2.6,36,5,6.39,22.1356093207303,180,11,-2.6,0.000001,-0.558,-0.214615384615385,1.99740108320094,0.00969919593090507,7
W:36_L:5_NM:11_T:-2.6,36,5,6.39,22.1356093207303,180,11,-2.6,0.000001,-0.545,-0.209615384615385,1.99759874257915,0.0096878840535861,6
W:36_L:5_NM:11_T:-2.6,36,5,6.39,22.1356093207303,180,11,-2.6,0.000001,-0.533,-0.205,1.99773289400124,0.00971375833364771,4
W:36_L:5_NM:11_T:-2.6,36,5,6.39,22.1356093207303,180,11,-2.6,0.000001,-0.52,-0.2,1.99791672292653,0.0097437476568075,5
W:36_L:5_NM:11_T:-2.6,36,5,6.39,22.1356093207303,180,11,-2.6,0.000001,-0.508,-0.195384615384615,1.99811137630058,0.00976740622199564,6
W:36_L:5_NM:11_T:-2.6,36,5,6.39,22.1356093207303,180,11,-2.6,0.000001,-0.495,-0.190384615384615,1.9983251276294,0.00980429958920283,4
W:36_L:5_NM:11_T:-2.6,36,5,6.39,22.1356093207303,180,11,-2.6,0.000001,-0.482,-0.185384615384615,1.99854728415205,0.00984078189393085,7
W:36_L:5_NM:11_T:-2.6,36,5,6.39,22.1356093207303,180,11,-2.6,0.000001,-0.47,-0.180769230769231,1.99874491124721,0.00987230911273572,6
W:36_L:5_NM:11_T:-2.6,36,5,6.39,22.1356093207303,180,11,-2.6,0.000001,-0.457,-0.175769230769231,1.99891303912056,0.00993543217794328,7
W:36_L:5_NM:11_T:-2.6,36,5,6.39,22.1356093207303,180,11,-2.6,0.000001,-0.445,-0.171153846153846,1.9990538556988,0.00998163334089352,2
W:36_L:5_NM:11_T:-2.6,36,5,6.39,22.1356093207303,180,11,-2.6,0.000001,-0.432,-0.166153846153846,1.99915125619994,0.0100511677635288,2
W:36_L:5_NM:11_T:-2.6,36,5,6.39,22.1356093207303,180,11,-2.6,0.000001,-0.42,-0.161538461538462,1.99918308814556,0.0101225155686205,2
W:36_L:5_NM:11_T:-2.6,36,5,6.39,22.1356093207303,180,11,-2.6,0.000001,-0.407,-0.156538461538462,1.99913614947902,0.0102094653816263,4
W:36_L:5_NM:11_T:-2.6,36,5,6.39,22.1356093207303,180,11,-2.6,0.000001,-0.395,-0.151923076923077,1.99899532906072,0.0103043782990445,4
W:36_L:5_NM:11_T:-2.6,36,5,6.39,22.1356093207303,180,11,-2.6,0.000001,-0.382,-0.146923076923077,1.99870797533088,0.0104268364423451,4
W:36_L:5_NM:11_T:-2.6,36,5,6.39,22.1356093207303,180,11,-2.6,0.000001,-0.37,-0.142307692307692,1.99828523519108,0.010553078675836,2
W:36_L:5_NM:11_T:-2.6,36,5,6.39,22.1356093207303,180,11,-2.6,0.000001,-0.357,-0.137307692307692,1.99759958650386,0.0107209565031468,5
W:36_L:5_NM:11_T:-2.6,36,5,6.39,22.1356093207303,180,11,-2.6,0.000001,-0.345,-0.132692307692308,1.99670436164622,0.0108952704349982,6
W:36_L:5_NM:11_T:-2.6,36,5,6.39,22.1356093207303,180,11,-2.6,0.000001,-0.332,-0.127692307692308,1.99535478594637,0.0111160441282365,4
W:36_L:5_NM:11_T:-2.6,36,5,6.39,22.1356093207303,180,11,-2.6,0.000001,-0.32,-0.123076923076923,1.99358014007337,0.0113939387718691,6
W:36_L:5_NM:11_T:-2.6,36,5,6.39,22.1356093207303,180,11,-2.6,0.000001,-0.307,-0.118076923076923,1.99090945845364,0.0117575912853449,5
W:36_L:5_NM:11_T:-2.6,36,5,6.39,22.1356093207303,180,11,-2.6,0.000001,-0.294,-0.113076923076923,1.98701991247591,0.0122427098293021,4
W:36_L:5_NM:11_T:-2.6,36,5,6.39,22.1356093207303,180,11,-2.6,0.000001,-0.282,-0.108461538461538,1.98168706618158,0.0128616908903318,2
W:36_L:5_NM:11_T:-2.6,36,5,6.39,22.1356093207303,180,11,-2.6,0.000001,-0.269,-0.103461538461538,1.97261317395872,0.0138541230629636,2
W:36_L:5_NM:11_T:-2.6,36,5,6.39,22.1356093207303,180,11,-2.6,0.000001,-0.257,-0.0988461538461539,1.95835240984787,0.0153351892802786,3
W:36_L:5_NM:11_T:-2.6,36,5,6.39,22.1356093207303,180,11,-2.6,0.000001,-0.244,-0.0938461538461538,1.92848168817678,0.0183008504361165,3
W:36_L:5_NM:11_T:-2.6,36,5,6.39,22.1356093207303,180,11,-2.6,0.000001,-0.232,-0.0892307692307692,1.86546649788237,0.0242985936868486,2
W:36_L:5_NM:11_T:-2.6,36,5,6.39,22.1356093207303,180,11,-2.6,0.000001,-0.219,-0.0842307692307692,1.66152228756313,0.0429133165580579,4
W:36_L:5_NM:11_T:-2.6,36,5,6.39,22.1356093207303,180,11,-2.6,0.000001,-0.207,-0.0796153846153846,1.11471945917677,0.0901306883258158,2
W:36_L:5_NM:11_T:-2.6,36,5,6.39,22.1356093207303,180,11,-2.6,0.000001,-0.194,-0.0746153846153846,1.35143743260855,0.0656258931492793,6
W:36_L:5_NM:11_T:-2.6,36,5,6.39,22.1356093207303,180,11,-2.6,0.000001,-0.182,-0.07,1.73714679433684,0.0321485038538715,3
W:36_L:5_NM:11_T:-2.6,36,5,6.39,22.1356093207303,180,11,-2.6,0.000001,-0.169,-0.065,1.86739968540145,0.0214248441844082,2
W:36_L:5_NM:11_T:-2.6,36,5,6.39,22.1356093207303,180,11,-2.6,0.000001,-0.157,-0.0603846153846154,1.91100242365546,0.0181051679029298,4
W:36_L:5_NM:11_T:-2.6,36,5,6.39,22.1356093207303,180,11,-2.6,0.000001,-0.144,-0.0553846153846154,1.93149911912234,0.0167743811402619,5
W:36_L:5_NM:11_T:-2.6,36,5,6.39,22.1356093207303,180,11,-2.6,0.000001,-0.132,-0.0507692307692308,1.939796460711,0.0164965090769315,2
W:36_L:5_NM:11_T:-2.6,36,5,6.39,22.1356093207303,180,11,-2.6,0.000001,-0.119,-0.0457692307692308,1.94328458933099,0.0167529977780179,5
W:36_L:5_NM:11_T:-2.6,36,5,6.39,22.1356093207303,180,11,-2.6,0.000001,-0.107,-0.0411538461538462,1.94356204465104,0.0173880336183186,4
W:36_L:5_NM:11_T:-2.6,36,5,6.39,22.1356093207303,180,11,-2.6,0.000001,-0.094,-0.0361538461538462,1.94165863161396,0.018533339961368,4
W:36_L:5_NM:11_T:-2.6,36,5,6.39,22.1356093207303,180,11,-2.6,0.000001,-0.081,-0.0311538461538462,1.93822337074204,0.0202611539620883,5
W:36_L:5_NM:11_T:-2.6,36,5,6.39,22.1356093207303,180,11,-2.6,0.000001,-0.069,-0.0265384615384615,1.93359623074796,0.0226800927776455,5
W:36_L:5_NM:11_T:-2.6,36,5,6.39,22.1356093207303,180,11,-2.6,0.000001,-0.056,-0.0215384615384615,1.92557617911863,0.0269411880084234,3
W:36_L:5_NM:11_T:-2.6,36,5,6.39,22.1356093207303,180,11,-2.6,0.000001,-0.044,-0.0169230769230769,1.90520389425426,0.034477319205599,7
W:36_L:5_NM:11_T:-2.6,36,5,6.39,22.1356093207303,180,11,-2.6,0.000001,-0.031,-0.0119230769230769,1.73272236522563,0.0583808660000195,7
W:36_L:5_NM:11_T:-2.6,36,5,6.39,22.1356093207303,180,11,-2.6,0.000001,-0.019,-0.00730769230769231,1.07998218014891,0.086055027971787,4
W:36_L:5_NM:11_T:-2.6,36,5,6.39,22.1356093207303,180,11,-2.6,0.000001,-0.006,-0.00230769230769231,1.23105448110759,0.182392152968268,4
W:36_L:5_NM:11_T:-2.6,36,5,6.39,22.1356093207303,180,11,-2.6,0.000001,0.006,0.00230769230769231,1.23105247070932,0.182392694831083,11
W:36_L:5_NM:11_T:-2.6,36,5,6.39,22.1356093207303,180,11,-2.6,0.000001,0.019,0.00730769230769231,1.07998338463708,0.0860549735817522,6
W:36_L:5_NM:11_T:-2.6,36,5,6.39,22.1356093207303,180,11,-2.6,0.000001,0.031,0.0119230769230769,1.73272164145421,0.0583809353194181,4
W:36_L:5_NM:11_T:-2.6,36,5,6.39,22.1356093207303,180,11,-2.6,0.000001,0.044,0.0169230769230769,1.90520386070165,0.0344773361930924,6
W:36_L:5_NM:11_T:-2.6,36,5,6.39,22.1356093207303,180,11,-2.6,0.000001,0.056,0.0215384615384615,1.92557616166996,0.0269411960025704,4
W:36_L:5_NM:11_T:-2.6,36,5,6.39,22.1356093207303,180,11,-2.6,0.000001,0.069,0.0265384615384615,1.93359622332884,0.0226800978482059,6
W:36_L:5_NM:11_T:-2.6,36,5,6.39,22.1356093207303,180,11,-2.6,0.000001,0.081,0.0311538461538462,1.93822336286585,0.0202611574275185,5
W:36_L:5_NM:11_T:-2.6,36,5,6.39,22.1356093207303,180,11,-2.6,0.000001,0.094,0.0361538461538462,1.94165862543054,0.0185333423520209,9
W:36_L:5_NM:11_T:-2.6,36,5,6.39,22.1356093207303,180,11,-2.6,0.000001,0.107,0.0411538461538462,1.94356204156085,0.0173880351492433,6
W:36_L:5_NM:11_T:-2.6,36,5,6.39,22.1356093207303,180,11,-2.6,0.000001,0.119,0.0457692307692308,1.94328458859148,0.0167529988325072,4
W:36_L:5_NM:11_T:-2.6,36,5,6.39,22.1356093207303,180,11,-2.6,0.000001,0.132,0.0507692307692308,1.93979646738498,0.0164965090515776,2
W:36_L:5_NM:11_T:-2.6,36,5,6.39,22.1356093207303,180,11,-2.6,0.000001,0.144,0.0553846153846154,1.93149913308731,0.0167743806589693,6
W:36_L:5_NM:11_T:-2.6,36,5,6.39,22.1356093207303,180,11,-2.6,0.000001,0.157,0.0603846153846154,1.91100245284236,0.0181051659763131,3
W:36_L:5_NM:11_T:-2.6,36,5,6.39,22.1356093207303,180,11,-2.6,0.000001,0.169,0.065,1.86739976850813,0.0214248377966933,4
W:36_L:5_NM:11_T:-2.6,36,5,6.39,22.1356093207303,180,11,-2.6,0.000001,0.182,0.07,1.73714706266485,0.0321484813230063,5
W:36_L:5_NM:11_T:-2.6,36,5,6.39,22.1356093207303,180,11,-2.6,0.000001,0.194,0.0746153846153846,1.35143824159246,0.0656258222906579,5
W:36_L:5_NM:11_T:-2.6,36,5,6.39,22.1356093207303,180,11,-2.6,0.000001,0.207,0.0796153846153846,1.11471870089291,0.090130748929984,2
W:36_L:5_NM:11_T:-2.6,36,5,6.39,22.1356093207303,180,11,-2.6,0.000001,0.219,0.0842307692307692,1.66152185529217,0.0429133561907448,4
W:36_L:5_NM:11_T:-2.6,36,5,6.39,22.1356093207303,180,11,-2.6,0.000001,0.232,0.0892307692307692,1.86546637579309,0.024298605492805,6
W:36_L:5_NM:11_T:-2.6,36,5,6.39,22.1356093207303,180,11,-2.6,0.000001,0.244,0.0938461538461538,1.92848163496144,0.0183008557434153,6
W:36_L:5_NM:11_T:-2.6,36,5,6.39,22.1356093207303,180,11,-2.6,0.000001,0.257,0.0988461538461539,1.95835238894474,0.0153351914934146,6
W:36_L:5_NM:11_T:-2.6,36,5,6.39,22.1356093207303,180,11,-2.6,0.000001,0.269,0.103461538461538,1.97261315873704,0.013854124696844,4
W:36_L:5_NM:11_T:-2.6,36,5,6.39,22.1356093207303,180,11,-2.6,0.000001,0.282,0.108461538461538,1.9816870594106,0.0128616916876772,4
W:36_L:5_NM:11_T:-2.6,36,5,6.39,22.1356093207303,180,11,-2.6,0.000001,0.294,0.113076923076923,1.98701990752768,0.0122427104865252,4
W:36_L:5_NM:11_T:-2.6,36,5,6.39,22.1356093207303,180,11,-2.6,0.000001,0.307,0.118076923076923,1.9909094553291,0.0117575917441792,5
W:36_L:5_NM:11_T:-2.6,36,5,6.39,22.1356093207303,180,11,-2.6,0.000001,0.32,0.123076923076923,1.99358013765087,0.011393939029731,7
W:36_L:5_NM:11_T:-2.6,36,5,6.39,22.1356093207303,180,11,-2.6,0.000001,0.332,0.127692307692308,1.99535478570019,0.0111160440109283,5
W:36_L:5_NM:11_T:-2.6,36,5,6.39,22.1356093207303,180,11,-2.6,0.000001,0.345,0.132692307692308,1.99670436043144,0.0108952707439711,6
W:36_L:5_NM:11_T:-2.6,36,5,6.39,22.1356093207303,180,11,-2.6,0.000001,0.357,0.137307692307692,1.99759958555285,0.0107209566582342,5
W:36_L:5_NM:11_T:-2.6,36,5,6.39,22.1356093207303,180,11,-2.6,0.000001,0.37,0.142307692307692,1.99828523525448,0.0105530776495931,6
W:36_L:5_NM:11_T:-2.6,36,5,6.39,22.1356093207303,180,11,-2.6,0.000001,0.382,0.146923076923077,1.9987079749872,0.0104268364563612,4
W:36_L:5_NM:11_T:-2.6,36,5,6.39,22.1356093207303,180,11,-2.6,0.000001,0.395,0.151923076923077,1.99899532896844,0.0103043782144852,4
W:36_L:5_NM:11_T:-2.6,36,5,6.39,22.1356093207303,180,11,-2.6,0.000001,0.407,0.156538461538462,1.999136149427,0.0102094654258882,5
W:36_L:5_NM:11_T:-2.6,36,5,6.39,22.1356093207303,180,11,-2.6,0.000001,0.42,0.161538461538462,1.99918308821363,0.0101225156207733,3
W:36_L:5_NM:11_T:-2.6,36,5,6.39,22.1356093207303,180,11,-2.6,0.000001,0.432,0.166153846153846,1.99915125640087,0.0100511675540873,2
W:36_L:5_NM:11_T:-2.6,36,5,6.39,22.1356093207303,180,11,-2.6,0.000001,0.445,0.171153846153846,1.99905385595216,0.00998163334487504,2
W:36_L:5_NM:11_T:-2.6,36,5,6.39,22.1356093207303,180,11,-2.6,0.000001,0.457,0.175769230769231,1.99891303958432,0.00993543186234899,4
W:36_L:5_NM:11_T:-2.6,36,5,6.39,22.1356093207303,180,11,-2.6,0.000001,0.47,0.180769230769231,1.99874491122258,0.00987230940820989,4
W:36_L:5_NM:11_T:-2.6,36,5,6.39,22.1356093207303,180,11,-2.6,0.000001,0.482,0.185384615384615,1.9985472844585,0.0098407818006983,6
W:36_L:5_NM:11_T:-2.6,36,5,6.39,22.1356093207303,180,11,-2.6,0.000001,0.495,0.190384615384615,1.99832512797213,0.00980429955598329,3
W:36_L:5_NM:11_T:-2.6,36,5,6.39,22.1356093207303,180,11,-2.6,0.000001,0.508,0.195384615384615,1.99811137606973,0.00976740660256054,7
W:36_L:5_NM:11_T:-2.6,36,5,6.39,22.1356093207303,180,11,-2.6,0.000001,0.52,0.2,1.99791672257281,0.00974374790634558,4
W:36_L:5_NM:11_T:-2.6,36,5,6.39,22.1356093207303,180,11,-2.6,0.000001,0.533,0.205,1.99773289457319,0.00971375817343059,7
W:36_L:5_NM:11_T:-2.6,36,5,6.39,22.1356093207303,180,11,-2.6,0.000001,0.545,0.209615384615385,1.99759874320862,0.00968788387345905,8
W:36_L:5_NM:11_T:-2.6,36,5,6.39,22.1356093207303,180,11,-2.6,0.000001,0.558,0.214615384615385,1.99740108312659,0.00969919599841685,4
W:36_L:5_NM:11_T:-2.6,36,5,6.39,22.1356093207303,180,11,-2.6,0.000001,0.57,0.219230769230769,1.99724343729083,0.00971386989033101,4
W:36_L:5_NM:11_T:-2.6,36,5,6.39,22.1356093207303,180,11,-2.6,0.000001,0.583,0.224230769230769,1.99716844167549,0.0097241322415707,4
W:36_L:5_NM:11_T:-2.6,36,5,6.39,22.1356093207303,180,11,-2.6,0.000001,0.595,0.228846153846154,1.99702968305116,0.00981539116680117,4
W:36_L:5_NM:11_T:-2.6,36,5,6.39,22.1356093207303,180,11,-2.6,0.000001,0.608,0.233846153846154,1.99680571101275,0.010121032363274,7
W:36_L:5_NM:11_T:-2.6,36,5,6.39,22.1356093207303,180,11,-2.6,0.000001,0.62,0.238461538461538,1.99542549802153,0.0133764337700202,6
W:36_L:5_NM:11_T:-2.6,36,5,6.39,22.1356093207303,180,11,-2.6,0.000001,0.633,0.243461538461538,5.8245400428483,0.0921585131773323,8
W:36_L:5_NM:11_T:-2.6,36,5,6.39,22.1356093207303,180,11,-2.6,0.000001,0.645,0.248076923076923,5.88170885516597,0.065676623843101,6
W:36_L:5_NM:11_T:-2.6,36,5,6.39,22.1356093207303,180,11,-2.6,0.000001,0.658,0.253076923076923,5.90466354902048,0.055153393121184,6
W:36_L:5_NM:11_T:-2.6,36,5,6.39,22.1356093207303,180,11,-2.6,0.000001,0.67,0.257692307692308,5.91791585445715,0.04935480093533,10
W:36_L:5_NM:11_T:-2.6,36,5,6.39,22.1356093207303,180,11,-2.6,0.000001,0.683,0.262692307692308,5.92811840478789,0.0453814920928514,8
W:36_L:5_NM:11_T:-2.6,36,5,6.39,22.1356093207303,180,11,-2.6,0.000001,0.695,0.267307692307692,5.93514457508232,0.0427289288262607,5
W:36_L:5_NM:11_T:-2.6,36,5,6.39,22.1356093207303,180,11,-2.6,0.000001,0.708,0.272307692307692,5.94115084486479,0.040683061317633,5
W:36_L:5_NM:11_T:-2.6,36,5,6.39,22.1356093207303,180,11,-2.6,0.000001,0.721,0.277307692307692,5.94586391150581,0.0390603153190269,8
W:36_L:5_NM:11_T:-2.6,36,5,6.39,22.1356093207303,180,11,-2.6,0.000001,0.733,0.281923076923077,5.94955045685828,0.0377551444161803,6
W:36_L:5_NM:11_T:-2.6,36,5,6.39,22.1356093207303,180,11,-2.6,0.000001,0.746,0.286923076923077,5.9524482042682,0.0367189316489993,9
W:36_L:5_NM:11_T:-2.6,36,5,6.39,22.1356093207303,180,11,-2.6,0.000001,0.758,0.291538461538462,5.95468053465509,0.0358620340548299,8
W:36_L:5_NM:11_T:-2.6,36,5,6.39,22.1356093207303,180,11,-2.6,0.000001,0.771,0.296538461538462,5.95648043947186,0.0350693285861696,7
W:36_L:5_NM:11_T:-2.6,36,5,6.39,22.1356093207303,180,11,-2.6,0.000001,0.783,0.301153846153846,5.95765381096528,0.0344167407529422,8
W:36_L:5_NM:11_T:-2.6,36,5,6.39,22.1356093207303,180,11,-2.6,0.000001,0.796,0.306153846153846,5.95850991947386,0.0338327849106219,8
W:36_L:5_NM:11_T:-2.6,36,5,6.39,22.1356093207303,180,11,-2.6,0.000001,0.808,0.310769230769231,5.95899978560063,0.0333431889688383,8
W:36_L:5_NM:11_T:-2.6,36,5,6.39,22.1356093207303,180,11,-2.6,0.000001,0.821,0.315769230769231,5.95923999192045,0.0328958270569158,8
W:36_L:5_NM:11_T:-2.6,36,5,6.39,22.1356093207303,180,11,-2.6,0.000001,0.833,0.320384615384615,5.95918511088956,0.0325176087297882,6
W:36_L:5_NM:11_T:-2.6,36,5,6.39,22.1356093207303,180,11,-2.6,0.000001,0.846,0.325384615384615,5.95897760004212,0.0321445655848123,6
W:36_L:5_NM:11_T:-2.6,36,5,6.39,22.1356093207303,180,11,-2.6,0.000001,0.858,0.33,5.95869870316442,0.0318386039322821,5
W:36_L:5_NM:11_T:-2.6,36,5,6.39,22.1356093207303,180,11,-2.6,0.000001,0.871,0.335,5.95825090436424,0.0315568560382522,8
W:36_L:5_NM:11_T:-2.6,36,5,6.39,22.1356093207303,180,11,-2.6,0.000001,0.883,0.339615384615385,5.95781043302553,0.0313023209138943,8
W:36_L:5_NM:11_T:-2.6,36,5,6.39,22.1356093207303,180,11,-2.6,0.000001,0.896,0.344615384615385,5.95732069593342,0.0310682934938187,10
W:36_L:5_NM:11_T:-2.6,36,5,6.39,22.1356093207303,180,11,-2.6,0.000001,0.909,0.349615384615385,5.95686982652814,0.030866399549336,8
W:36_L:5_NM:11_T:-2.6,36,5,6.39,22.1356093207303,180,11,-2.6,0.000001,0.921,0.354230769230769,5.95649649294329,0.0306930044798779,6
W:36_L:5_NM:11_T:-2.6,36,5,6.39,22.1356093207303,180,11,-2.6,0.000001,0.934,0.359230769230769,5.95615957623194,0.0305264131202406,8
W:36_L:5_NM:11_T:-2.6,36,5,6.39,22.1356093207303,180,11,-2.6,0.000001,0.946,0.363846153846154,5.95593992985191,0.0303881331118716,11
W:36_L:5_NM:11_T:-2.6,36,5,6.39,22.1356093207303,180,11,-2.6,0.000001,0.959,0.368846153846154,5.95579731632492,0.0302644716729082,9
W:36_L:5_NM:11_T:-2.6,36,5,6.39,22.1356093207303,180,11,-2.6,0.000001,0.971,0.373461538461538,5.95575919757159,0.0301781090502011,11
W:36_L:5_NM:11_T:-2.6,36,5,6.39,22.1356093207303,180,11,-2.6,0.000001,0.984,0.378461538461538,5.95580454486331,0.0301159854426627,9
W:36_L:5_NM:11_T:-2.6,36,5,6.39,22.1356093207303,180,11,-2.6,0.000001,0.996,0.383076923076923,5.95592554758828,0.0300892544509236,9
W:36_L:5_NM:11_T:-2.6,36,5,6.39,22.1356093207303,180,11,-2.6,0.000001,1.009,0.388076923076923,5.95605248683776,0.0301821061973654,10
W:36_L:5_NM:11_T:-2.6,36,5,6.39,22.1356093207303,180,11,-2.6,0.000001,1.021,0.392692307692308,5.95606774475816,0.0305582133091519,9
W:36_L:5_NM:11_T:-2.6,36,5,6.39,22.1356093207303,180,11,-2.6,0.000001,1.034,0.397692307692308,5.95399823223756,0.0447455779940954,10
W:36_L:5_NM:11_T:-2.6,36,5,6.39,22.1356093207303,180,11,-2.6,0.000001,1.046,0.402307692307692,9.58034616921364,0.129752075185594,11
W:36_L:5_NM:11_T:-2.6,36,5,6.39,22.1356093207303,180,11,-2.6,0.000001,1.059,0.407307692307692,9.73586222165871,0.0962413142098099,12
W:36_L:5_NM:11_T:-2.6,36,5,6.39,22.1356093207303,180,11,-2.6,0.000001,1.071,0.411923076923077,9.78239755673041,0.0846076285534027,11
W:36_L:5_NM:11_T:-2.6,36,5,6.39,22.1356093207303,180,11,-2.6,0.000001,1.084,0.416923076923077,9.81130589896095,0.0773535710810384,12
W:36_L:5_NM:11_T:-2.6,36,5,6.39,22.1356093207303,180,11,-2.6,0.000001,1.096,0.421538461538462,9.82909841420681,0.0730345399808579,13
W:36_L:5_NM:11_T:-2.6,36,5,6.39,22.1356093207303,180,11,-2.6,0.000001,1.109,0.426538461538462,9.84448499353054,0.0695181776287639,13
W:36_L:5_NM:11_T:-2.6,36,5,6.39,22.1356093207303,180,11,-2.6,0.000001,1.122,0.431538461538462,9.85673740777268,0.0668046288453647,12
W:36_L:5_NM:11_T:-2.6,36,5,6.39,22.1356093207303,180,11,-2.6,0.000001,1.134,0.436153846153846,9.86549884075977,0.0648906025054304,13
W:36_L:5_NM:11_T:-2.6,36,5,6.39,22.1356093207303,180,11,-2.6,0.000001,1.147,0.441153846153846,9.87327768266037,0.0631464351577981,10
W:36_L:5_NM:11_T:-2.6,36,5,6.39,22.1356093207303,180,11,-2.6,0.000001,1.159,0.445769230769231,9.87885327280382,0.0618470741142326,10
W:36_L:5_NM:11_T:-2.6,36,5,6.39,22.1356093207303,180,11,-2.6,0.000001,1.172,0.450769230769231,9.88361566799007,0.0606211962567954,9
W:36_L:5_NM:11_T:-2.6,36,5,6.39,22.1356093207303,180,11,-2.6,0.000001,1.184,0.455384615384615,9.88669210754032,0.0596767188274776,12
W:36_L:5_NM:11_T:-2.6,36,5,6.39,22.1356093207303,180,11,-2.6,0.000001,1.197,0.460384615384615,9.88893596865564,0.0587698056517985,12
W:36_L:5_NM:11_T:-2.6,36,5,6.39,22.1356093207303,180,11,-2.6,0.000001,1.209,0.465,9.89000000624379,0.0580328113344147,10
W:36_L:5_NM:11_T:-2.6,36,5,6.39,22.1356093207303,180,11,-2.6,0.000001,1.222,0.47,9.89014287261911,0.0573262681682055,12
W:36_L:5_NM:11_T:-2.6,36,5,6.39,22.1356093207303,180,11,-2.6,0.000001,1.234,0.474615384615385,9.88938412801369,0.0567490184054915,14
W:36_L:5_NM:11_T:-2.6,36,5,6.39,22.1356093207303,180,11,-2.6,0.000001,1.247,0.479615384615385,9.88781028254325,0.0561880111499688,9
W:36_L:5_NM:11_T:-2.6,36,5,6.39,22.1356093207303,180,11,-2.6,0.000001,1.259,0.484230769230769,9.88568545656191,0.0557314341693027,13
W:36_L:5_NM:11_T:-2.6,36,5,6.39,22.1356093207303,180,11,-2.6,0.000001,1.272,0.489230769230769,9.88278874969813,0.0552922998685608,12
W:36_L:5_NM:11_T:-2.6,36,5,6.39,22.1356093207303,180,11,-2.6,0.000001,1.284,0.493846153846154,9.87960245457139,0.0549318422606041,13
W:36_L:5_NM:11_T:-2.6,36,5,6.39,22.1356093207303,180,11,-2.6,0.000001,1.297,0.498846153846154,9.87572624995891,0.0545893346105022,12
W:36_L:5_NM:11_T:-2.6,36,5,6.39,22.1356093207303,180,11,-2.6,0.000001,1.31,0.503846153846154,9.87155458953145,0.0543048191779389,13
W:36_L:5_NM:11_T:-2.6,36,5,6.39,22.1356093207303,180,11,-2.6,0.000001,1.322,0.508461538461539,9.86749901733501,0.0540935711360958,8
W:36_L:5_NM:11_T:-2.6,36,5,6.39,22.1356093207303,180,11,-2.6,0.000001,1.335,0.513461538461538,9.86301815381393,0.053938061526445,10
W:36_L:5_NM:11_T:-2.6,36,5,6.39,22.1356093207303,180,11,-2.6,0.000001,1.347,0.518076923076923,9.85877392644009,0.053883754803486,9
W:36_L:5_NM:11_T:-2.6,36,5,6.39,22.1356093207303,180,11,-2.6,0.000001,1.36,0.523076923076923,9.85410997823986,0.0539972205237572,10
W:36_L:5_NM:11_T:-2.6,36,5,6.39,22.1356093207303,180,11,-2.6,0.000001,1.372,0.527692307692308,9.84967592441564,0.0544446658146307,10
W:36_L:5_NM:11_T:-2.6,36,5,6.39,22.1356093207303,180,11,-2.6,0.000001,1.385,0.532692307692308,9.84358143071563,0.0562143205509463,13
W:36_L:5_NM:11_T:-2.6,36,5,6.39,22.1356093207303,180,11,-2.6,0.000001,1.397,0.537307692307692,9.81912450106935,0.0705043546930632,10
W:36_L:5_NM:11_T:-2.6,36,5,6.39,22.1356093207303,180,11,-2.6,0.000001,1.41,0.542307692307692,9.80176354399446,0.0656831235778387,17
W:36_L:5_NM:11_T:-2.6,36,5,6.39,22.1356093207303,180,11,-2.6,0.000001,1.422,0.546923076923077,11.988496381234,0.149216104201999,12
W:36_L:5_NM:11_T:-2.6,36,5,6.39,22.1356093207303,180,11,-2.6,0.000001,1.435,0.551923076923077,12.830382684351,0.122816421706847,13
W:36_L:5_NM:11_T:-2.6,36,5,6.39,22.1356093207303,180,11,-2.6,0.000001,1.447,0.556538461538462,13.1450709972488,0.112802694008005,18
W:36_L:5_NM:11_T:-2.6,36,5,6.39,22.1356093207303,180,11,-2.6,0.000001,1.46,0.561538461538462,13.3285349569033,0.105927704428659,15
W:36_L:5_NM:11_T:-2.6,36,5,6.39,22.1356093207303,180,11,-2.6,0.000001,1.472,0.566153846153846,13.431325015196,0.101419568367201,14
W:36_L:5_NM:11_T:-2.6,36,5,6.39,22.1356093207303,180,11,-2.6,0.000001,1.485,0.571153846153846,13.5071508228897,0.0975855572218675,14
W:36_L:5_NM:11_T:-2.6,36,5,6.39,22.1356093207303,180,11,-2.6,0.000001,1.497,0.575769230769231,13.555332984643,0.0948088082228059,14
W:36_L:5_NM:11_T:-2.6,36,5,6.39,22.1356093207303,180,11,-2.6,0.000001,1.51,0.580769230769231,13.5934589874426,0.092324783789432,18
W:36_L:5_NM:11_T:-2.6,36,5,6.39,22.1356093207303,180,11,-2.6,0.000001,1.523,0.585769230769231,13.6208257746463,0.0903116280537972,14
W:36_L:5_NM:11_T:-2.6,36,5,6.39,22.1356093207303,180,11,-2.6,0.000001,1.535,0.590384615384615,13.63935055026,0.0887797994255435,20
W:36_L:5_NM:11_T:-2.6,36,5,6.39,22.1356093207303,180,11,-2.6,0.000001,1.548,0.595384615384615,13.6546557750832,0.0873540219112472,14
W:36_L:5_NM:11_T:-2.6,36,5,6.39,22.1356093207303,180,11,-2.6,0.000001,1.56,0.6,13.6649463760906,0.0862608705342232,16
W:36_L:5_NM:11_T:-2.6,36,5,6.39,22.1356093207303,180,11,-2.6,0.000001,1.573,0.605,13.6732085381781,0.085230309895863,14
W:36_L:5_NM:11_T:-2.6,36,5,6.39,22.1356093207303,180,11,-2.6,0.000001,1.585,0.609615384615385,13.6784511782576,0.0844264741999836,17
W:36_L:5_NM:11_T:-2.6,36,5,6.39,22.1356093207303,180,11,-2.6,0.000001,1.598,0.614615384615385,13.6817659141792,0.0836981857120558,20
W:36_L:5_NM:11_T:-2.6,36,5,6.39,22.1356093207303,180,11,-2.6,0.000001,1.61,0.619230769230769,13.6829197600286,0.0831343219409233,17
W:36_L:5_NM:11_T:-2.6,36,5,6.39,22.1356093207303,180,11,-2.6,0.000001,1.623,0.624230769230769,13.6820253042574,0.0826474060280527,21
W:36_L:5_NM:11_T:-2.6,36,5,6.39,22.1356093207303,180,11,-2.6,0.000001,1.635,0.628846153846154,13.6792183469186,0.0823066272743895,20
W:36_L:5_NM:11_T:-2.6,36,5,6.39,22.1356093207303,180,11,-2.6,0.000001,1.648,0.633846153846154,13.6737965821542,0.0820745302893973,18
W:36_L:5_NM:11_T:-2.6,36,5,6.39,22.1356093207303,180,11,-2.6,0.000001,1.66,0.638461538461538,13.6657892417607,0.0820048865256418,16
W:36_L:5_NM:11_T:-2.6,36,5,6.39,22.1356093207303,180,11,-2.6,0.000001,1.673,0.643461538461538,13.6532258395529,0.0821522040825107,13
W:36_L:5_NM:11_T:-2.6,36,5,6.39,22.1356093207303,180,11,-2.6,0.000001,1.685,0.648076923076923,13.6360136032498,0.0825993671333583,20
W:36_L:5_NM:11_T:-2.6,36,5,6.39,22.1356093207303,180,11,-2.6,0.000001,1.698,0.653076923076923,13.6064173782871,0.0837006102677559,17
W:36_L:5_NM:11_T:-2.6,36,5,6.39,22.1356093207303,180,11,-2.6,0.000001,1.711,0.658076923076923,13.5522256353581,0.0862538132051864,18
W:36_L:5_NM:11_T:-2.6,36,5,6.39,22.1356093207303,180,11,-2.6,0.000001,1.723,0.662692307692308,13.4388566553483,0.092439303696806,16
W:36_L:5_NM:11_T:-2.6,36,5,6.39,22.1356093207303,180,11,-2.6,0.000001,1.736,0.667692307692308,13.0265233767648,0.117957668544464,16
W:36_L:5_NM:11_T:-2.6,36,5,6.39,22.1356093207303,180,11,-2.6,0.000001,1.748,0.672307692307692,13.1823358159925,0.117226604758176,18
W:36_L:5_NM:11_T:-2.6,36,5,6.39,22.1356093207303,180,11,-2.6,0.000001,1.761,0.677307692307692,15.1648560751839,0.185621950932925,20
W:36_L:5_NM:11_T:-2.6,36,5,6.39,22.1356093207303,180,11,-2.6,0.000001,1.773,0.681923076923077,16.0782292662816,0.151824005982209,15
W:36_L:5_NM:11_T:-2.6,36,5,6.39,22.1356093207303,180,11,-2.6,0.000001,1.786,0.686923076923077,16.431619978273,0.140922306928315,19
W:36_L:5_NM:11_T:-2.6,36,5,6.39,22.1356093207303,180,11,-2.6,0.000001,1.798,0.691538461538462,16.6344163920169,0.134925399833557,24
W:36_L:5_NM:11_T:-2.6,36,5,6.39,22.1356093207303,180,11,-2.6,0.000001,1.811,0.696538461538461,16.7854826203422,0.130290173497607,20
W:36_L:5_NM:11_T:-2.6,36,5,6.39,22.1356093207303,180,11,-2.6,0.000001,1.823,0.701153846153846,16.8930392720532,0.126748152355396,23
W:36_L:5_NM:11_T:-2.6,36,5,6.39,22.1356093207303,180,11,-2.6,0.000001,1.836,0.706153846153846,16.9807202703634,0.123602772271835,21
W:36_L:5_NM:11_T:-2.6,36,5,6.39,22.1356093207303,180,11,-2.6,0.000001,1.848,0.710769230769231,17.0443354710468,0.121095439306093,26
W:36_L:5_NM:11_T:-2.6,36,5,6.39,22.1356093207303,180,11,-2.6,0.000001,1.861,0.715769230769231,17.0983776334889,0.118808345817237,16
W:36_L:5_NM:11_T:-2.6,36,5,6.39,22.1356093207303,180,11,-2.6,0.000001,1.873,0.720384615384615,17.1380856896519,0.117002339134923,16
W:36_L:5_NM:11_T:-2.6,36,5,6.39,22.1356093207303,180,11,-2.6,0.000001,1.886,0.725384615384615,17.1729756467146,0.115321503654614,22
W:36_L:5_NM:11_T:-2.6,36,5,6.39,22.1356093207303,180,11,-2.6,0.000001,1.898,0.73,17.1996766159836,0.113980971822832,22
W:36_L:5_NM:11_T:-2.6,36,5,6.39,22.1356093207303,180,11,-2.6,0.000001,1.911,0.735,17.2237345177523,0.112755436890659,18
W:36_L:5_NM:11_T:-2.6,36,5,6.39,22.1356093207303,180,11,-2.6,0.000001,1.924,0.74,17.2443739906776,0.111734719978249,21
W:36_L:5_NM:11_T:-2.6,36,5,6.39,22.1356093207303,180,11,-2.6,0.000001,1.936,0.744615384615385,17.2605512023674,0.110957354071851,20
W:36_L:5_NM:11_T:-2.6,36,5,6.39,22.1356093207303,180,11,-2.6,0.000001,1.949,0.749615384615385,17.2752968508317,0.110284853632946,22
W:36_L:5_NM:11_T:-2.6,36,5,6.39,22.1356093207303,180,11,-2.6,0.000001,1.961,0.754230769230769,17.2872628120965,0.109823025972668,22
W:36_L:5_NM:11_T:-2.6,36,5,6.39,22.1356093207303,180,11,-2.6,0.000001,1.974,0.759230769230769,17.2978302918045,0.109508186064967,22
W:36_L:5_NM:11_T:-2.6,36,5,6.39,22.1356093207303,180,11,-2.6,0.000001,1.986,0.763846153846154,17.3046493665164,0.109425030560153,21
W:36_L:5_NM:11_T:-2.6,36,5,6.39,22.1356093207303,180,11,-2.6,0.000001,1.999,0.768846153846154,17.308005918108,0.109668054199015,27
W:36_L:5_NM:11_T:-2.6,36,5,6.39,22.1356093207303,180,11,-2.6,0.000001,2.011,0.773461538461539,17.3041989567532,0.110460354600422,23
W:36_L:5_NM:11_T:-2.6,36,5,6.39,22.1356093207303,180,11,-2.6,0.000001,2.024,0.778461538461538,17.2818036300657,0.11297328337723,23
W:36_L:5_NM:11_T:-2.6,36,5,6.39,22.1356093207303,180,11,-2.6,0.000001,2.036,0.783076923076923,17.1912141198305,0.122926617197069,21
W:36_L:5_NM:11_T:-2.6,36,5,6.39,22.1356093207303,180,11,-2.6,0.000001,2.049,0.788076923076923,17.0610748157516,0.277884112440255,23
W:36_L:5_NM:11_T:-2.6,36,5,6.39,22.1356093207303,180,11,-2.6,0.000001,2.061,0.792692307692308,20.0492040550743,0.210686732674793,22
W:36_L:5_NM:11_T:-2.6,36,5,6.39,22.1356093207303,180,11,-2.6,0.000001,2.074,0.797692307692308,20.4245152180982,0.184456393111622,22
W:36_L:5_NM:11_T:-2.6,36,5,6.39,22.1356093207303,180,11,-2.6,0.000001,2.086,0.802307692307692,20.5833087047577,0.173138376722987,25
W:36_L:5_NM:11_T:-2.6,36,5,6.39,22.1356093207303,180,11,-2.6,0.000001,2.099,0.807307692307692,20.690275468075,0.165467345183811,24
W:36_L:5_NM:11_T:-2.6,36,5,6.39,22.1356093207303,180,11,-2.6,0.000001,2.112,0.812307692307692,20.7659310627549,0.160099197357417,29
W:36_L:5_NM:11_T:-2.6,36,5,6.39,22.1356093207303,180,11,-2.6,0.000001,2.124,0.816923076923077,20.8174966295965,0.156400812383014,29
W:36_L:5_NM:11_T:-2.6,36,5,6.39,22.1356093207303,180,11,-2.6,0.000001,2.137,0.821923076923077,20.8608115313211,0.153313908641353,22
W:36_L:5_NM:11_T:-2.6,36,5,6.39,22.1356093207303,180,11,-2.6,0.000001,2.149,0.826538461538462,20.8914184455141,0.151041017755711,22
W:36_L:5_NM:11_T:-2.6,36,5,6.39,22.1356093207303,180,11,-2.6,0.000001,2.162,0.831538461538461,20.9168515051979,0.149054203472899,24
W:36_L:5_NM:11_T:-2.6,36,5,6.39,22.1356093207303,180,11,-2.6,0.000001,2.174,0.836153846153846,20.9344121388365,0.147575538801649,24
W:36_L:5_NM:11_T:-2.6,36,5,6.39,22.1356093207303,180,11,-2.6,0.000001,2.187,0.841153846153846,20.9482018768016,0.146307755725615,25
W:36_L:5_NM:11_T:-2.6,36,5,6.39,22.1356093207303,180,11,-2.6,0.000001,2.199,0.845769230769231,20.9559670436682,0.145425177455595,25
W:36_L:5_NM:11_T:-2.6,36,5,6.39,22.1356093207303,180,11,-2.6,0.000001,2.212,0.850769230769231,20.9595342891507,0.14480115476841,27
W:36_L:5_NM:11_T:-2.6,36,5,6.39,22.1356093207303,180,11,-2.6,0.000001,2.224,0.855384615384615,20.9582037435375,0.144599303546318,27
W:36_L:5_NM:11_T:-2.6,36,5,6.39,22.1356093207303,180,11,-2.6,0.000001,2.237,0.860384615384615,20.9501481147377,0.144979869224038,28
W:36_L:5_NM:11_T:-2.6,36,5,6.39,22.1356093207303,180,11,-2.6,0.000001,2.249,0.865,20.9324868708462,0.146379221540011,24
W:36_L:5_NM:11_T:-2.6,36,5,6.39,22.1356093207303,180,11,-2.6,0.000001,2.262,0.87,20.885641904853,0.151063339951001,29
W:36_L:5_NM:11_T:-2.6,36,5,6.39,22.1356093207303,180,11,-2.6,0.000001,2.274,0.874615384615385,20.7182943067823,0.171614025397691,29
W:36_L:5_NM:11_T:-2.6,36,5,6.39,22.1356093207303,180,11,-2.6,0.000001,2.287,0.879615384615385,21.9513807404865,0.321853552883495,27
W:36_L:5_NM:11_T:-2.6,36,5,6.39,22.1356093207303,180,11,-2.6,0.000001,2.299,0.884230769230769,23.5378184162028,0.234848529114371,30
W:36_L:5_NM:11_T:-2.6,36,5,6.39,22.1356093207303,180,11,-2.6,0.000001,2.312,0.889230769230769,23.831143893086,0.213891560256085,28
W:36_L:5_NM:11_T:-2.6,36,5,6.39,22.1356093207303,180,11,-2.6,0.000001,2.325,0.894230769230769,23.9712927400632,0.203548177508984,30
W:36_L:5_NM:11_T:-2.6,36,5,6.39,22.1356093207303,180,11,-2.6,0.000001,2.337,0.898846153846154,24.0507615546162,0.197556191969652,31
W:36_L:5_NM:11_T:-2.6,36,5,6.39,22.1356093207303,180,11,-2.6,0.000001,2.35,0.903846153846154,24.1093218066028,0.193123239609876,28
W:36_L:5_NM:11_T:-2.6,36,5,6.39,22.1356093207303,180,11,-2.6,0.000001,2.362,0.908461538461538,24.1481089246851,0.190276499827176,26
W:36_L:5_NM:11_T:-2.6,36,5,6.39,22.1356093207303,180,11,-2.6,0.000001,2.375,0.913461538461538,24.1799311472068,0.188206919266351,37
W:36_L:5_NM:11_T:-2.6,36,5,6.39,22.1356093207303,180,11,-2.6,0.000001,2.387,0.918076923076923,24.199850672564,0.187118091918226,28
W:36_L:5_NM:11_T:-2.6,36,5,6.39,22.1356093207303,180,11,-2.6,0.000001,2.4,0.923076923076923,24.2124093575018,0.186898948584387,31
W:36_L:5_NM:11_T:-2.6,36,5,6.39,22.1356093207303,180,11,-2.6,0.000001,2.412,0.927692307692308,24.2114786060834,0.187929004234026,31
W:36_L:5_NM:11_T:-2.6,36,5,6.39,22.1356093207303,180,11,-2.6,0.000001,2.425,0.932692307692308,24.1794609606059,0.191782372926607,26
W:36_L:5_NM:11_T:-2.6,36,5,6.39,22.1356093207303,180,11,-2.6,0.000001,2.437,0.937307692307692,24.0590786041579,0.203718089692147,30
W:36_L:5_NM:11_T:-2.6,36,5,6.39,22.1356093207303,180,11,-2.6,0.000001,2.45,0.942307692307692,23.4648576825652,0.274406450641641,30
W:36_L:5_NM:11_T:-2.6,36,5,6.39,22.1356093207303,180,11,-2.6,0.000001,2.462,0.946923076923077,26.126556103892,0.314110965695601,34
W:36_L:5_NM:11_T:-2.6,36,5,6.39,22.1356093207303,180,11,-2.6,0.000001,2.475,0.951923076923077,27.0541133585067,0.270881984031419,32
W:36_L:5_NM:11_T:-2.6,36,5,6.39,22.1356093207303,180,11,-2.6,0.000001,2.487,0.956538461538462,27.3031865029485,0.256912398142259,34
W:36_L:5_NM:11_T:-2.6,36,5,6.39,22.1356093207303,180,11,-2.6,0.000001,2.5,0.961538461538462,27.4480989650967,0.24911743917129,31
W:36_L:9_NM:19_T:-2.6,36,9,12.07,22.1356093207303,324,19,-2.6,0.000001,-2.5,-0.961538461538462,25.4066490476977,0.245881880108171,35
W:36_L:9_NM:19_T:-2.6,36,9,12.07,22.1356093207303,324,19,-2.6,0.000001,-2.487,-0.956538461538462,25.2742432467665,0.24979708850966,39
W:36_L:9_NM:19_T:-2.6,36,9,12.07,22.1356093207303,324,19,-2.6,0.000001,-2.475,-0.951923076923077,25.0112251641031,0.258367242156499,27
W:36_L:9_NM:19_T:-2.6,36,9,12.07,22.1356093207303,324,19,-2.6,0.000001,-2.462,-0.946923076923077,24.108150707062,0.289471565581622,26
W:36_L:9_NM:19_T:-2.6,36,9,12.07,22.1356093207303,324,19,-2.6,0.000001,-2.45,-0.942307692307692,22.5489786102142,0.246647964887828,31
W:36_L:9_NM:19_T:-2.6,36,9,12.07,22.1356093207303,324,19,-2.6,0.000001,-2.437,-0.937307692307692,22.5131179946349,0.233976772111027,33
W:36_L:9_NM:19_T:-2.6,36,9,12.07,22.1356093207303,324,19,-2.6,0.000001,-2.425,-0.932692307692308,22.677892402911,0.221324846130248,31
W:36_L:9_NM:19_T:-2.6,36,9,12.07,22.1356093207303,324,19,-2.6,0.000001,-2.412,-0.927692307692308,23.0816422641032,0.204149640703434,33
W:36_L:9_NM:19_T:-2.6,36,9,12.07,22.1356093207303,324,19,-2.6,0.000001,-2.4,-0.923076923076923,23.2438541168062,0.198307141214591,33
W:36_L:9_NM:19_T:-2.6,36,9,12.07,22.1356093207303,324,19,-2.6,0.000001,-2.387,-0.918076923076923,23.3062070283843,0.196402338454763,32
W:36_L:9_NM:19_T:-2.6,36,9,12.07,22.1356093207303,324,19,-2.6,0.000001,-2.375,-0.913461538461538,23.3026447564378,0.196517975915239,28
W:36_L:9_NM:19_T:-2.6,36,9,12.07,22.1356093207303,324,19,-2.6,0.000001,-2.362,-0.908461538461538,23.2459019861063,0.197843294039818,32
W:36_L:9_NM:19_T:-2.6,36,9,12.07,22.1356093207303,324,19,-2.6,0.000001,-2.35,-0.903846153846154,23.1497491774824,0.19990095541239,33
W:36_L:9_NM:19_T:-2.6,36,9,12.07,22.1356093207303,324,19,-2.6,0.000001,-2.337,-0.898846153846154,22.9894494642827,0.202886626580275,33
W:36_L:9_NM:19_T:-2.6,36,9,12.07,22.1356093207303,324,19,-2.6,0.000001,-2.325,-0.894230769230769,22.778038930448,0.206267054414046,32
W:36_L:9_NM:19_T:-2.6,36,9,12.07,22.1356093207303,324,19,-2.6,0.000001,-2.312,-0.889230769230769,22.4427894546569,0.210537542191641,31
W:36_L:9_NM:19_T:-2.6,36,9,12.07,22.1356093207303,324,19,-2.6,0.000001,-2.299,-0.884230769230769,21.8752899942792,0.215610518439046,27
W:36_L:9_NM:19_T:-2.6,36,9,12.07,22.1356093207303,324,19,-2.6,0.000001,-2.287,-0.879615384615385,20.2773631982936,0.225489861204266,25
W:36_L:9_NM:19_T:-2.6,36,9,12.07,22.1356093207303,324,19,-2.6,0.000001,-2.274,-0.874615384615385,19.0181826680236,0.22033081659289,22
W:36_L:9_NM:19_T:-2.6,36,9,12.07,22.1356093207303,324,19,-2.6,0.000001,-2.262,-0.87,19.8174435099948,0.179826625907614,27
W:36_L:9_NM:19_T:-2.6,36,9,12.07,22.1356093207303,324,19,-2.6,0.000001,-2.249,-0.865,20.1323526871397,0.15824873281936,23
W:36_L:9_NM:19_T:-2.6,36,9,12.07,22.1356093207303,324,19,-2.6,0.000001,-2.237,-0.860384615384615,20.2000284591398,0.152061666188726,29
W:36_L:9_NM:19_T:-2.6,36,9,12.07,22.1356093207303,324,19,-2.6,0.000001,-2.224,-0.855384615384615,20.2080484754587,0.149244784089885,25
W:36_L:9_NM:19_T:-2.6,36,9,12.07,22.1356093207303,324,19,-2.6,0.000001,-2.212,-0.850769230769231,20.1895971708968,0.148081861000673,29
W:36_L:9_NM:19_T:-2.6,36,9,12.07,22.1356093207303,324,19,-2.6,0.000001,-2.199,-0.845769230769231,20.1521302711543,0.147621313060073,20
W:36_L:9_NM:19_T:-2.6,36,9,12.07,22.1356093207303,324,19,-2.6,0.000001,-2.187,-0.841153846153846,20.106366917871,0.147674432114312,32
W:36_L:9_NM:19_T:-2.6,36,9,12.07,22.1356093207303,324,19,-2.6,0.000001,-2.174,-0.836153846153846,20.0472160688317,0.148126149086319,29
W:36_L:9_NM:19_T:-2.6,36,9,12.07,22.1356093207303,324,19,-2.6,0.000001,-2.162,-0.831538461538461,19.9848326439373,0.148869305118658,22
W:36_L:9_NM:19_T:-2.6,36,9,12.07,22.1356093207303,324,19,-2.6,0.000001,-2.149,-0.826538461538462,19.9094246154381,0.150031848675936,26
W:36_L:9_NM:19_T:-2.6,36,9,12.07,22.1356093207303,324,19,-2.6,0.000001,-2.137,-0.821923076923077,19.8323546894918,0.151476046889981,29
W:36_L:9_NM:19_T:-2.6,36,9,12.07,22.1356093207303,324,19,-2.6,0.000001,-2.124,-0.816923076923077,19.7407059540028,0.15353675639957,25
W:36_L:9_NM:19_T:-2.6,36,9,12.07,22.1356093207303,324,19,-2.6,0.000001,-2.112,-0.812307692307692,19.6449161793996,0.156056041689202,25
W:36_L:9_NM:19_T:-2.6,36,9,12.07,22.1356093207303,324,19,-2.6,0.000001,-2.099,-0.807307692307692,19.5252961744038,0.159739222178779,21
W:36_L:9_NM:19_T:-2.6,36,9,12.07,22.1356093207303,324,19,-2.6,0.000001,-2.086,-0.802307692307692,19.3785612532222,0.165080264485341,21
W:36_L:9_NM:19_T:-2.6,36,9,12.07,22.1356093207303,324,19,-2.6,0.000001,-2.074,-0.797692307692308,19.1898622630849,0.172672868957061,22
W:36_L:9_NM:19_T:-2.6,36,9,12.07,22.1356093207303,324,19,-2.6,0.000001,-2.061,-0.792692307692308,18.7910518017697,0.189858002838555,27
W:36_L:9_NM:19_T:-2.6,36,9,12.07,22.1356093207303,324,19,-2.6,0.000001,-2.049,-0.788076923076923,15.7891402943525,0.320701400867886,23
W:36_L:9_NM:19_T:-2.6,36,9,12.07,22.1356093207303,324,19,-2.6,0.000001,-2.036,-0.783076923076923,16.2199963870141,0.151541793334419,26
W:36_L:9_NM:19_T:-2.6,36,9,12.07,22.1356093207303,324,19,-2.6,0.000001,-2.024,-0.778461538461538,16.6284163956068,0.121365621987381,27
W:36_L:9_NM:19_T:-2.6,36,9,12.07,22.1356093207303,324,19,-2.6,0.000001,-2.011,-0.773461538461539,16.7603648634362,0.114457674454131,24
W:36_L:9_NM:19_T:-2.6,36,9,12.07,22.1356093207303,324,19,-2.6,0.000001,-1.999,-0.768846153846154,16.8186668735185,0.112255180874542,21
W:36_L:9_NM:19_T:-2.6,36,9,12.07,22.1356093207303,324,19,-2.6,0.000001,-1.986,-0.763846153846154,16.8559450188082,0.111318504751555,24
W:36_L:9_NM:19_T:-2.6,36,9,12.07,22.1356093207303,324,19,-2.6,0.000001,-1.974,-0.759230769230769,16.8774392593243,0.111066416639928,21
W:36_L:9_NM:19_T:-2.6,36,9,12.07,22.1356093207303,324,19,-2.6,0.000001,-1.961,-0.754230769230769,16.8915651263296,0.111163524394633,19
W:36_L:9_NM:19_T:-2.6,36,9,12.07,22.1356093207303,324,19,-2.6,0.000001,-1.949,-0.749615384615385,16.8977605892161,0.111483384669089,24
W:36_L:9_NM:19_T:-2.6,36,9,12.07,22.1356093207303,324,19,-2.6,0.000001,-1.936,-0.744615384615385,16.8981114576154,0.112023166757104,25
W:36_L:9_NM:19_T:-2.6,36,9,12.07,22.1356093207303,324,19,-2.6,0.000001,-1.924,-0.74,16.8926856113691,0.112677930969025,18
W:36_L:9_NM:19_T:-2.6,36,9,12.07,22.1356093207303,324,19,-2.6,0.000001,-1.911,-0.735,16.8807990717422,0.113551770551503,23
W:36_L:9_NM:19_T:-2.6,36,9,12.07,22.1356093207303,324,19,-2.6,0.000001,-1.898,-0.73,16.8623651833972,0.114604253556564,20
W:36_L:9_NM:19_T:-2.6,36,9,12.07,22.1356093207303,324,19,-2.6,0.000001,-1.886,-0.725384615384615,16.8384457268175,0.115753575024115,20
W:36_L:9_NM:19_T:-2.6,36,9,12.07,22.1356093207303,324,19,-2.6,0.000001,-1.873,-0.720384615384615,16.8063712796807,0.117215186128573,21
W:36_L:9_NM:19_T:-2.6,36,9,12.07,22.1356093207303,324,19,-2.6,0.000001,-1.861,-0.715769230769231,16.7682897808965,0.118808138116564,20
W:36_L:9_NM:19_T:-2.6,36,9,12.07,22.1356093207303,324,19,-2.6,0.000001,-1.848,-0.710769230769231,16.7164050695637,0.120870655635859,19
W:36_L:9_NM:19_T:-2.6,36,9,12.07,22.1356093207303,324,19,-2.6,0.000001,-1.836,-0.706153846153846,16.6580079617102,0.1231730206728,17
W:36_L:9_NM:19_T:-2.6,36,9,12.07,22.1356093207303,324,19,-2.6,0.000001,-1.823,-0.701153846153846,16.5785644404168,0.126249161256047,23
W:36_L:9_NM:19_T:-2.6,36,9,12.07,22.1356093207303,324,19,-2.6,0.000001,-1.811,-0.696538461538461,16.4808817850923,0.129930943303446,16
W:36_L:9_NM:19_T:-2.6,36,9,12.07,22.1356093207303,324,19,-2.6,0.000001,-1.798,-0.691538461538462,16.3444190115257,0.135217921803322,19
W:36_L:9_NM:19_T:-2.6,36,9,12.07,22.1356093207303,324,19,-2.6,0.000001,-1.786,-0.686923076923077,16.1494763506571,0.142624912650715,21
W:36_L:9_NM:19_T:-2.6,36,9,12.07,22.1356093207303,324,19,-2.6,0.000001,-1.773,-0.681923076923077,15.7776388425836,0.156938310469409,22
W:36_L:9_NM:19_T:-2.6,36,9,12.07,22.1356093207303,324,19,-2.6,0.000001,-1.761,-0.677307692307692,14.6637490664453,0.20147683284996,20
W:36_L:9_NM:19_T:-2.6,36,9,12.07,22.1356093207303,324,19,-2.6,0.000001,-1.748,-0.672307692307692,12.3370169448315,0.156438466142309,22
W:36_L:9_NM:19_T:-2.6,36,9,12.07,22.1356093207303,324,19,-2.6,0.000001,-1.736,-0.667692307692308,13.071790384832,0.101193844091379,19
W:36_L:9_NM:19_T:-2.6,36,9,12.07,22.1356093207303,324,19,-2.6,0.000001,-1.723,-0.662692307692308,13.2803583637884,0.0858948738425337,20
W:36_L:9_NM:19_T:-2.6,36,9,12.07,22.1356093207303,324,19,-2.6,0.000001,-1.711,-0.658076923076923,13.3350767671961,0.0824227522440046,21
W:36_L:9_NM:19_T:-2.6,36,9,12.07,22.1356093207303,324,19,-2.6,0.000001,-1.698,-0.653076923076923,13.3652963693934,0.0810484943492003,21
W:36_L:9_NM:19_T:-2.6,36,9,12.07,22.1356093207303,324,19,-2.6,0.000001,-1.685,-0.648076923076923,13.3861992129775,0.0805492000418322,22
W:36_L:9_NM:19_T:-2.6,36,9,12.07,22.1356093207303,324,19,-2.6,0.000001,-1.673,-0.643461538461538,13.4019400846703,0.0804517822139417,16
W:36_L:9_NM:19_T:-2.6,36,9,12.07,22.1356093207303,324,19,-2.6,0.000001,-1.66,-0.638461538461538,13.4168342846572,0.0805740701057601,20
W:36_L:9_NM:19_T:-2.6,36,9,12.07,22.1356093207303,324,19,-2.6,0.000001,-1.648,-0.633846153846154,13.4292879504686,0.080831871450208,16
W:36_L:9_NM:19_T:-2.6,36,9,12.07,22.1356093207303,324,19,-2.6,0.000001,-1.635,-0.628846153846154,13.4420281780667,0.081233663846241,16
W:36_L:9_NM:19_T:-2.6,36,9,12.07,22.1356093207303,324,19,-2.6,0.000001,-1.623,-0.624230769230769,13.4523312959841,0.0817002389667819,18
W:36_L:9_NM:19_T:-2.6,36,9,12.07,22.1356093207303,324,19,-2.6,0.000001,-1.61,-0.619230769230769,13.4628298174945,0.0823070973524574,18
W:36_L:9_NM:19_T:-2.6,36,9,12.07,22.1356093207303,324,19,-2.6,0.000001,-1.598,-0.614615384615385,13.4704988931175,0.0829570016358199,18
W:36_L:9_NM:19_T:-2.6,36,9,12.07,22.1356093207303,324,19,-2.6,0.000001,-1.585,-0.609615384615385,13.4778804634503,0.0837689925025916,18
W:36_L:9_NM:19_T:-2.6,36,9,12.07,22.1356093207303,324,19,-2.6,0.000001,-1.573,-0.605,13.4820885187432,0.0846260036507418,20
W:36_L:9_NM:19_T:-2.6,36,9,12.07,22.1356093207303,324,19,-2.6,0.000001,-1.56,-0.6,13.484129395623,0.0856880267978603,12
W:36_L:9_NM:19_T:-2.6,36,9,12.07,22.1356093207303,324,19,-2.6,0.000001,-1.548,-0.595384615384615,13.4843402883945,0.0868168605852087,18
W:36_L:9_NM:19_T:-2.6,36,9,12.07,22.1356093207303,324,19,-2.6,0.000001,-1.535,-0.590384615384615,13.4798607529952,0.0882323968496067,16
W:36_L:9_NM:19_T:-2.6,36,9,12.07,22.1356093207303,324,19,-2.6,0.000001,-1.523,-0.585769230769231,13.4727075685332,0.0897745593047823,19
W:36_L:9_NM:19_T:-2.6,36,9,12.07,22.1356093207303,324,19,-2.6,0.000001,-1.51,-0.580769230769231,13.4588879807013,0.0917755092743008,20
W:36_L:9_NM:19_T:-2.6,36,9,12.07,22.1356093207303,324,19,-2.6,0.000001,-1.497,-0.575769230769231,13.4373047532161,0.0942229426345587,18
W:36_L:9_NM:19_T:-2.6,36,9,12.07,22.1356093207303,324,19,-2.6,0.000001,-1.485,-0.571153846153846,13.4102538936513,0.0970857093785345,17
W:36_L:9_NM:19_T:-2.6,36,9,12.07,22.1356093207303,324,19,-2.6,0.000001,-1.472,-0.566153846153846,13.3668089706252,0.101101851107941,13
W:36_L:9_NM:19_T:-2.6,36,9,12.07,22.1356093207303,324,19,-2.6,0.000001,-1.46,-0.561538461538462,13.3104784399163,0.106292797534824,14
W:36_L:9_NM:19_T:-2.6,36,9,12.07,22.1356093207303,324,19,-2.6,0.000001,-1.447,-0.556538461538462,13.2087327965006,0.114857996282958,14
W:36_L:9_NM:19_T:-2.6,36,9,12.07,22.1356093207303,324,19,-2.6,0.000001,-1.435,-0.551923076923077,13.0257696001263,0.129534721488874,11
W:36_L:9_NM:19_T:-2.6,36,9,12.07,22.1356093207303,324,19,-2.6,0.000001,-1.422,-0.546923076923077,12.3746759542754,0.178734676109845,15
W:36_L:9_NM:19_T:-2.6,36,9,12.07,22.1356093207303,324,19,-2.6,0.000001,-1.41,-0.542307692307692,9.51978176800457,0.104273475009359,17
W:36_L:9_NM:19_T:-2.6,36,9,12.07,22.1356093207303,324,19,-2.6,0.000001,-1.397,-0.537307692307692,9.779243763862,0.0595706966620966,18
W:36_L:9_NM:19_T:-2.6,36,9,12.07,22.1356093207303,324,19,-2.6,0.000001,-1.385,-0.532692307692308,9.79597554649686,0.0559972041910456,14
W:36_L:9_NM:19_T:-2.6,36,9,12.07,22.1356093207303,324,19,-2.6,0.000001,-1.372,-0.527692307692308,9.79796839655109,0.0547547940704724,16
W:36_L:9_NM:19_T:-2.6,36,9,12.07,22.1356093207303,324,19,-2.6,0.000001,-1.36,-0.523076923076923,9.79589236332803,0.0542832271098841,12
W:36_L:9_NM:19_T:-2.6,36,9,12.07,22.1356093207303,324,19,-2.6,0.000001,-1.347,-0.518076923076923,9.79188868044416,0.0540795127926335,12
W:36_L:9_NM:19_T:-2.6,36,9,12.07,22.1356093207303,324,19,-2.6,0.000001,-1.335,-0.513461538461538,9.78760680408002,0.0540449332991606,11
W:36_L:9_NM:19_T:-2.6,36,9,12.07,22.1356093207303,324,19,-2.6,0.000001,-1.322,-0.508461538461539,9.78282955935956,0.0541142616287732,13
W:36_L:9_NM:19_T:-2.6,36,9,12.07,22.1356093207303,324,19,-2.6,0.000001,-1.31,-0.503846153846154,9.77849022373392,0.0542527343579729,12
W:36_L:9_NM:19_T:-2.6,36,9,12.07,22.1356093207303,324,19,-2.6,0.000001,-1.297,-0.498846153846154,9.77400968734846,0.0544693882799236,15
W:36_L:9_NM:19_T:-2.6,36,9,12.07,22.1356093207303,324,19,-2.6,0.000001,-1.284,-0.493846153846154,9.76968479509388,0.0547490408979291,11
W:36_L:9_NM:19_T:-2.6,36,9,12.07,22.1356093207303,324,19,-2.6,0.000001,-1.272,-0.489230769230769,9.76605524693015,0.0550618071620249,12
W:36_L:9_NM:19_T:-2.6,36,9,12.07,22.1356093207303,324,19,-2.6,0.000001,-1.259,-0.484230769230769,9.76272009984948,0.0554620812711314,10
W:36_L:9_NM:19_T:-2.6,36,9,12.07,22.1356093207303,324,19,-2.6,0.000001,-1.247,-0.479615384615385,9.75967489584624,0.0558894726345251,12
W:36_L:9_NM:19_T:-2.6,36,9,12.07,22.1356093207303,324,19,-2.6,0.000001,-1.234,-0.474615384615385,9.7564545068622,0.0564223559543892,13
W:36_L:9_NM:19_T:-2.6,36,9,12.07,22.1356093207303,324,19,-2.6,0.000001,-1.222,-0.47,9.75352186836646,0.0569807690189376,10
W:36_L:9_NM:19_T:-2.6,36,9,12.07,22.1356093207303,324,19,-2.6,0.000001,-1.209,-0.465,9.75027732386259,0.0576754903935556,12
W:36_L:9_NM:19_T:-2.6,36,9,12.07,22.1356093207303,324,19,-2.6,0.000001,-1.197,-0.460384615384615,9.74688374482505,0.058408460111387,14
W:36_L:9_NM:19_T:-2.6,36,9,12.07,22.1356093207303,324,19,-2.6,0.000001,-1.184,-0.455384615384615,9.74275555422679,0.05932742244731,15
W:36_L:9_NM:19_T:-2.6,36,9,12.07,22.1356093207303,324,19,-2.6,0.000001,-1.172,-0.450769230769231,9.73793477222563,0.0602873227043488,14
W:36_L:9_NM:19_T:-2.6,36,9,12.07,22.1356093207303,324,19,-2.6,0.000001,-1.159,-0.445769230769231,9.73067270152895,0.0615040447689053,9
W:36_L:9_NM:19_T:-2.6,36,9,12.07,22.1356093207303,324,19,-2.6,0.000001,-1.147,-0.441153846153846,9.7225394042212,0.0628248593331207,15
W:36_L:9_NM:19_T:-2.6,36,9,12.07,22.1356093207303,324,19,-2.6,0.000001,-1.134,-0.436153846153846,9.71022327463847,0.0645651582075153,9
W:36_L:9_NM:19_T:-2.6,36,9,12.07,22.1356093207303,324,19,-2.6,0.000001,-1.122,-0.431538461538462,9.6953291451451,0.0664744391565728,15
W:36_L:9_NM:19_T:-2.6,36,9,12.07,22.1356093207303,324,19,-2.6,0.000001,-1.109,-0.426538461538462,9.67188153007601,0.0690812773537597,10
W:36_L:9_NM:19_T:-2.6,36,9,12.07,22.1356093207303,324,19,-2.6,0.000001,-1.096,-0.421538461538462,9.63950215525092,0.0724559634054627,11
W:36_L:9_NM:19_T:-2.6,36,9,12.07,22.1356093207303,324,19,-2.6,0.000001,-1.084,-0.416923076923077,9.59784166912257,0.0766180693001171,10
W:36_L:9_NM:19_T:-2.6,36,9,12.07,22.1356093207303,324,19,-2.6,0.000001,-1.071,-0.411923076923077,9.5230074550543,0.0832890385693042,17
W:36_L:9_NM:19_T:-2.6,36,9,12.07,22.1356093207303,324,19,-2.6,0.000001,-1.059,-0.407307692307692,9.39527304072612,0.0934864487364094,10
W:36_L:9_NM:19_T:-2.6,36,9,12.07,22.1356093207303,324,19,-2.6,0.000001,-1.046,-0.402307692307692,8.99857651627891,0.119868190600111,12
W:36_L:9_NM:19_T:-2.6,36,9,12.07,22.1356093207303,324,19,-2.6,0.000001,-1.034,-0.397692307692308,5.831812649378,0.0871785702580622,8
W:36_L:9_NM:19_T:-2.6,36,9,12.07,22.1356093207303,324,19,-2.6,0.000001,-1.021,-0.392692307692308,5.8684420296474,0.0339295794863921,6
W:36_L:9_NM:19_T:-2.6,36,9,12.07,22.1356093207303,324,19,-2.6,0.000001,-1.009,-0.388076923076923,5.87883478730725,0.0312837871955278,10
W:36_L:9_NM:19_T:-2.6,36,9,12.07,22.1356093207303,324,19,-2.6,0.000001,-0.996,-0.383076923076923,5.88236570728548,0.0305909223033882,10
W:36_L:9_NM:19_T:-2.6,36,9,12.07,22.1356093207303,324,19,-2.6,0.000001,-0.984,-0.378461538461538,5.88387850158487,0.0303756583700951,10
W:36_L:9_NM:19_T:-2.6,36,9,12.07,22.1356093207303,324,19,-2.6,0.000001,-0.971,-0.373461538461538,5.88504874182079,0.0302951888551947,7
W:36_L:9_NM:19_T:-2.6,36,9,12.07,22.1356093207303,324,19,-2.6,0.000001,-0.959,-0.368846153846154,5.88595060352296,0.0303025201592032,8
W:36_L:9_NM:19_T:-2.6,36,9,12.07,22.1356093207303,324,19,-2.6,0.000001,-0.946,-0.363846153846154,5.88666416975514,0.0303613560307102,8
W:36_L:9_NM:19_T:-2.6,36,9,12.07,22.1356093207303,324,19,-2.6,0.000001,-0.934,-0.359230769230769,5.88710179900552,0.0304482742605916,7
W:36_L:9_NM:19_T:-2.6,36,9,12.07,22.1356093207303,324,19,-2.6,0.000001,-0.921,-0.354230769230769,5.88771299015384,0.030575552942657,9
W:36_L:9_NM:19_T:-2.6,36,9,12.07,22.1356093207303,324,19,-2.6,0.000001,-0.909,-0.349615384615385,5.88819744638594,0.0307173442221113,9
W:36_L:9_NM:19_T:-2.6,36,9,12.07,22.1356093207303,324,19,-2.6,0.000001,-0.896,-0.344615384615385,5.88876940240496,0.0308947441825569,6
W:36_L:9_NM:19_T:-2.6,36,9,12.07,22.1356093207303,324,19,-2.6,0.000001,-0.883,-0.339615384615385,5.88927707079004,0.031102988696623,7
W:36_L:9_NM:19_T:-2.6,36,9,12.07,22.1356093207303,324,19,-2.6,0.000001,-0.871,-0.335,5.88959758857494,0.0313260143505916,10
W:36_L:9_NM:19_T:-2.6,36,9,12.07,22.1356093207303,324,19,-2.6,0.000001,-0.858,-0.33,5.89015841453698,0.0315932988139768,8
W:36_L:9_NM:19_T:-2.6,36,9,12.07,22.1356093207303,324,19,-2.6,0.000001,-0.846,-0.325384615384615,5.89026662121616,0.0318670564035819,8
W:36_L:9_NM:19_T:-2.6,36,9,12.07,22.1356093207303,324,19,-2.6,0.000001,-0.833,-0.320384615384615,5.8904540268566,0.0322108586416555,10
W:36_L:9_NM:19_T:-2.6,36,9,12.07,22.1356093207303,324,19,-2.6,0.000001,-0.821,-0.315769230769231,5.89073975270192,0.0325732120375886,10
W:36_L:9_NM:19_T:-2.6,36,9,12.07,22.1356093207303,324,19,-2.6,0.000001,-0.808,-0.310769230769231,5.89065292854854,0.0329948544047605,9
W:36_L:9_NM:19_T:-2.6,36,9,12.07,22.1356093207303,324,19,-2.6,0.000001,-0.796,-0.306153846153846,5.89037119988195,0.0334535931598351,8
W:36_L:9_NM:19_T:-2.6,36,9,12.07,22.1356093207303,324,19,-2.6,0.000001,-0.783,-0.301153846153846,5.89000275625506,0.0340145766543147,11
W:36_L:9_NM:19_T:-2.6,36,9,12.07,22.1356093207303,324,19,-2.6,0.000001,-0.771,-0.296538461538462,5.88937437979317,0.0346392479702361,8
W:36_L:9_NM:19_T:-2.6,36,9,12.07,22.1356093207303,324,19,-2.6,0.000001,-0.758,-0.291538461538462,5.88821338705022,0.0353978681356707,7
W:36_L:9_NM:19_T:-2.6,36,9,12.07,22.1356093207303,324,19,-2.6,0.000001,-0.746,-0.286923076923077,5.88649279277262,0.036209346840588,8
W:36_L:9_NM:19_T:-2.6,36,9,12.07,22.1356093207303,324,19,-2.6,0.000001,-0.733,-0.281923076923077,5.88480974272275,0.037240293898082,8
W:36_L:9_NM:19_T:-2.6,36,9,12.07,22.1356093207303,324,19,-2.6,0.000001,-0.721,-0.277307692307692,5.88134670643109,0.0384614701297713,7
W:36_L:9_NM:19_T:-2.6,36,9,12.07,22.1356093207303,324,19,-2.6,0.000001,-0.708,-0.272307692307692,5.87754748838841,0.040048821849621,7
W:36_L:9_NM:19_T:-2.6,36,9,12.07,22.1356093207303,324,19,-2.6,0.000001,-0.695,-0.267307692307692,5.87112017944645,0.0419799726401766,10
W:36_L:9_NM:19_T:-2.6,36,9,12.07,22.1356093207303,324,19,-2.6,0.000001,-0.683,-0.262692307692308,5.8639443563973,0.0445642230804932,7
W:36_L:9_NM:19_T:-2.6,36,9,12.07,22.1356093207303,324,19,-2.6,0.000001,-0.67,-0.257692307692308,5.84923427827104,0.0482458822632054,5
W:36_L:9_NM:19_T:-2.6,36,9,12.07,22.1356093207303,324,19,-2.6,0.000001,-0.658,-0.253076923076923,5.82930625193275,0.0537408222843775,7
W:36_L:9_NM:19_T:-2.6,36,9,12.07,22.1356093207303,324,19,-2.6,0.000001,-0.645,-0.248076923076923,5.78822675683408,0.0635708508310576,8
W:36_L:9_NM:19_T:-2.6,36,9,12.07,22.1356093207303,324,19,-2.6,0.000001,-0.633,-0.243461538461538,5.66470658166675,0.0875400279756453,8
W:36_L:9_NM:19_T:-2.6,36,9,12.07,22.1356093207303,324,19,-2.6,0.000001,-0.62,-0.238461538461538,1.99631134943777,0.0140820681785874,10
W:36_L:9_NM:19_T:-2.6,36,9,12.07,22.1356093207303,324,19,-2.6,0.000001,-0.608,-0.233846153846154,1.99637720224442,0.00997485323566804,7
W:36_L:9_NM:19_T:-2.6,36,9,12.07,22.1356093207303,324,19,-2.6,0.000001,-0.595,-0.228846153846154,1.99660636725474,0.0097422777062295,7
W:36_L:9_NM:19_T:-2.6,36,9,12.07,22.1356093207303,324,19,-2.6,0.000001,-0.583,-0.224230769230769,1.99681300502095,0.00966339764991209,4
W:36_L:9_NM:19_T:-2.6,36,9,12.07,22.1356093207303,324,19,-2.6,0.000001,-0.57,-0.219230769230769,1.99688965089323,0.00964723813550679,6
W:36_L:9_NM:19_T:-2.6,36,9,12.07,22.1356093207303,324,19,-2.6,0.000001,-0.558,-0.214615384615385,1.99691558650146,0.00963638304093593,7
W:36_L:9_NM:19_T:-2.6,36,9,12.07,22.1356093207303,324,19,-2.6,0.000001,-0.545,-0.209615384615385,1.99694236587057,0.00962096794658491,6
W:36_L:9_NM:19_T:-2.6,36,9,12.07,22.1356093207303,324,19,-2.6,0.000001,-0.533,-0.205,1.99689540076755,0.00962986800401994,4
W:36_L:9_NM:19_T:-2.6,36,9,12.07,22.1356093207303,324,19,-2.6,0.000001,-0.52,-0.2,1.99677251505939,0.00964626686973738,5
W:36_L:9_NM:19_T:-2.6,36,9,12.07,22.1356093207303,324,19,-2.6,0.000001,-0.508,-0.195384615384615,1.99664071453171,0.00965728361842138,6
W:36_L:9_NM:19_T:-2.6,36,9,12.07,22.1356093207303,324,19,-2.6,0.000001,-0.495,-0.190384615384615,1.99643399632416,0.00967886842751567,4
W:36_L:9_NM:19_T:-2.6,36,9,12.07,22.1356093207303,324,19,-2.6,0.000001,-0.482,-0.185384615384615,1.99619038811483,0.00970040155759284,7
W:36_L:9_NM:19_T:-2.6,36,9,12.07,22.1356093207303,324,19,-2.6,0.000001,-0.47,-0.180769230769231,1.99595172241877,0.00971732333030507,6
W:36_L:9_NM:19_T:-2.6,36,9,12.07,22.1356093207303,324,19,-2.6,0.000001,-0.457,-0.175769230769231,1.99564376558962,0.00975361677725838,7
W:36_L:9_NM:19_T:-2.6,36,9,12.07,22.1356093207303,324,19,-2.6,0.000001,-0.445,-0.171153846153846,1.99535492022448,0.00977857380969594,2
W:36_L:9_NM:19_T:-2.6,36,9,12.07,22.1356093207303,324,19,-2.6,0.000001,-0.432,-0.166153846153846,1.99500442781536,0.00981763759693964,2
W:36_L:9_NM:19_T:-2.6,36,9,12.07,22.1356093207303,324,19,-2.6,0.000001,-0.42,-0.161538461538462,1.99467073975777,0.00985654165017284,2
W:36_L:9_NM:19_T:-2.6,36,9,12.07,22.1356093207303,324,19,-2.6,0.000001,-0.407,-0.156538461538462,1.99429859710202,0.00990289157537649,4
W:36_L:9_NM:19_T:-2.6,36,9,12.07,22.1356093207303,324,19,-2.6,0.000001,-0.395,-0.151923076923077,1.99395281808351,0.00995173921835866,4
W:36_L:9_NM:19_T:-2.6,36,9,12.07,22.1356093207303,324,19,-2.6,0.000001,-0.382,-0.146923076923077,1.99356738224262,0.0100136787153581,4
W:36_L:9_NM:19_T:-2.6,36,9,12.07,22.1356093207303,324,19,-2.6,0.000001,-0.37,-0.142307692307692,1.99321226979507,0.0100751475419214,2
W:36_L:9_NM:19_T:-2.6,36,9,12.07,22.1356093207303,324,19,-2.6,0.000001,-0.357,-0.137307692307692,1.99283098107955,0.0101534497428777,5
W:36_L:9_NM:19_T:-2.6,36,9,12.07,22.1356093207303,324,19,-2.6,0.000001,-0.345,-0.132692307692308,1.9925040912181,0.0102282225381347,6
W:36_L:9_NM:19_T:-2.6,36,9,12.07,22.1356093207303,324,19,-2.6,0.000001,-0.332,-0.127692307692308,1.99218209397246,0.0103141105507703,4
W:36_L:9_NM:19_T:-2.6,36,9,12.07,22.1356093207303,324,19,-2.6,0.000001,-0.32,-0.123076923076923,1.99188759768898,0.0104167717587298,6
W:36_L:9_NM:19_T:-2.6,36,9,12.07,22.1356093207303,324,19,-2.6,0.000001,-0.307,-0.118076923076923,1.99162929723627,0.0105307620964298,5
W:36_L:9_NM:19_T:-2.6,36,9,12.07,22.1356093207303,324,19,-2.6,0.000001,-0.294,-0.113076923076923,1.99142370838562,0.0106586246146111,4
W:36_L:9_NM:19_T:-2.6,36,9,12.07,22.1356093207303,324,19,-2.6,0.000001,-0.282,-0.108461538461538,1.9912916942628,0.0107900982523261,2
W:36_L:9_NM:19_T:-2.6,36,9,12.07,22.1356093207303,324,19,-2.6,0.000001,-0.269,-0.103461538461538,1.99122571749982,0.0109479194981169,2
W:36_L:9_NM:19_T:-2.6,36,9,12.07,22.1356093207303,324,19,-2.6,0.000001,-0.257,-0.0988461538461539,1.99124128763663,0.0111120032702656,3
W:36_L:9_NM:19_T:-2.6,36,9,12.07,22.1356093207303,324,19,-2.6,0.000001,-0.244,-0.0938461538461538,1.99135096351757,0.0113127899814919,3
W:36_L:9_NM:19_T:-2.6,36,9,12.07,22.1356093207303,324,19,-2.6,0.000001,-0.232,-0.0892307692307692,1.9915534100102,0.0115219581080973,2
W:36_L:9_NM:19_T:-2.6,36,9,12.07,22.1356093207303,324,19,-2.6,0.000001,-0.219,-0.0842307692307692,1.9918888668983,0.0117789529212223,4
W:36_L:9_NM:19_T:-2.6,36,9,12.07,22.1356093207303,324,19,-2.6,0.000001,-0.207,-0.0796153846153846,1.99229950616469,0.0120570562941711,2
W:36_L:9_NM:19_T:-2.6,36,9,12.07,22.1356093207303,324,19,-2.6,0.000001,-0.194,-0.0746153846153846,1.99289095927128,0.012399740155636,6
W:36_L:9_NM:19_T:-2.6,36,9,12.07,22.1356093207303,324,19,-2.6,0.000001,-0.182,-0.07,1.99356006592955,0.0127677345049665,3
W:36_L:9_NM:19_T:-2.6,36,9,12.07,22.1356093207303,324,19,-2.6,0.000001,-0.169,-0.065,1.99441095067925,0.0132410193128645,2
W:36_L:9_NM:19_T:-2.6,36,9,12.07,22.1356093207303,324,19,-2.6,0.000001,-0.157,-0.0603846153846154,1.99529894164995,0.0137699707930246,4
W:36_L:9_NM:19_T:-2.6,36,9,12.07,22.1356093207303,324,19,-2.6,0.000001,-0.144,-0.0553846153846154,1.99634249646716,0.0144504966293916,5
W:36_L:9_NM:19_T:-2.6,36,9,12.07,22.1356093207303,324,19,-2.6,0.000001,-0.132,-0.0507692307692308,1.99730512329042,0.0152460506663402,2
W:36_L:9_NM:19_T:-2.6,36,9,12.07,22.1356093207303,324,19,-2.6,0.000001,-0.119,-0.0457692307692308,1.9981869142217,0.0163368199018112,5
W:36_L:9_NM:19_T:-2.6,36,9,12.07,22.1356093207303,324,19,-2.6,0.000001,-0.107,-0.0411538461538462,1.99856721370086,0.0176661910085414,4
W:36_L:9_NM:19_T:-2.6,36,9,12.07,22.1356093207303,324,19,-2.6,0.000001,-0.094,-0.0361538461538462,1.9978098384366,0.0196989103471739,4
W:36_L:9_NM:19_T:-2.6,36,9,12.07,22.1356093207303,324,19,-2.6,0.000001,-0.081,-0.0311538461538462,1.99397283476102,0.0228506331096855,5
W:36_L:9_NM:19_T:-2.6,36,9,12.07,22.1356093207303,324,19,-2.6,0.000001,-0.069,-0.0265384615384615,1.98235974478842,0.0280456452006056,5
W:36_L:9_NM:19_T:-2.6,36,9,12.07,22.1356093207303,324,19,-2.6,0.000001,-0.056,-0.0215384615384615,1.93154378907981,0.0419298400455966,3
W:36_L:9_NM:19_T:-2.6,36,9,12.07,22.1356093207303,324,19,-2.6,0.000001,-0.044,-0.0169230769230769,1.58008720918166,0.101407439465238,7
W:36_L:9_NM:19_T:-2.6,36,9,12.07,22.1356093207303,324,19,-2.6,0.000001,-0.031,-0.0119230769230769,1.26761463272108,0.105547494821138,7
W:36_L:9_NM:19_T:-2.6,36,9,12.07,22.1356093207303,324,19,-2.6,0.000001,-0.019,-0.00730769230769231,1.25272278581685,0.119531794190116,4
W:36_L:9_NM:19_T:-2.6,36,9,12.07,22.1356093207303,324,19,-2.6,0.000001,-0.006,-0.00230769230769231,0.593941064589693,0.25067898584908,4
W:36_L:9_NM:19_T:-2.6,36,9,12.07,22.1356093207303,324,19,-2.6,0.000001,0.006,0.00230769230769231,0.593944714687146,0.250679068493982,11
W:36_L:9_NM:19_T:-2.6,36,9,12.07,22.1356093207303,324,19,-2.6,0.000001,0.019,0.00730769230769231,1.25272139863487,0.11953201247357,6
W:36_L:9_NM:19_T:-2.6,36,9,12.07,22.1356093207303,324,19,-2.6,0.000001,0.031,0.0119230769230769,1.26761563873676,0.105547357167975,4
W:36_L:9_NM:19_T:-2.6,36,9,12.07,22.1356093207303,324,19,-2.6,0.000001,0.044,0.0169230769230769,1.58008582499825,0.101407639918813,6
W:36_L:9_NM:19_T:-2.6,36,9,12.07,22.1356093207303,324,19,-2.6,0.000001,0.056,0.0215384615384615,1.9315436358966,0.0419298757338674,4
W:36_L:9_NM:19_T:-2.6,36,9,12.07,22.1356093207303,324,19,-2.6,0.000001,0.069,0.0265384615384615,1.98235971350797,0.0280456569343062,6
W:36_L:9_NM:19_T:-2.6,36,9,12.07,22.1356093207303,324,19,-2.6,0.000001,0.081,0.0311538461538462,1.99397282479649,0.0228506393404164,5
W:36_L:9_NM:19_T:-2.6,36,9,12.07,22.1356093207303,324,19,-2.6,0.000001,0.094,0.0361538461538462,1.99780983585398,0.0196989141915733,9
W:36_L:9_NM:19_T:-2.6,36,9,12.07,22.1356093207303,324,19,-2.6,0.000001,0.107,0.0411538461538462,1.99856721376824,0.0176661935564055,6
W:36_L:9_NM:19_T:-2.6,36,9,12.07,22.1356093207303,324,19,-2.6,0.000001,0.119,0.0457692307692308,1.99818691534404,0.0163368218942376,4
W:36_L:9_NM:19_T:-2.6,36,9,12.07,22.1356093207303,324,19,-2.6,0.000001,0.132,0.0507692307692308,1.99730512496144,0.0152460519343047,2
W:36_L:9_NM:19_T:-2.6,36,9,12.07,22.1356093207303,324,19,-2.6,0.000001,0.144,0.0553846153846154,1.99634249799695,0.0144504978790679,6
W:36_L:9_NM:19_T:-2.6,36,9,12.07,22.1356093207303,324,19,-2.6,0.000001,0.157,0.0603846153846154,1.99529894341584,0.0137699720163783,3
W:36_L:9_NM:19_T:-2.6,36,9,12.07,22.1356093207303,324,19,-2.6,0.000001,0.169,0.065,1.99441095190091,0.0132410202607017,4
W:36_L:9_NM:19_T:-2.6,36,9,12.07,22.1356093207303,324,19,-2.6,0.000001,0.182,0.07,1.99356006708925,0.0127677351559465,5
W:36_L:9_NM:19_T:-2.6,36,9,12.07,22.1356093207303,324,19,-2.6,0.000001,0.194,0.0746153846153846,1.99289096022849,0.012399740549575,5
W:36_L:9_NM:19_T:-2.6,36,9,12.07,22.1356093207303,324,19,-2.6,0.000001,0.207,0.0796153846153846,1.9922995066165,0.0120570569784471,2
W:36_L:9_NM:19_T:-2.6,36,9,12.07,22.1356093207303,324,19,-2.6,0.000001,0.219,0.0842307692307692,1.99188886746924,0.0117789532071125,4
W:36_L:9_NM:19_T:-2.6,36,9,12.07,22.1356093207303,324,19,-2.6,0.000001,0.232,0.0892307692307692,1.9915534104431,0.0115219583773842,6
W:36_L:9_NM:19_T:-2.6,36,9,12.07,22.1356093207303,324,19,-2.6,0.000001,0.244,0.0938461538461538,1.99135096354161,0.0113127903785911,6
W:36_L:9_NM:19_T:-2.6,36,9,12.07,22.1356093207303,324,19,-2.6,0.000001,0.257,0.0988461538461539,1.99124128799847,0.011112003405292,6
W:36_L:9_NM:19_T:-2.6,36,9,12.07,22.1356093207303,324,19,-2.6,0.000001,0.269,0.103461538461538,1.99122571717277,0.0109479198681897,4
W:36_L:9_NM:19_T:-2.6,36,9,12.07,22.1356093207303,324,19,-2.6,0.000001,0.282,0.108461538461538,1.99129169439147,0.0107900983498455,4
W:36_L:9_NM:19_T:-2.6,36,9,12.07,22.1356093207303,324,19,-2.6,0.000001,0.294,0.113076923076923,1.99142370825499,0.0106586247691949,4
W:36_L:9_NM:19_T:-2.6,36,9,12.07,22.1356093207303,324,19,-2.6,0.000001,0.307,0.118076923076923,1.99162929710369,0.010530762212565,5
W:36_L:9_NM:19_T:-2.6,36,9,12.07,22.1356093207303,324,19,-2.6,0.000001,0.32,0.123076923076923,1.99188759734228,0.0104167718484029,7
W:36_L:9_NM:19_T:-2.6,36,9,12.07,22.1356093207303,324,19,-2.6,0.000001,0.332,0.127692307692308,1.99218209476638,0.0103141103354001,5
W:36_L:9_NM:19_T:-2.6,36,9,12.07,22.1356093207303,324,19,-2.6,0.000001,0.345,0.132692307692308,1.99250409076963,0.0102282226758088,6
W:36_L:9_NM:19_T:-2.6,36,9,12.07,22.1356093207303,324,19,-2.6,0.000001,0.357,0.137307692307692,1.99283098046383,0.0101534498316993,5
W:36_L:9_NM:19_T:-2.6,36,9,12.07,22.1356093207303,324,19,-2.6,0.000001,0.37,0.142307692307692,1.99321227041412,0.010075146918696,6
W:36_L:9_NM:19_T:-2.6,36,9,12.07,22.1356093207303,324,19,-2.6,0.000001,0.382,0.146923076923077,1.99356738168112,0.0100136787305224,4
W:36_L:9_NM:19_T:-2.6,36,9,12.07,22.1356093207303,324,19,-2.6,0.000001,0.395,0.151923076923077,1.99395281780886,0.0099517391541713,4
W:36_L:9_NM:19_T:-2.6,36,9,12.07,22.1356093207303,324,19,-2.6,0.000001,0.407,0.156538461538462,1.99429859709155,0.00990289155116531,5
W:36_L:9_NM:19_T:-2.6,36,9,12.07,22.1356093207303,324,19,-2.6,0.000001,0.42,0.161538461538462,1.99467073928253,0.00985654167836519,3
W:36_L:9_NM:19_T:-2.6,36,9,12.07,22.1356093207303,324,19,-2.6,0.000001,0.432,0.166153846153846,1.99500442806687,0.00981763741230502,2
W:36_L:9_NM:19_T:-2.6,36,9,12.07,22.1356093207303,324,19,-2.6,0.000001,0.445,0.171153846153846,1.99535491976027,0.00977857381495433,2
W:36_L:9_NM:19_T:-2.6,36,9,12.07,22.1356093207303,324,19,-2.6,0.000001,0.457,0.175769230769231,1.99564376577434,0.00975361654155538,4
W:36_L:9_NM:19_T:-2.6,36,9,12.07,22.1356093207303,324,19,-2.6,0.000001,0.47,0.180769230769231,1.99595172185332,0.00971732350966137,4
W:36_L:9_NM:19_T:-2.6,36,9,12.07,22.1356093207303,324,19,-2.6,0.000001,0.482,0.185384615384615,1.99619038822564,0.00970040145261122,6
W:36_L:9_NM:19_T:-2.6,36,9,12.07,22.1356093207303,324,19,-2.6,0.000001,0.495,0.190384615384615,1.99643399616347,0.00967886839199467,3
W:36_L:9_NM:19_T:-2.6,36,9,12.07,22.1356093207303,324,19,-2.6,0.000001,0.508,0.195384615384615,1.99664071374792,0.00965728388611989,7
W:36_L:9_NM:19_T:-2.6,36,9,12.07,22.1356093207303,324,19,-2.6,0.000001,0.52,0.2,1.99677251518477,0.00964626694693808,4
W:36_L:9_NM:19_T:-2.6,36,9,12.07,22.1356093207303,324,19,-2.6,0.000001,0.533,0.205,1.99689540080809,0.00962986789663112,7
W:36_L:9_NM:19_T:-2.6,36,9,12.07,22.1356093207303,324,19,-2.6,0.000001,0.545,0.209615384615385,1.9969423658921,0.00962096784315731,8
W:36_L:9_NM:19_T:-2.6,36,9,12.07,22.1356093207303,324,19,-2.6,0.000001,0.558,0.214615384615385,1.99691558654857,0.00963638304621113,4
W:36_L:9_NM:19_T:-2.6,36,9,12.07,22.1356093207303,324,19,-2.6,0.000001,0.57,0.219230769230769,1.99688965088342,0.00964723830317168,4
W:36_L:9_NM:19_T:-2.6,36,9,12.07,22.1356093207303,324,19,-2.6,0.000001,0.583,0.224230769230769,1.99681300463,0.00966339774067985,4
W:36_L:9_NM:19_T:-2.6,36,9,12.07,22.1356093207303,324,19,-2.6,0.000001,0.595,0.228846153846154,1.99660636902653,0.00974227719578657,4
W:36_L:9_NM:19_T:-2.6,36,9,12.07,22.1356093207303,324,19,-2.6,0.000001,0.608,0.233846153846154,1.99637719839629,0.0099748527281838,7
W:36_L:9_NM:19_T:-2.6,36,9,12.07,22.1356093207303,324,19,-2.6,0.000001,0.62,0.238461538461538,1.99631134247271,0.0140820185568819,6
W:36_L:9_NM:19_T:-2.6,36,9,12.07,22.1356093207303,324,19,-2.6,0.000001,0.633,0.243461538461538,5.66470422335302,0.0875401080692743,8
W:36_L:9_NM:19_T:-2.6,36,9,12.07,22.1356093207303,324,19,-2.6,0.000001,0.645,0.248076923076923,5.78822637647518,0.0635708911785995,6
W:36_L:9_NM:19_T:-2.6,36,9,12.07,22.1356093207303,324,19,-2.6,0.000001,0.658,0.253076923076923,5.82930621133089,0.053740840451665,6
W:36_L:9_NM:19_T:-2.6,36,9,12.07,22.1356093207303,324,19,-2.6,0.000001,0.67,0.257692307692308,5.84923424350346,0.0482458932016067,10
W:36_L:9_NM:19_T:-2.6,36,9,12.07,22.1356093207303,324,19,-2.6,0.000001,0.683,0.262692307692308,5.86394435278768,0.0445642265821989,8
W:36_L:9_NM:19_T:-2.6,36,9,12.07,22.1356093207303,324,19,-2.6,0.000001,0.695,0.267307692307692,5.87112014753084,0.0419799762687439,5
W:36_L:9_NM:19_T:-2.6,36,9,12.07,22.1356093207303,324,19,-2.6,0.000001,0.708,0.272307692307692,5.87754748423364,0.0400488242702504,5
W:36_L:9_NM:19_T:-2.6,36,9,12.07,22.1356093207303,324,19,-2.6,0.000001,0.721,0.277307692307692,5.8813467045529,0.0384614723336173,8
W:36_L:9_NM:19_T:-2.6,36,9,12.07,22.1356093207303,324,19,-2.6,0.000001,0.733,0.281923076923077,5.88480973688945,0.0372402952693974,6
W:36_L:9_NM:19_T:-2.6,36,9,12.07,22.1356093207303,324,19,-2.6,0.000001,0.746,0.286923076923077,5.88649279424223,0.0362093487082487,9
W:36_L:9_NM:19_T:-2.6,36,9,12.07,22.1356093207303,324,19,-2.6,0.000001,0.758,0.291538461538462,5.88821338533157,0.0353978687984948,8
W:36_L:9_NM:19_T:-2.6,36,9,12.07,22.1356093207303,324,19,-2.6,0.000001,0.771,0.296538461538462,5.88937437940909,0.0346392490242943,7
W:36_L:9_NM:19_T:-2.6,36,9,12.07,22.1356093207303,324,19,-2.6,0.000001,0.783,0.301153846153846,5.89000274777999,0.0340145776504494,8
W:36_L:9_NM:19_T:-2.6,36,9,12.07,22.1356093207303,324,19,-2.6,0.000001,0.796,0.306153846153846,5.89037120445602,0.0334535941127243,8
W:36_L:9_NM:19_T:-2.6,36,9,12.07,22.1356093207303,324,19,-2.6,0.000001,0.808,0.310769230769231,5.89065292104071,0.0329948552511663,8
W:36_L:9_NM:19_T:-2.6,36,9,12.07,22.1356093207303,324,19,-2.6,0.000001,0.821,0.315769230769231,5.89073974932197,0.0325732126177271,8
W:36_L:9_NM:19_T:-2.6,36,9,12.07,22.1356093207303,324,19,-2.6,0.000001,0.833,0.320384615384615,5.89045402672543,0.0322108592345368,6
W:36_L:9_NM:19_T:-2.6,36,9,12.07,22.1356093207303,324,19,-2.6,0.000001,0.846,0.325384615384615,5.89026661715355,0.0318670567119812,6
W:36_L:9_NM:19_T:-2.6,36,9,12.07,22.1356093207303,324,19,-2.6,0.000001,0.858,0.33,5.89015841532328,0.0315932992404734,5
W:36_L:9_NM:19_T:-2.6,36,9,12.07,22.1356093207303,324,19,-2.6,0.000001,0.871,0.335,5.8895975910075,0.0313260147385978,8
W:36_L:9_NM:19_T:-2.6,36,9,12.07,22.1356093207303,324,19,-2.6,0.000001,0.883,0.339615384615385,5.88927706834928,0.0311029891733732,8
W:36_L:9_NM:19_T:-2.6,36,9,12.07,22.1356093207303,324,19,-2.6,0.000001,0.896,0.344615384615385,5.88876938915716,0.0308947443759346,10
W:36_L:9_NM:19_T:-2.6,36,9,12.07,22.1356093207303,324,19,-2.6,0.000001,0.909,0.349615384615385,5.88819745262207,0.0307173445736255,8
W:36_L:9_NM:19_T:-2.6,36,9,12.07,22.1356093207303,324,19,-2.6,0.000001,0.921,0.354230769230769,5.88771298634633,0.0305755532144819,6
W:36_L:9_NM:19_T:-2.6,36,9,12.07,22.1356093207303,324,19,-2.6,0.000001,0.934,0.359230769230769,5.8871017955806,0.0304482744493619,8
W:36_L:9_NM:19_T:-2.6,36,9,12.07,22.1356093207303,324,19,-2.6,0.000001,0.946,0.363846153846154,5.88666417138739,0.0303613561550229,11
W:36_L:9_NM:19_T:-2.6,36,9,12.07,22.1356093207303,324,19,-2.6,0.000001,0.959,0.368846153846154,5.88595060172707,0.0303025201946399,9
W:36_L:9_NM:19_T:-2.6,36,9,12.07,22.1356093207303,324,19,-2.6,0.000001,0.971,0.373461538461538,5.8850487416794,0.0302951888525833,11
W:36_L:9_NM:19_T:-2.6,36,9,12.07,22.1356093207303,324,19,-2.6,0.000001,0.984,0.378461538461538,5.88387847045836,0.0303756579292882,9
W:36_L:9_NM:19_T:-2.6,36,9,12.07,22.1356093207303,324,19,-2.6,0.000001,0.996,0.383076923076923,5.88236570819976,0.0305909218797239,9
W:36_L:9_NM:19_T:-2.6,36,9,12.07,22.1356093207303,324,19,-2.6,0.000001,1.009,0.388076923076923,5.87883479431072,0.0312837852913157,10
W:36_L:9_NM:19_T:-2.6,36,9,12.07,22.1356093207303,324,19,-2.6,0.000001,1.021,0.392692307692308,5.86844206440669,0.0339295691907957,9
W:36_L:9_NM:19_T:-2.6,36,9,12.07,22.1356093207303,324,19,-2.6,0.000001,1.034,0.397692307692308,5.83181162285243,0.0871792373975975,10
W:36_L:9_NM:19_T:-2.6,36,9,12.07,22.1356093207303,324,19,-2.6,0.000001,1.046,0.402307692307692,8.99857525568655,0.119868304899137,11
W:36_L:9_NM:19_T:-2.6,36,9,12.07,22.1356093207303,324,19,-2.6,0.000001,1.059,0.407307692307692,9.3952726777131,0.0934864673915541,12
W:36_L:9_NM:19_T:-2.6,36,9,12.07,22.1356093207303,324,19,-2.6,0.000001,1.071,0.411923076923077,9.52300731551008,0.0832890470547945,11
W:36_L:9_NM:19_T:-2.6,36,9,12.07,22.1356093207303,324,19,-2.6,0.000001,1.084,0.416923076923077,9.59784156534294,0.0766180780145591,12
W:36_L:9_NM:19_T:-2.6,36,9,12.07,22.1356093207303,324,19,-2.6,0.000001,1.096,0.421538461538462,9.63950208887242,0.072455970122196,13
W:36_L:9_NM:19_T:-2.6,36,9,12.07,22.1356093207303,324,19,-2.6,0.000001,1.109,0.426538461538462,9.67188149110124,0.0690812818850321,13
W:36_L:9_NM:19_T:-2.6,36,9,12.07,22.1356093207303,324,19,-2.6,0.000001,1.122,0.431538461538462,9.69532910915045,0.0664744430523301,12
W:36_L:9_NM:19_T:-2.6,36,9,12.07,22.1356093207303,324,19,-2.6,0.000001,1.134,0.436153846153846,9.71022325354017,0.0645651596492129,13
W:36_L:9_NM:19_T:-2.6,36,9,12.07,22.1356093207303,324,19,-2.6,0.000001,1.147,0.441153846153846,9.72253938291705,0.0628248617044904,10
W:36_L:9_NM:19_T:-2.6,36,9,12.07,22.1356093207303,324,19,-2.6,0.000001,1.159,0.445769230769231,9.73067268200793,0.0615040469324401,10
W:36_L:9_NM:19_T:-2.6,36,9,12.07,22.1356093207303,324,19,-2.6,0.000001,1.172,0.450769230769231,9.737934753455,0.0602873243358375,9
W:36_L:9_NM:19_T:-2.6,36,9,12.07,22.1356093207303,324,19,-2.6,0.000001,1.184,0.455384615384615,9.7427555454711,0.0593274239239167,12
W:36_L:9_NM:19_T:-2.6,36,9,12.07,22.1356093207303,324,19,-2.6,0.000001,1.197,0.460384615384615,9.7468837320187,0.0584084614670182,12
W:36_L:9_NM:19_T:-2.6,36,9,12.07,22.1356093207303,324,19,-2.6,0.000001,1.209,0.465,9.75027730576643,0.0576754916264407,10
W:36_L:9_NM:19_T:-2.6,36,9,12.07,22.1356093207303,324,19,-2.6,0.000001,1.222,0.47,9.75352185565255,0.0569807700141447,12
W:36_L:9_NM:19_T:-2.6,36,9,12.07,22.1356093207303,324,19,-2.6,0.000001,1.234,0.474615384615385,9.75645449635067,0.0564223568101716,14
W:36_L:9_NM:19_T:-2.6,36,9,12.07,22.1356093207303,324,19,-2.6,0.000001,1.247,0.479615384615385,9.75967488199536,0.0558894733791489,9
W:36_L:9_NM:19_T:-2.6,36,9,12.07,22.1356093207303,324,19,-2.6,0.000001,1.259,0.484230769230769,9.76272009237235,0.055462081964862,13
W:36_L:9_NM:19_T:-2.6,36,9,12.07,22.1356093207303,324,19,-2.6,0.000001,1.272,0.489230769230769,9.76605523613927,0.0550618077512169,12
W:36_L:9_NM:19_T:-2.6,36,9,12.07,22.1356093207303,324,19,-2.6,0.000001,1.284,0.493846153846154,9.76968478161891,0.054749041395706,13
W:36_L:9_NM:19_T:-2.6,36,9,12.07,22.1356093207303,324,19,-2.6,0.000001,1.297,0.498846153846154,9.77400967787062,0.0544693886912631,12
W:36_L:9_NM:19_T:-2.6,36,9,12.07,22.1356093207303,324,19,-2.6,0.000001,1.31,0.503846153846154,9.77849021557635,0.0542527346826713,13
W:36_L:9_NM:19_T:-2.6,36,9,12.07,22.1356093207303,324,19,-2.6,0.000001,1.322,0.508461538461539,9.78282955007485,0.054114261846683,8
W:36_L:9_NM:19_T:-2.6,36,9,12.07,22.1356093207303,324,19,-2.6,0.000001,1.335,0.513461538461538,9.78760678985887,0.0540449333721864,10
W:36_L:9_NM:19_T:-2.6,36,9,12.07,22.1356093207303,324,19,-2.6,0.000001,1.347,0.518076923076923,9.7918886666798,0.0540795127085447,9
W:36_L:9_NM:19_T:-2.6,36,9,12.07,22.1356093207303,324,19,-2.6,0.000001,1.36,0.523076923076923,9.79589235105228,0.0542832267254144,10
W:36_L:9_NM:19_T:-2.6,36,9,12.07,22.1356093207303,324,19,-2.6,0.000001,1.372,0.527692307692308,9.79796838989802,0.054754793076333,10
W:36_L:9_NM:19_T:-2.6,36,9,12.07,22.1356093207303,324,19,-2.6,0.000001,1.385,0.532692307692308,9.79597555104829,0.0559972013407843,13
W:36_L:9_NM:19_T:-2.6,36,9,12.07,22.1356093207303,324,19,-2.6,0.000001,1.397,0.537307692307692,9.77924381083097,0.0595706858227524,10
W:36_L:9_NM:19_T:-2.6,36,9,12.07,22.1356093207303,324,19,-2.6,0.000001,1.41,0.542307692307692,9.51978368902612,0.104273140318223,17
W:36_L:9_NM:19_T:-2.6,36,9,12.07,22.1356093207303,324,19,-2.6,0.000001,1.422,0.546923076923077,12.3746713551409,0.178734657530079,12
W:36_L:9_NM:19_T:-2.6,36,9,12.07,22.1356093207303,324,19,-2.6,0.000001,1.435,0.551923076923077,13.0257694820495,0.129534734382667,13
W:36_L:9_NM:19_T:-2.6,36,9,12.07,22.1356093207303,324,19,-2.6,0.000001,1.447,0.556538461538462,13.2087326452671,0.114858006423209,18
W:36_L:9_NM:19_T:-2.6,36,9,12.07,22.1356093207303,324,19,-2.6,0.000001,1.46,0.561538461538462,13.3104783636988,0.10629280516244,15
W:36_L:9_NM:19_T:-2.6,36,9,12.07,22.1356093207303,324,19,-2.6,0.000001,1.472,0.566153846153846,13.3668086216581,0.101101869942948,14
W:36_L:9_NM:19_T:-2.6,36,9,12.07,22.1356093207303,324,19,-2.6,0.000001,1.485,0.571153846153846,13.4102538129842,0.0970857148469372,14
W:36_L:9_NM:19_T:-2.6,36,9,12.07,22.1356093207303,324,19,-2.6,0.000001,1.497,0.575769230769231,13.43730468493,0.094222944385305,14
W:36_L:9_NM:19_T:-2.6,36,9,12.07,22.1356093207303,324,19,-2.6,0.000001,1.51,0.580769230769231,13.4588880093815,0.0917755109180622,18
W:36_L:9_NM:19_T:-2.6,36,9,12.07,22.1356093207303,324,19,-2.6,0.000001,1.523,0.585769230769231,13.4727075430176,0.0897745617438179,14
W:36_L:9_NM:19_T:-2.6,36,9,12.07,22.1356093207303,324,19,-2.6,0.000001,1.535,0.590384615384615,13.479860725196,0.0882323989952031,20
W:36_L:9_NM:19_T:-2.6,36,9,12.07,22.1356093207303,324,19,-2.6,0.000001,1.548,0.595384615384615,13.4843402730518,0.0868168625175905,14
W:36_L:9_NM:19_T:-2.6,36,9,12.07,22.1356093207303,324,19,-2.6,0.000001,1.56,0.6,13.4841293618738,0.0856880285833593,16
W:36_L:9_NM:19_T:-2.6,36,9,12.07,22.1356093207303,324,19,-2.6,0.000001,1.573,0.605,13.4820885269065,0.0846260051567557,14
W:36_L:9_NM:19_T:-2.6,36,9,12.07,22.1356093207303,324,19,-2.6,0.000001,1.585,0.609615384615385,13.4778804533187,0.0837689937756156,17
W:36_L:9_NM:19_T:-2.6,36,9,12.07,22.1356093207303,324,19,-2.6,0.000001,1.598,0.614615384615385,13.4704989018189,0.0829570027772114,20
W:36_L:9_NM:19_T:-2.6,36,9,12.07,22.1356093207303,324,19,-2.6,0.000001,1.61,0.619230769230769,13.4628298227752,0.0823070983359338,17
W:36_L:9_NM:19_T:-2.6,36,9,12.07,22.1356093207303,324,19,-2.6,0.000001,1.623,0.624230769230769,13.4523312967636,0.0817002397805408,21
W:36_L:9_NM:19_T:-2.6,36,9,12.07,22.1356093207303,324,19,-2.6,0.000001,1.635,0.628846153846154,13.4420281857547,0.0812336645487495,20
W:36_L:9_NM:19_T:-2.6,36,9,12.07,22.1356093207303,324,19,-2.6,0.000001,1.648,0.633846153846154,13.4292879542668,0.0808318719359768,18
W:36_L:9_NM:19_T:-2.6,36,9,12.07,22.1356093207303,324,19,-2.6,0.000001,1.66,0.638461538461538,13.4168342952253,0.0805740704611778,16
W:36_L:9_NM:19_T:-2.6,36,9,12.07,22.1356093207303,324,19,-2.6,0.000001,1.673,0.643461538461538,13.4019400827928,0.0804517822223527,13
W:36_L:9_NM:19_T:-2.6,36,9,12.07,22.1356093207303,324,19,-2.6,0.000001,1.685,0.648076923076923,13.3861992238308,0.0805491997517885,20
W:36_L:9_NM:19_T:-2.6,36,9,12.07,22.1356093207303,324,19,-2.6,0.000001,1.698,0.653076923076923,13.3652963983214,0.0810484932816189,17
W:36_L:9_NM:19_T:-2.6,36,9,12.07,22.1356093207303,324,19,-2.6,0.000001,1.711,0.658076923076923,13.3350768050802,0.0824227491998377,18
W:36_L:9_NM:19_T:-2.6,36,9,12.07,22.1356093207303,324,19,-2.6,0.000001,1.723,0.662692307692308,13.2803584749105,0.0858948648833423,16
W:36_L:9_NM:19_T:-2.6,36,9,12.07,22.1356093207303,324,19,-2.6,0.000001,1.736,0.667692307692308,13.0717910211224,0.101193795175002,16
W:36_L:9_NM:19_T:-2.6,36,9,12.07,22.1356093207303,324,19,-2.6,0.000001,1.748,0.672307692307692,12.3370164072176,0.156438491500601,18
W:36_L:9_NM:19_T:-2.6,36,9,12.07,22.1356093207303,324,19,-2.6,0.000001,1.761,0.677307692307692,14.6637559278714,0.201476825083122,20
W:36_L:9_NM:19_T:-2.6,36,9,12.07,22.1356093207303,324,19,-2.6,0.000001,1.773,0.681923076923077,15.7776385931117,0.15693832562316,15
W:36_L:9_NM:19_T:-2.6,36,9,12.07,22.1356093207303,324,19,-2.6,0.000001,1.786,0.686923076923077,16.1494760900539,0.142624923986516,19
W:36_L:9_NM:19_T:-2.6,36,9,12.07,22.1356093207303,324,19,-2.6,0.000001,1.798,0.691538461538462,16.3444187709886,0.135217930662843,24
W:36_L:9_NM:19_T:-2.6,36,9,12.07,22.1356093207303,324,19,-2.6,0.000001,1.811,0.696538461538461,16.4808815619331,0.129930950455573,20
W:36_L:9_NM:19_T:-2.6,36,9,12.07,22.1356093207303,324,19,-2.6,0.000001,1.823,0.701153846153846,16.5785642922036,0.126249166311938,23
W:36_L:9_NM:19_T:-2.6,36,9,12.07,22.1356093207303,324,19,-2.6,0.000001,1.836,0.706153846153846,16.6580078477659,0.123173024682534,21
W:36_L:9_NM:19_T:-2.6,36,9,12.07,22.1356093207303,324,19,-2.6,0.000001,1.848,0.710769230769231,16.7164049856014,0.120870658942117,26
W:36_L:9_NM:19_T:-2.6,36,9,12.07,22.1356093207303,324,19,-2.6,0.000001,1.861,0.715769230769231,16.7682896689372,0.118808141086222,16
W:36_L:9_NM:19_T:-2.6,36,9,12.07,22.1356093207303,324,19,-2.6,0.000001,1.873,0.720384615384615,16.8063711920815,0.117215188484337,16
W:36_L:9_NM:19_T:-2.6,36,9,12.07,22.1356093207303,324,19,-2.6,0.000001,1.886,0.725384615384615,16.8384456486551,0.115753577121818,22
W:36_L:9_NM:19_T:-2.6,36,9,12.07,22.1356093207303,324,19,-2.6,0.000001,1.898,0.73,16.8623651307535,0.114604255350655,22
W:36_L:9_NM:19_T:-2.6,36,9,12.07,22.1356093207303,324,19,-2.6,0.000001,1.911,0.735,16.8807990369835,0.113551772058809,18
W:36_L:9_NM:19_T:-2.6,36,9,12.07,22.1356093207303,324,19,-2.6,0.000001,1.924,0.74,16.8926855824052,0.112677932209721,21
W:36_L:9_NM:19_T:-2.6,36,9,12.07,22.1356093207303,324,19,-2.6,0.000001,1.936,0.744615384615385,16.8981114334587,0.11202316774731,20
W:36_L:9_NM:19_T:-2.6,36,9,12.07,22.1356093207303,324,19,-2.6,0.000001,1.949,0.749615384615385,16.8977605760229,0.11148338539122,22
W:36_L:9_NM:19_T:-2.6,36,9,12.07,22.1356093207303,324,19,-2.6,0.000001,1.961,0.754230769230769,16.8915651265037,0.111163524847691,22
W:36_L:9_NM:19_T:-2.6,36,9,12.07,22.1356093207303,324,19,-2.6,0.000001,1.974,0.759230769230769,16.8774392683126,0.111066416657584,22
W:36_L:9_NM:19_T:-2.6,36,9,12.07,22.1356093207303,324,19,-2.6,0.000001,1.986,0.763846153846154,16.8559450413289,0.111318504107893,21
W:36_L:9_NM:19_T:-2.6,36,9,12.07,22.1356093207303,324,19,-2.6,0.000001,1.999,0.768846153846154,16.8186669201551,0.112255178831393,27
W:36_L:9_NM:19_T:-2.6,36,9,12.07,22.1356093207303,324,19,-2.6,0.000001,2.011,0.773461538461539,16.7603649674667,0.114457669227424,23
W:36_L:9_NM:19_T:-2.6,36,9,12.07,22.1356093207303,324,19,-2.6,0.000001,2.024,0.778461538461538,16.628416673689,0.121365603905566,23
W:36_L:9_NM:19_T:-2.6,36,9,12.07,22.1356093207303,324,19,-2.6,0.000001,2.036,0.783076923076923,16.2199977162774,0.151541677203825,21
W:36_L:9_NM:19_T:-2.6,36,9,12.07,22.1356093207303,324,19,-2.6,0.000001,2.049,0.788076923076923,15.7891267303636,0.320702520813968,23
W:36_L:9_NM:19_T:-2.6,36,9,12.07,22.1356093207303,324,19,-2.6,0.000001,2.061,0.792692307692308,18.7910515927724,0.189858037412452,22
W:36_L:9_NM:19_T:-2.6,36,9,12.07,22.1356093207303,324,19,-2.6,0.000001,2.074,0.797692307692308,19.189861757077,0.172672884797546,22
W:36_L:9_NM:19_T:-2.6,36,9,12.07,22.1356093207303,324,19,-2.6,0.000001,2.086,0.802307692307692,19.3785610292801,0.165080272804288,25
W:36_L:9_NM:19_T:-2.6,36,9,12.07,22.1356093207303,324,19,-2.6,0.000001,2.099,0.807307692307692,19.5252959254471,0.159739229035522,24
W:36_L:9_NM:19_T:-2.6,36,9,12.07,22.1356093207303,324,19,-2.6,0.000001,2.112,0.812307692307692,19.6449159909864,0.156056046360587,29
W:36_L:9_NM:19_T:-2.6,36,9,12.07,22.1356093207303,324,19,-2.6,0.000001,2.124,0.816923076923077,19.740705785195,0.153536759912886,29
W:36_L:9_NM:19_T:-2.6,36,9,12.07,22.1356093207303,324,19,-2.6,0.000001,2.137,0.821923076923077,19.8323241637741,0.151475923136876,22
W:36_L:9_NM:19_T:-2.6,36,9,12.07,22.1356093207303,324,19,-2.6,0.000001,2.149,0.826538461538462,19.9094244764586,0.15003185078254,22
W:36_L:9_NM:19_T:-2.6,36,9,12.07,22.1356093207303,324,19,-2.6,0.000001,2.162,0.831538461538461,19.9848325097079,0.148869306624918,24
W:36_L:9_NM:19_T:-2.6,36,9,12.07,22.1356093207303,324,19,-2.6,0.000001,2.174,0.836153846153846,20.0472159509039,0.148126150129023,24
W:36_L:9_NM:19_T:-2.6,36,9,12.07,22.1356093207303,324,19,-2.6,0.000001,2.187,0.841153846153846,20.1063668061976,0.147674432617201,25
W:36_L:9_NM:19_T:-2.6,36,9,12.07,22.1356093207303,324,19,-2.6,0.000001,2.199,0.845769230769231,20.1521301834314,0.147621312967226,25
W:36_L:9_NM:19_T:-2.6,36,9,12.07,22.1356093207303,324,19,-2.6,0.000001,2.212,0.850769230769231,20.1895970965414,0.148081859968971,27
W:36_L:9_NM:19_T:-2.6,36,9,12.07,22.1356093207303,324,19,-2.6,0.000001,2.224,0.855384615384615,20.2080484291974,0.149244781603932,27
W:36_L:9_NM:19_T:-2.6,36,9,12.07,22.1356093207303,324,19,-2.6,0.000001,2.237,0.860384615384615,20.2000284682116,0.152061660232204,28
W:36_L:9_NM:19_T:-2.6,36,9,12.07,22.1356093207303,324,19,-2.6,0.000001,2.249,0.865,20.1323528371055,0.158248717657362,24
W:36_L:9_NM:19_T:-2.6,36,9,12.07,22.1356093207303,324,19,-2.6,0.000001,2.262,0.87,19.817444393644,0.17982656589517,29
W:36_L:9_NM:19_T:-2.6,36,9,12.07,22.1356093207303,324,19,-2.6,0.000001,2.274,0.874615384615385,19.0181830871426,0.220330811670615,29
W:36_L:9_NM:19_T:-2.6,36,9,12.07,22.1356093207303,324,19,-2.6,0.000001,2.287,0.879615384615385,20.2773338345002,0.22549029198183,27
W:36_L:9_NM:19_T:-2.6,36,9,12.07,22.1356093207303,324,19,-2.6,0.000001,2.299,0.884230769230769,21.8752896776999,0.215610521927396,30
W:36_L:9_NM:19_T:-2.6,36,9,12.07,22.1356093207303,324,19,-2.6,0.000001,2.312,0.889230769230769,22.4427888126671,0.210537549746884,28
W:36_L:9_NM:19_T:-2.6,36,9,12.07,22.1356093207303,324,19,-2.6,0.000001,2.325,0.894230769230769,22.7780385023665,0.206267060552234,30
W:36_L:9_NM:19_T:-2.6,36,9,12.07,22.1356093207303,324,19,-2.6,0.000001,2.337,0.898846153846154,22.9894491445468,0.202886631742585,31
W:36_L:9_NM:19_T:-2.6,36,9,12.07,22.1356093207303,324,19,-2.6,0.000001,2.35,0.903846153846154,23.1497489404538,0.199900959452573,28
W:36_L:9_NM:19_T:-2.6,36,9,12.07,22.1356093207303,324,19,-2.6,0.000001,2.362,0.908461538461538,23.2459018525135,0.197843296928072,26
W:36_L:9_NM:19_T:-2.6,36,9,12.07,22.1356093207303,324,19,-2.6,0.000001,2.375,0.913461538461538,23.3026446766476,0.196517977336319,37
W:36_L:9_NM:19_T:-2.6,36,9,12.07,22.1356093207303,324,19,-2.6,0.000001,2.387,0.918076923076923,23.306207027464,0.196402337785577,28
W:36_L:9_NM:19_T:-2.6,36,9,12.07,22.1356093207303,324,19,-2.6,0.000001,2.4,0.923076923076923,23.2438542208449,0.198307136412446,31
W:36_L:9_NM:19_T:-2.6,36,9,12.07,22.1356093207303,324,19,-2.6,0.000001,2.412,0.927692307692308,23.0816426050726,0.204149626325414,31
W:36_L:9_NM:19_T:-2.6,36,9,12.07,22.1356093207303,324,19,-2.6,0.000001,2.425,0.932692307692308,22.6778930842323,0.221324810419195,26
W:36_L:9_NM:19_T:-2.6,36,9,12.07,22.1356093207303,324,19,-2.6,0.000001,2.437,0.937307692307692,22.5131174887241,0.23397678057349,30
W:36_L:9_NM:19_T:-2.6,36,9,12.07,22.1356093207303,324,19,-2.6,0.000001,2.45,0.942307692307692,22.5489796935789,0.24664784289289,30
W:36_L:9_NM:19_T:-2.6,36,9,12.07,22.1356093207303,324,19,-2.6,0.000001,2.462,0.946923076923077,24.1081474017296,0.289471708332612,34
W:36_L:9_NM:19_T:-2.6,36,9,12.07,22.1356093207303,324,19,-2.6,0.000001,2.475,0.951923076923077,25.01122450969,0.258367262288675,32
W:36_L:9_NM:19_T:-2.6,36,9,12.07,22.1356093207303,324,19,-2.6,0.000001,2.487,0.956538461538462,25.2742429062746,0.249797097480444,34
W:36_L:9_NM:19_T:-2.6,36,9,12.07,22.1356093207303,324,19,-2.6,0.000001,2.5,0.961538461538462,25.4066488849215,0.245881882892368,31
W:14_L:5_NM:4_T:-1.3,14,5,11.07,14.912957453168,70,4,-1.3,0.043,-1.5,-1.15384615384615,10.1065577885973,0.415259942524601,24
W:14_L:5_NM:4_T:-1.3,14,5,11.07,14.912957453168,70,4,-1.3,0.043,-1.492,-1.14769230769231,10.0690034692429,0.423786938408544,24
W:14_L:5_NM:4_T:-1.3,14,5,11.07,14.912957453168,70,4,-1.3,0.043,-1.485,-1.14230769230769,10.0444405040882,0.430774486185113,24
W:14_L:5_NM:4_T:-1.3,14,5,11.07,14.912957453168,70,4,-1.3,0.043,-1.477,-1.13615384615385,10.0261089287528,0.438008409182429,24
W:14_L:5_NM:4_T:-1.3,14,5,11.07,14.912957453168,70,4,-1.3,0.043,-1.47,-1.13076923076923,10.0210049032064,0.444315377856084,24
W:14_L:5_NM:4_T:-1.3,14,5,11.07,14.912957453168,70,4,-1.3,0.043,-1.462,-1.12461538461538,10.0130806170375,0.454292895604014,24
W:14_L:5_NM:4_T:-1.3,14,5,11.07,14.912957453168,70,4,-1.3,0.043,-1.455,-1.11923076923077,9.96139928213522,0.476411144024869,26
W:14_L:5_NM:4_T:-1.3,14,5,11.07,14.912957453168,70,4,-1.3,0.043,-1.447,-1.11307692307692,10.5375789873541,0.518999162329498,28
W:14_L:5_NM:4_T:-1.3,14,5,11.07,14.912957453168,70,4,-1.3,0.043,-1.44,-1.10769230769231,10.7813170976858,0.516922235373692,28
W:14_L:5_NM:4_T:-1.3,14,5,11.07,14.912957453168,70,4,-1.3,0.043,-1.432,-1.10153846153846,10.9385868534982,0.516883401147678,28
W:14_L:5_NM:4_T:-1.3,14,5,11.07,14.912957453168,70,4,-1.3,0.043,-1.425,-1.09615384615385,11.0360448147319,0.517505795758577,28
W:14_L:5_NM:4_T:-1.3,14,5,11.07,14.912957453168,70,4,-1.3,0.043,-1.417,-1.09,11.123863509047,0.518636707597566,28
W:14_L:5_NM:4_T:-1.3,14,5,11.07,14.912957453168,70,4,-1.3,0.043,-1.41,-1.08461538461538,11.1900523441809,0.519986986679499,28
W:14_L:5_NM:4_T:-1.3,14,5,11.07,14.912957453168,70,4,-1.3,0.043,-1.402,-1.07846153846154,11.2535135855703,0.521786214902554,28
W:14_L:5_NM:4_T:-1.3,14,5,11.07,14.912957453168,70,4,-1.3,0.043,-1.395,-1.07307692307692,11.304302035604,0.523698336006013,28
W:14_L:5_NM:4_T:-1.3,14,5,11.07,14.912957453168,70,4,-1.3,0.043,-1.387,-1.06692307692308,11.3543662202306,0.52618866261132,28
W:14_L:5_NM:4_T:-1.3,14,5,11.07,14.912957453168,70,4,-1.3,0.043,-1.38,-1.06153846153846,11.3935462011196,0.528713971889484,28
W:14_L:5_NM:4_T:-1.3,14,5,11.07,14.912957453168,70,4,-1.3,0.043,-1.372,-1.05538461538462,11.4311318679434,0.532009379530388,28
W:14_L:5_NM:4_T:-1.3,14,5,11.07,14.912957453168,70,4,-1.3,0.043,-1.365,-1.05,11.4573712325941,0.535285803549304,28
W:14_L:5_NM:4_T:-1.3,14,5,11.07,14.912957453168,70,4,-1.3,0.043,-1.357,-1.04384615384615,11.4822282707396,0.539673592357321,28
W:14_L:5_NM:4_T:-1.3,14,5,11.07,14.912957453168,70,4,-1.3,0.043,-1.35,-1.03846153846154,11.4956994642186,0.544076093513395,28
W:14_L:5_NM:4_T:-1.3,14,5,11.07,14.912957453168,70,4,-1.3,0.043,-1.342,-1.03230769230769,11.5034591402992,0.550012206098276,28
W:14_L:5_NM:4_T:-1.3,14,5,11.07,14.912957453168,70,4,-1.3,0.043,-1.335,-1.02692307692308,11.4988597029481,0.556119779876333,28
W:14_L:5_NM:4_T:-1.3,14,5,11.07,14.912957453168,70,4,-1.3,0.043,-1.327,-1.02076923076923,11.4837627649248,0.564623987852172,28
W:14_L:5_NM:4_T:-1.3,14,5,11.07,14.912957453168,70,4,-1.3,0.043,-1.32,-1.01538461538462,11.4498545415659,0.573629759846238,28
W:14_L:5_NM:4_T:-1.3,14,5,11.07,14.912957453168,70,4,-1.3,0.043,-1.312,-1.00923076923077,11.3982861915672,0.586902946701977,28
W:14_L:5_NM:4_T:-1.3,14,5,11.07,14.912957453168,70,4,-1.3,0.043,-1.305,-1.00384615384615,11.3092440455032,0.601838690007715,28
W:14_L:5_NM:4_T:-1.3,14,5,11.07,14.912957453168,70,4,-1.3,0.043,-1.297,-0.997692307692308,11.2051069016851,0.627449453428501,28
W:14_L:5_NM:4_T:-1.3,14,5,11.07,14.912957453168,70,4,-1.3,0.043,-1.289,-0.991538461538462,10.9699250842996,0.666556570692079,28
W:14_L:5_NM:4_T:-1.3,14,5,11.07,14.912957453168,70,4,-1.3,0.043,-1.282,-0.986153846153846,10.5870877109518,0.733611047453315,28
W:14_L:5_NM:4_T:-1.3,14,5,11.07,14.912957453168,70,4,-1.3,0.043,-1.274,-0.98,8.43190212770031,0.969703337258705,28
W:14_L:5_NM:4_T:-1.3,14,5,11.07,14.912957453168,70,4,-1.3,0.043,-1.267,-0.974615384615385,7.81361430492415,0.567852220802534,26
W:14_L:5_NM:4_T:-1.3,14,5,11.07,14.912957453168,70,4,-1.3,0.043,-1.259,-0.968461538461538,8.10994957067289,0.426244818685848,20
W:14_L:5_NM:4_T:-1.3,14,5,11.07,14.912957453168,70,4,-1.3,0.043,-1.252,-0.963076923076923,8.18954592939181,0.390202344217195,20
W:14_L:5_NM:4_T:-1.3,14,5,11.07,14.912957453168,70,4,-1.3,0.043,-1.244,-0.956923076923077,8.21937191795832,0.37093426240987,20
W:14_L:5_NM:4_T:-1.3,14,5,11.07,14.912957453168,70,4,-1.3,0.043,-1.237,-0.951538461538462,8.22334095834178,0.361335962967775,20
W:14_L:5_NM:4_T:-1.3,14,5,11.07,14.912957453168,70,4,-1.3,0.043,-1.229,-0.945384615384615,8.21344735520835,0.354143305304893,20
W:14_L:5_NM:4_T:-1.3,14,5,11.07,14.912957453168,70,4,-1.3,0.043,-1.222,-0.94,8.19392840238201,0.349686670605039,20
W:14_L:5_NM:4_T:-1.3,14,5,11.07,14.912957453168,70,4,-1.3,0.043,-1.214,-0.933846153846154,8.1651311505068,0.345972725204041,20
W:14_L:5_NM:4_T:-1.3,14,5,11.07,14.912957453168,70,4,-1.3,0.043,-1.207,-0.928461538461538,8.13317189450861,0.343499688411639,20
W:14_L:5_NM:4_T:-1.3,14,5,11.07,14.912957453168,70,4,-1.3,0.043,-1.199,-0.922307692307692,8.09163443622228,0.341394771021374,20
W:14_L:5_NM:4_T:-1.3,14,5,11.07,14.912957453168,70,4,-1.3,0.043,-1.192,-0.916923076923077,8.05090550574457,0.340049164929261,20
W:14_L:5_NM:4_T:-1.3,14,5,11.07,14.912957453168,70,4,-1.3,0.043,-1.184,-0.910769230769231,7.99886021317114,0.339007111870922,20
W:14_L:5_NM:4_T:-1.3,14,5,11.07,14.912957453168,70,4,-1.3,0.043,-1.177,-0.905384615384615,7.94942140912105,0.338513366671609,20
W:14_L:5_NM:4_T:-1.3,14,5,11.07,14.912957453168,70,4,-1.3,0.043,-1.169,-0.899230769230769,7.88778687952545,0.338402171953879,20
W:14_L:5_NM:4_T:-1.3,14,5,11.07,14.912957453168,70,4,-1.3,0.043,-1.162,-0.893846153846154,7.82867049292286,0.33867194777934,20
W:14_L:5_NM:4_T:-1.3,14,5,11.07,14.912957453168,70,4,-1.3,0.043,-1.154,-0.887692307692308,7.75440059872348,0.339416006042126,20
W:14_L:5_NM:4_T:-1.3,14,5,11.07,14.912957453168,70,4,-1.3,0.043,-1.147,-0.882307692307692,7.68306570459707,0.340506931057691,20
W:14_L:5_NM:4_T:-1.3,14,5,11.07,14.912957453168,70,4,-1.3,0.043,-1.139,-0.876153846153846,7.59186182162174,0.342257731172749,20
W:14_L:5_NM:4_T:-1.3,14,5,11.07,14.912957453168,70,4,-1.3,0.043,-1.132,-0.870769230769231,7.50162257749807,0.344296905100835,20
W:14_L:5_NM:4_T:-1.3,14,5,11.07,14.912957453168,70,4,-1.3,0.043,-1.124,-0.864615384615385,7.38316820009958,0.347317843161335,20
W:14_L:5_NM:4_T:-1.3,14,5,11.07,14.912957453168,70,4,-1.3,0.043,-1.117,-0.859230769230769,7.26079579293427,0.35065733090863,20
W:14_L:5_NM:4_T:-1.3,14,5,11.07,14.912957453168,70,4,-1.3,0.043,-1.109,-0.853076923076923,7.0894969909937,0.355470377722511,20
W:14_L:5_NM:4_T:-1.3,14,5,11.07,14.912957453168,70,4,-1.3,0.043,-1.102,-0.847692307692308,6.90235127393081,0.360620451199842,20
W:14_L:5_NM:4_T:-1.3,14,5,11.07,14.912957453168,70,4,-1.3,0.043,-1.094,-0.841538461538462,6.60467751656967,0.368095257806094,20
W:14_L:5_NM:4_T:-1.3,14,5,11.07,14.912957453168,70,4,-1.3,0.043,-1.086,-0.835384615384615,6.12159827873094,0.377028229098848,20
W:14_L:5_NM:4_T:-1.3,14,5,11.07,14.912957453168,70,4,-1.3,0.043,-1.079,-0.83,5.08433266667899,0.361815844678796,20
W:14_L:5_NM:4_T:-1.3,14,5,11.07,14.912957453168,70,4,-1.3,0.043,-1.071,-0.823846153846154,4.52647146624111,0.364944771891616,18
W:14_L:5_NM:4_T:-1.3,14,5,11.07,14.912957453168,70,4,-1.3,0.043,-1.064,-0.818461538461539,4.29958736350324,0.448076986132741,14
W:14_L:5_NM:4_T:-1.3,14,5,11.07,14.912957453168,70,4,-1.3,0.043,-1.056,-0.812307692307692,3.96998944090554,0.414951993555541,12
W:14_L:5_NM:4_T:-1.3,14,5,11.07,14.912957453168,70,4,-1.3,0.043,-1.049,-0.806923076923077,4.21929375489082,0.317229535225123,12
W:14_L:5_NM:4_T:-1.3,14,5,11.07,14.912957453168,70,4,-1.3,0.043,-1.041,-0.800769230769231,4.49895341172354,0.261637921076795,12
W:14_L:5_NM:4_T:-1.3,14,5,11.07,14.912957453168,70,4,-1.3,0.043,-1.034,-0.795384615384615,4.66803988531146,0.237232698877781,12
W:14_L:5_NM:4_T:-1.3,14,5,11.07,14.912957453168,70,4,-1.3,0.043,-1.026,-0.789230769230769,4.80486850842638,0.220804682407248,12
W:14_L:5_NM:4_T:-1.3,14,5,11.07,14.912957453168,70,4,-1.3,0.043,-1.019,-0.783846153846154,4.89382610337441,0.211453157893843,12
W:14_L:5_NM:4_T:-1.3,14,5,11.07,14.912957453168,70,4,-1.3,0.043,-1.011,-0.777692307692308,4.97240298004357,0.203903886862814,12
W:14_L:5_NM:4_T:-1.3,14,5,11.07,14.912957453168,70,4,-1.3,0.043,-1.004,-0.772307692307692,5.02715216306487,0.199018063235607,12
W:14_L:5_NM:4_T:-1.3,14,5,11.07,14.912957453168,70,4,-1.3,0.043,-0.996,-0.766153846153846,5.0786374987099,0.194744552440679,12
W:14_L:5_NM:4_T:-1.3,14,5,11.07,14.912957453168,70,4,-1.3,0.043,-0.989,-0.760769230769231,5.11602364900761,0.19180392781636,12
W:14_L:5_NM:4_T:-1.3,14,5,11.07,14.912957453168,70,4,-1.3,0.043,-0.981,-0.754615384615385,5.15223788748433,0.189120386289755,12
W:14_L:5_NM:4_T:-1.3,14,5,11.07,14.912957453168,70,4,-1.3,0.043,-0.974,-0.749230769230769,5.17941531744112,0.187230660879179,12
W:14_L:5_NM:4_T:-1.3,14,5,11.07,14.912957453168,70,4,-1.3,0.043,-0.966,-0.743076923076923,5.20689625567059,0.185500683833875,12
W:14_L:5_NM:4_T:-1.3,14,5,11.07,14.912957453168,70,4,-1.3,0.043,-0.959,-0.737692307692308,5.22825813041968,0.184291197481954,12
W:14_L:5_NM:4_T:-1.3,14,5,11.07,14.912957453168,70,4,-1.3,0.043,-0.951,-0.731538461538462,5.2505260173949,0.183209940241288,12
W:14_L:5_NM:4_T:-1.3,14,5,11.07,14.912957453168,70,4,-1.3,0.043,-0.944,-0.726153846153846,5.26765508107377,0.182468904312783,12
W:14_L:5_NM:4_T:-1.3,14,5,11.07,14.912957453168,70,4,-1.3,0.043,-0.936,-0.72,5.28607402677938,0.181861737956003,12
W:14_L:5_NM:4_T:-1.3,14,5,11.07,14.912957453168,70,4,-1.3,0.043,-0.929,-0.714615384615385,5.3008464762729,0.181503153303313,12
W:14_L:5_NM:4_T:-1.3,14,5,11.07,14.912957453168,70,4,-1.3,0.043,-0.921,-0.708461538461539,5.31662248104547,0.181288363647484,12
W:14_L:5_NM:4_T:-1.3,14,5,11.07,14.912957453168,70,4,-1.3,0.043,-0.914,-0.703076923076923,5.32941445418049,0.181245524809812,12
W:14_L:5_NM:4_T:-1.3,14,5,11.07,14.912957453168,70,4,-1.3,0.043,-0.906,-0.696923076923077,5.34347112322654,0.181380842468336,12
W:14_L:5_NM:4_T:-1.3,14,5,11.07,14.912957453168,70,4,-1.3,0.043,-0.898,-0.690769230769231,5.35648805765763,0.181692784746622,12
W:14_L:5_NM:4_T:-1.3,14,5,11.07,14.912957453168,70,4,-1.3,0.043,-0.891,-0.685384615384615,5.36716395530767,0.182102596108343,12
W:14_L:5_NM:4_T:-1.3,14,5,11.07,14.912957453168,70,4,-1.3,0.043,-0.883,-0.679230769230769,5.37891628585107,0.182765531004404,12
W:14_L:5_NM:4_T:-1.3,14,5,11.07,14.912957453168,70,4,-1.3,0.043,-0.876,-0.673846153846154,5.38886496965102,0.183483822287383,12
W:14_L:5_NM:4_T:-1.3,14,5,11.07,14.912957453168,70,4,-1.3,0.043,-0.868,-0.667692307692308,5.3992829436962,0.184505553587633,12
W:14_L:5_NM:4_T:-1.3,14,5,11.07,14.912957453168,70,4,-1.3,0.043,-0.861,-0.662307692307692,5.40805426804276,0.185543643496894,12
W:14_L:5_NM:4_T:-1.3,14,5,11.07,14.912957453168,70,4,-1.3,0.043,-0.853,-0.656153846153846,5.4174148321256,0.186970533845613,12
W:14_L:5_NM:4_T:-1.3,14,5,11.07,14.912957453168,70,4,-1.3,0.043,-0.846,-0.650769230769231,5.42495267794717,0.188423251564396,12
W:14_L:5_NM:4_T:-1.3,14,5,11.07,14.912957453168,70,4,-1.3,0.043,-0.838,-0.644615384615385,5.43270507289973,0.190347874655885,12
W:14_L:5_NM:4_T:-1.3,14,5,11.07,14.912957453168,70,4,-1.3,0.043,-0.831,-0.639230769230769,5.43856400126736,0.192280085612488,12
W:14_L:5_NM:4_T:-1.3,14,5,11.07,14.912957453168,70,4,-1.3,0.043,-0.823,-0.633076923076923,5.44428390859357,0.194801961364746,12
W:14_L:5_NM:4_T:-1.3,14,5,11.07,14.912957453168,70,4,-1.3,0.043,-0.816,-0.627692307692308,5.44816615965818,0.197295214803049,12
W:14_L:5_NM:4_T:-1.3,14,5,11.07,14.912957453168,70,4,-1.3,0.043,-0.808,-0.621538461538462,5.45124125933766,0.200604497335985,12
W:14_L:5_NM:4_T:-1.3,14,5,11.07,14.912957453168,70,4,-1.3,0.043,-0.801,-0.616153846153846,5.45220792091392,0.203951345226376,12
W:14_L:5_NM:4_T:-1.3,14,5,11.07,14.912957453168,70,4,-1.3,0.043,-0.793,-0.61,5.45083724481969,0.208382857265542,12
W:14_L:5_NM:4_T:-1.3,14,5,11.07,14.912957453168,70,4,-1.3,0.043,-0.786,-0.604615384615385,5.44705718995678,0.212837522999208,12
W:14_L:5_NM:4_T:-1.3,14,5,11.07,14.912957453168,70,4,-1.3,0.043,-0.778,-0.598461538461539,5.43844821578393,0.218962393046745,12
W:14_L:5_NM:4_T:-1.3,14,5,11.07,14.912957453168,70,4,-1.3,0.043,-0.771,-0.593076923076923,5.42702526587744,0.225082558649633,12
W:14_L:5_NM:4_T:-1.3,14,5,11.07,14.912957453168,70,4,-1.3,0.043,-0.763,-0.586923076923077,5.40529117459966,0.233896811067164,12
W:14_L:5_NM:4_T:-1.3,14,5,11.07,14.912957453168,70,4,-1.3,0.043,-0.756,-0.581538461538462,5.37872504275172,0.242845253183081,12
W:14_L:5_NM:4_T:-1.3,14,5,11.07,14.912957453168,70,4,-1.3,0.043,-0.748,-0.575384615384615,5.33229175102523,0.256348624493627,12
W:14_L:5_NM:4_T:-1.3,14,5,11.07,14.912957453168,70,4,-1.3,0.043,-0.741,-0.57,5.26831123351028,0.271283991197885,12
W:14_L:5_NM:4_T:-1.3,14,5,11.07,14.912957453168,70,4,-1.3,0.043,-0.733,-0.563846153846154,5.15056018335405,0.295092420550385,12
W:14_L:5_NM:4_T:-1.3,14,5,11.07,14.912957453168,70,4,-1.3,0.043,-0.726,-0.558461538461539,4.97185993365259,0.325569353587607,12
W:14_L:5_NM:4_T:-1.3,14,5,11.07,14.912957453168,70,4,-1.3,0.043,-0.718,-0.552307692307692,4.44474017801383,0.387844628706028,12
W:14_L:5_NM:4_T:-1.3,14,5,11.07,14.912957453168,70,4,-1.3,0.043,-0.711,-0.546923076923077,2.89113933776747,1.14363473230506,12
W:14_L:5_NM:4_T:-1.3,14,5,11.07,14.912957453168,70,4,-1.3,0.043,-0.703,-0.540769230769231,1.75209046454854,0.173281381304892,12
W:14_L:5_NM:4_T:-1.3,14,5,11.07,14.912957453168,70,4,-1.3,0.043,-0.695,-0.534615384615385,1.81661265079618,0.0954406432752626,8
W:14_L:5_NM:4_T:-1.3,14,5,11.07,14.912957453168,70,4,-1.3,0.043,-0.688,-0.529230769230769,1.85036441827009,0.0694284317408185,4
W:14_L:5_NM:4_T:-1.3,14,5,11.07,14.912957453168,70,4,-1.3,0.043,-0.68,-0.523076923076923,1.86655201013641,0.0631508737139331,4
W:14_L:5_NM:4_T:-1.3,14,5,11.07,14.912957453168,70,4,-1.3,0.043,-0.673,-0.517692307692308,1.87576301714581,0.0607405635600674,4
W:14_L:5_NM:4_T:-1.3,14,5,11.07,14.912957453168,70,4,-1.3,0.043,-0.665,-0.511538461538462,1.88364130795994,0.0590275196879744,4
W:14_L:5_NM:4_T:-1.3,14,5,11.07,14.912957453168,70,4,-1.3,0.043,-0.658,-0.506153846153846,1.88938666207926,0.0580744076267941,4
W:14_L:5_NM:4_T:-1.3,14,5,11.07,14.912957453168,70,4,-1.3,0.043,-0.65,-0.5,1.89517358717897,0.0572744455101382,4
W:14_L:5_NM:4_T:-1.3,14,5,11.07,14.912957453168,70,4,-1.3,0.043,-0.643,-0.494615384615385,1.89972978120509,0.0567505957310561,4
W:14_L:5_NM:4_T:-1.3,14,5,11.07,14.912957453168,70,4,-1.3,0.043,-0.635,-0.488461538461538,1.90460365407939,0.0562736235813557,4
W:14_L:5_NM:4_T:-1.3,14,5,11.07,14.912957453168,70,4,-1.3,0.043,-0.628,-0.483076923076923,1.90867083610666,0.0559284309672953,4
W:14_L:5_NM:4_T:-1.3,14,5,11.07,14.912957453168,70,4,-1.3,0.043,-0.62,-0.476923076923077,1.91313526997493,0.0555971757427183,4
W:14_L:5_NM:4_T:-1.3,14,5,11.07,14.912957453168,70,4,-1.3,0.043,-0.613,-0.471538461538462,1.91688077064821,0.0553595259788482,4
W:14_L:5_NM:4_T:-1.3,14,5,11.07,14.912957453168,70,4,-1.3,0.043,-0.605,-0.465384615384615,1.92104856696348,0.0551278152112355,4
W:14_L:5_NM:4_T:-1.3,14,5,11.07,14.912957453168,70,4,-1.3,0.043,-0.598,-0.46,1.92464556930199,0.0549461305701892,4
W:14_L:5_NM:4_T:-1.3,14,5,11.07,14.912957453168,70,4,-1.3,0.043,-0.59,-0.453846153846154,1.92864105456085,0.0547750461689021,4
W:14_L:5_NM:4_T:-1.3,14,5,11.07,14.912957453168,70,4,-1.3,0.043,-0.583,-0.448461538461538,1.93205651973363,0.0546504373991182,4
W:14_L:5_NM:4_T:-1.3,14,5,11.07,14.912957453168,70,4,-1.3,0.043,-0.575,-0.442307692307692,1.93591218934741,0.0545254156460595,4
W:14_L:5_NM:4_T:-1.3,14,5,11.07,14.912957453168,70,4,-1.3,0.043,-0.568,-0.436923076923077,1.93922100537842,0.0544359299758279,4
W:14_L:5_NM:4_T:-1.3,14,5,11.07,14.912957453168,70,4,-1.3,0.043,-0.56,-0.430769230769231,1.94290422593248,0.0543640287829008,4
W:14_L:5_NM:4_T:-1.3,14,5,11.07,14.912957453168,70,4,-1.3,0.043,-0.553,-0.425384615384615,1.94609972212334,0.054306834770072,4
W:14_L:5_NM:4_T:-1.3,14,5,11.07,14.912957453168,70,4,-1.3,0.043,-0.545,-0.419230769230769,1.94971018549521,0.0542522099794818,4
W:14_L:5_NM:4_T:-1.3,14,5,11.07,14.912957453168,70,4,-1.3,0.043,-0.538,-0.413846153846154,1.9527801293328,0.0542262940972845,4
W:14_L:5_NM:4_T:-1.3,14,5,11.07,14.912957453168,70,4,-1.3,0.043,-0.53,-0.407692307692308,1.95623609472398,0.0542051999883076,4
W:14_L:5_NM:4_T:-1.3,14,5,11.07,14.912957453168,70,4,-1.3,0.043,-0.523,-0.402307692307692,1.95916503447093,0.0542114854912574,4
W:14_L:5_NM:4_T:-1.3,14,5,11.07,14.912957453168,70,4,-1.3,0.043,-0.515,-0.396153846153846,1.96244666539842,0.0542278170107626,4
W:14_L:5_NM:4_T:-1.3,14,5,11.07,14.912957453168,70,4,-1.3,0.043,-0.508,-0.390769230769231,1.96523805729601,0.0542562736258283,4
W:14_L:5_NM:4_T:-1.3,14,5,11.07,14.912957453168,70,4,-1.3,0.043,-0.5,-0.384615384615385,1.96836249965447,0.0542968588837724,4
W:14_L:5_NM:4_T:-1.3,14,5,11.07,14.912957453168,70,4,-1.3,0.043,-0.492,-0.378461538461538,1.97134586484553,0.0543674659139924,4
W:14_L:5_NM:4_T:-1.3,14,5,11.07,14.912957453168,70,4,-1.3,0.043,-0.485,-0.373076923076923,1.97385613822765,0.0544447892436812,4
W:14_L:5_NM:4_T:-1.3,14,5,11.07,14.912957453168,70,4,-1.3,0.043,-0.477,-0.366923076923077,1.97661096778832,0.0545461224807265,4
W:14_L:5_NM:4_T:-1.3,14,5,11.07,14.912957453168,70,4,-1.3,0.043,-0.47,-0.361538461538462,1.97893481000575,0.0546450852266981,4
W:14_L:5_NM:4_T:-1.3,14,5,11.07,14.912957453168,70,4,-1.3,0.043,-0.462,-0.355384615384615,1.98141433118467,0.0547916359595533,4
W:14_L:5_NM:4_T:-1.3,14,5,11.07,14.912957453168,70,4,-1.3,0.043,-0.455,-0.35,1.98345786314823,0.0549289014369053,4
W:14_L:5_NM:4_T:-1.3,14,5,11.07,14.912957453168,70,4,-1.3,0.043,-0.447,-0.343846153846154,1.98561379024494,0.0551161036011769,4
W:14_L:5_NM:4_T:-1.3,14,5,11.07,14.912957453168,70,4,-1.3,0.043,-0.44,-0.338461538461538,1.98733345101414,0.0553036284790173,4
W:14_L:5_NM:4_T:-1.3,14,5,11.07,14.912957453168,70,4,-1.3,0.043,-0.432,-0.332307692307692,1.98908702214529,0.055546220206631,4
W:14_L:5_NM:4_T:-1.3,14,5,11.07,14.912957453168,70,4,-1.3,0.043,-0.425,-0.326923076923077,1.99041893329773,0.0557860213154674,4
W:14_L:5_NM:4_T:-1.3,14,5,11.07,14.912957453168,70,4,-1.3,0.043,-0.417,-0.320769230769231,1.99168787366968,0.0560966140876331,4
W:14_L:5_NM:4_T:-1.3,14,5,11.07,14.912957453168,70,4,-1.3,0.043,-0.41,-0.315384615384615,1.99253448017982,0.0563984293587568,4
W:14_L:5_NM:4_T:-1.3,14,5,11.07,14.912957453168,70,4,-1.3,0.043,-0.402,-0.309230769230769,1.99318632838822,0.0567859808205065,4
W:14_L:5_NM:4_T:-1.3,14,5,11.07,14.912957453168,70,4,-1.3,0.043,-0.395,-0.303846153846154,1.99342232175824,0.0571705270297594,4
W:14_L:5_NM:4_T:-1.3,14,5,11.07,14.912957453168,70,4,-1.3,0.043,-0.387,-0.297692307692308,1.99326659453562,0.0576620657543785,4
W:14_L:5_NM:4_T:-1.3,14,5,11.07,14.912957453168,70,4,-1.3,0.043,-0.38,-0.292307692307692,1.99271034070754,0.0581417887940139,4
W:14_L:5_NM:4_T:-1.3,14,5,11.07,14.912957453168,70,4,-1.3,0.043,-0.372,-0.286153846153846,1.99147810932088,0.0587734519116741,4
W:14_L:5_NM:4_T:-1.3,14,5,11.07,14.912957453168,70,4,-1.3,0.043,-0.365,-0.280769230769231,1.98985749687014,0.0593831347049569,4
W:14_L:5_NM:4_T:-1.3,14,5,11.07,14.912957453168,70,4,-1.3,0.043,-0.357,-0.274615384615385,1.98719636583474,0.0601821363861479,4
W:14_L:5_NM:4_T:-1.3,14,5,11.07,14.912957453168,70,4,-1.3,0.043,-0.35,-0.269230769230769,1.98405664226253,0.0609795732291176,4
W:14_L:5_NM:4_T:-1.3,14,5,11.07,14.912957453168,70,4,-1.3,0.043,-0.342,-0.263076923076923,1.97933243985796,0.0620270588359259,4
W:14_L:5_NM:4_T:-1.3,14,5,11.07,14.912957453168,70,4,-1.3,0.043,-0.335,-0.257692307692308,1.97402857370122,0.0630781086676066,4
W:14_L:5_NM:4_T:-1.3,14,5,11.07,14.912957453168,70,4,-1.3,0.043,-0.327,-0.251538461538462,1.96630717201848,0.0644772034061598,4
W:14_L:5_NM:4_T:-1.3,14,5,11.07,14.912957453168,70,4,-1.3,0.043,-0.32,-0.246153846153846,1.95777667728282,0.0658929779295315,4
W:14_L:5_NM:4_T:-1.3,14,5,11.07,14.912957453168,70,4,-1.3,0.043,-0.312,-0.24,1.94538663174802,0.0678090355809271,4
W:14_L:5_NM:4_T:-1.3,14,5,11.07,14.912957453168,70,4,-1.3,0.043,-0.305,-0.234615384615385,1.93165319823378,0.0697971462615026,4
W:14_L:5_NM:4_T:-1.3,14,5,11.07,14.912957453168,70,4,-1.3,0.043,-0.297,-0.228461538461538,1.9121438967349,0.072457475219029,4
W:14_L:5_NM:4_T:-1.3,14,5,11.07,14.912957453168,70,4,-1.3,0.043,-0.289,-0.222307692307692,1.88663930124842,0.0757491428631557,4
W:14_L:5_NM:4_T:-1.3,14,5,11.07,14.912957453168,70,4,-1.3,0.043,-0.282,-0.216923076923077,1.85810959212581,0.0792400434813378,4
W:14_L:5_NM:4_T:-1.3,14,5,11.07,14.912957453168,70,4,-1.3,0.043,-0.274,-0.210769230769231,1.81661834570965,0.0840957139779812,4
W:14_L:5_NM:4_T:-1.3,14,5,11.07,14.912957453168,70,4,-1.3,0.043,-0.267,-0.205384615384615,1.77041446444952,0.0892749503707041,4
W:14_L:5_NM:4_T:-1.3,14,5,11.07,14.912957453168,70,4,-1.3,0.043,-0.259,-0.199230769230769,1.70166997147694,0.0965974962821407,4
W:14_L:5_NM:4_T:-1.3,14,5,11.07,14.912957453168,70,4,-1.3,0.043,-0.252,-0.193846153846154,1.62537970025735,0.104442230092396,4
W:14_L:5_NM:4_T:-1.3,14,5,11.07,14.912957453168,70,4,-1.3,0.043,-0.244,-0.187692307692308,1.5157044126215,0.115136476238958,4
W:14_L:5_NM:4_T:-1.3,14,5,11.07,14.912957453168,70,4,-1.3,0.043,-0.237,-0.182307692307692,1.40058185645201,0.125738678785973,4
W:14_L:5_NM:4_T:-1.3,14,5,11.07,14.912957453168,70,4,-1.3,0.043,-0.229,-0.176153846153846,1.2551077573549,0.138313102728485,4
W:14_L:5_NM:4_T:-1.3,14,5,11.07,14.912957453168,70,4,-1.3,0.043,-0.222,-0.170769230769231,1.13300777908447,0.147799761147053,4
W:14_L:5_NM:4_T:-1.3,14,5,11.07,14.912957453168,70,4,-1.3,0.043,-0.214,-0.164615384615385,1.03132811144857,0.154129701945381,4
W:14_L:5_NM:4_T:-1.3,14,5,11.07,14.912957453168,70,4,-1.3,0.043,-0.207,-0.159230769230769,1.00096369895698,0.153699034574328,4
W:14_L:5_NM:4_T:-1.3,14,5,11.07,14.912957453168,70,4,-1.3,0.043,-0.199,-0.153076923076923,1.03981767865989,0.146689181323587,4
W:14_L:5_NM:4_T:-1.3,14,5,11.07,14.912957453168,70,4,-1.3,0.043,-0.192,-0.147692307692308,1.12171516068658,0.136970256670503,4
W:14_L:5_NM:4_T:-1.3,14,5,11.07,14.912957453168,70,4,-1.3,0.043,-0.184,-0.141538461538462,1.23935434252174,0.124801609971158,4
W:14_L:5_NM:4_T:-1.3,14,5,11.07,14.912957453168,70,4,-1.3,0.043,-0.177,-0.136153846153846,1.34327429802775,0.114952374639192,4
W:14_L:5_NM:4_T:-1.3,14,5,11.07,14.912957453168,70,4,-1.3,0.043,-0.169,-0.13,1.44995587926859,0.105556802148026,4
W:14_L:5_NM:4_T:-1.3,14,5,11.07,14.912957453168,70,4,-1.3,0.043,-0.162,-0.124615384615385,1.52964818959568,0.0990562881967559,4
W:14_L:5_NM:4_T:-1.3,14,5,11.07,14.912957453168,70,4,-1.3,0.043,-0.154,-0.118461538461538,1.60478541800048,0.0934576363411372,4
W:14_L:5_NM:4_T:-1.3,14,5,11.07,14.912957453168,70,4,-1.3,0.043,-0.147,-0.113076923076923,1.65827865043492,0.0899112223715022,4
W:14_L:5_NM:4_T:-1.3,14,5,11.07,14.912957453168,70,4,-1.3,0.043,-0.139,-0.106923076923077,1.70805028192738,0.0871219222819117,4
W:14_L:5_NM:4_T:-1.3,14,5,11.07,14.912957453168,70,4,-1.3,0.043,-0.132,-0.101538461538462,1.74344449959545,0.0856122404830222,4
W:14_L:5_NM:4_T:-1.3,14,5,11.07,14.912957453168,70,4,-1.3,0.043,-0.124,-0.0953846153846154,1.77645878379129,0.0847903570445424,4
W:14_L:5_NM:4_T:-1.3,14,5,11.07,14.912957453168,70,4,-1.3,0.043,-0.117,-0.09,1.80022580466082,0.0847651930169337,4
W:14_L:5_NM:4_T:-1.3,14,5,11.07,14.912957453168,70,4,-1.3,0.043,-0.109,-0.0838461538461539,1.82228188470901,0.0855222012889505,4
W:14_L:5_NM:4_T:-1.3,14,5,11.07,14.912957453168,70,4,-1.3,0.043,-0.102,-0.0784615384615385,1.83803663611018,0.0868538717447197,4
W:14_L:5_NM:4_T:-1.3,14,5,11.07,14.912957453168,70,4,-1.3,0.043,-0.094,-0.0723076923076923,1.85295525996368,0.0891636285048729,4
W:14_L:5_NM:4_T:-1.3,14,5,11.07,14.912957453168,70,4,-1.3,0.043,-0.086,-0.0661538461538462,1.86489238391112,0.0924723750152615,4
W:14_L:5_NM:4_T:-1.3,14,5,11.07,14.912957453168,70,4,-1.3,0.043,-0.079,-0.0607692307692308,1.87296145478665,0.0964218273847246,4
W:14_L:5_NM:4_T:-1.3,14,5,11.07,14.912957453168,70,4,-1.3,0.043,-0.071,-0.0546153846153846,1.88043427000842,0.102378772045418,4
W:14_L:5_NM:4_T:-1.3,14,5,11.07,14.912957453168,70,4,-1.3,0.043,-0.064,-0.0492307692307692,1.88555943664018,0.109372718321634,4
W:14_L:5_NM:4_T:-1.3,14,5,11.07,14.912957453168,70,4,-1.3,0.043,-0.056,-0.0430769230769231,1.88967042013462,0.120563921144679,4
W:14_L:5_NM:4_T:-1.3,14,5,11.07,14.912957453168,70,4,-1.3,0.043,-0.049,-0.0376923076923077,1.89210575473773,0.134914213246705,4
W:14_L:5_NM:4_T:-1.3,14,5,11.07,14.912957453168,70,4,-1.3,0.043,-0.041,-0.0315384615384615,1.89444339120083,0.16149470947357,4
W:14_L:5_NM:4_T:-1.3,14,5,11.07,14.912957453168,70,4,-1.3,0.043,-0.034,-0.0261538461538462,1.89827970160134,0.205787929328194,4
W:14_L:5_NM:4_T:-1.3,14,5,11.07,14.912957453168,70,4,-1.3,0.043,-0.026,-0.02,1.91961316382029,0.344995537324181,4
W:14_L:5_NM:4_T:-1.3,14,5,11.07,14.912957453168,70,4,-1.3,0.043,-0.019,-0.0146153846153846,1.98802975809219,0.638499304724294,4
W:14_L:5_NM:4_T:-1.3,14,5,11.07,14.912957453168,70,4,-1.3,0.043,-0.011,-0.00846153846153846,1.99999231893373,0.702865807725821,4
W:14_L:5_NM:4_T:-1.3,14,5,11.07,14.912957453168,70,4,-1.3,0.043,-0.004,-0.00307692307692308,2.0000082604163,0.73989600129467,4
W:14_L:5_NM:4_T:-1.3,14,5,11.07,14.912957453168,70,4,-1.3,0.043,0.004,0.00307692307692308,2.0000082592573,0.739896014346055,4
W:14_L:5_NM:4_T:-1.3,14,5,11.07,14.912957453168,70,4,-1.3,0.043,0.011,0.00846153846153846,1.99999231960664,0.702865999441349,4
W:14_L:5_NM:4_T:-1.3,14,5,11.07,14.912957453168,70,4,-1.3,0.043,0.019,0.0146153846153846,1.98802989166491,0.63849976933736,4
W:14_L:5_NM:4_T:-1.3,14,5,11.07,14.912957453168,70,4,-1.3,0.043,0.026,0.02,1.91961328383467,0.344996181924096,4
W:14_L:5_NM:4_T:-1.3,14,5,11.07,14.912957453168,70,4,-1.3,0.043,0.034,0.0261538461538462,1.89827971740861,0.205788112366942,4
W:14_L:5_NM:4_T:-1.3,14,5,11.07,14.912957453168,70,4,-1.3,0.043,0.041,0.0315384615384615,1.89444339695008,0.161494798218329,4
W:14_L:5_NM:4_T:-1.3,14,5,11.07,14.912957453168,70,4,-1.3,0.043,0.049,0.0376923076923077,1.89210576325789,0.134914263389751,4
W:14_L:5_NM:4_T:-1.3,14,5,11.07,14.912957453168,70,4,-1.3,0.043,0.056,0.0430769230769231,1.88967042565427,0.120563955820465,4
W:14_L:5_NM:4_T:-1.3,14,5,11.07,14.912957453168,70,4,-1.3,0.043,0.064,0.0492307692307692,1.88555944706636,0.109372742316226,4
W:14_L:5_NM:4_T:-1.3,14,5,11.07,14.912957453168,70,4,-1.3,0.043,0.071,0.0546153846153846,1.88043427712834,0.102378791357013,4
W:14_L:5_NM:4_T:-1.3,14,5,11.07,14.912957453168,70,4,-1.3,0.043,0.079,0.0607692307692308,1.87296147666489,0.0964218397396163,4
W:14_L:5_NM:4_T:-1.3,14,5,11.07,14.912957453168,70,4,-1.3,0.043,0.086,0.0661538461538462,1.86489240369175,0.0924723860998628,4
W:14_L:5_NM:4_T:-1.3,14,5,11.07,14.912957453168,70,4,-1.3,0.043,0.094,0.0723076923076923,1.85295529253743,0.0891636358470219,4
W:14_L:5_NM:4_T:-1.3,14,5,11.07,14.912957453168,70,4,-1.3,0.043,0.102,0.0784615384615385,1.83803667370581,0.0868538772138093,4
W:14_L:5_NM:4_T:-1.3,14,5,11.07,14.912957453168,70,4,-1.3,0.043,0.109,0.0838461538461539,1.82228192225375,0.0855222057541057,4
W:14_L:5_NM:4_T:-1.3,14,5,11.07,14.912957453168,70,4,-1.3,0.043,0.117,0.09,1.80022586307293,0.0847651945158641,4
W:14_L:5_NM:4_T:-1.3,14,5,11.07,14.912957453168,70,4,-1.3,0.043,0.124,0.0953846153846154,1.77645884097578,0.084790357879921,4
W:14_L:5_NM:4_T:-1.3,14,5,11.07,14.912957453168,70,4,-1.3,0.043,0.132,0.101538461538462,1.74344457269219,0.0856122392267843,4
W:14_L:5_NM:4_T:-1.3,14,5,11.07,14.912957453168,70,4,-1.3,0.043,0.139,0.106923076923077,1.70805038425956,0.0871219181398251,4
W:14_L:5_NM:4_T:-1.3,14,5,11.07,14.912957453168,70,4,-1.3,0.043,0.147,0.113076923076923,1.65827876386941,0.0899112164476561,4
W:14_L:5_NM:4_T:-1.3,14,5,11.07,14.912957453168,70,4,-1.3,0.043,0.154,0.118461538461538,1.60478555964537,0.0934576275958851,4
W:14_L:5_NM:4_T:-1.3,14,5,11.07,14.912957453168,70,4,-1.3,0.043,0.162,0.124615384615385,1.52964834290997,0.0990562767223874,4
W:14_L:5_NM:4_T:-1.3,14,5,11.07,14.912957453168,70,4,-1.3,0.043,0.169,0.13,1.44995606348105,0.105556787408347,4
W:14_L:5_NM:4_T:-1.3,14,5,11.07,14.912957453168,70,4,-1.3,0.043,0.177,0.136153846153846,1.34327450850555,0.114952356599402,4
W:14_L:5_NM:4_T:-1.3,14,5,11.07,14.912957453168,70,4,-1.3,0.043,0.184,0.141538461538462,1.23935459865623,0.124801585449852,4
W:14_L:5_NM:4_T:-1.3,14,5,11.07,14.912957453168,70,4,-1.3,0.043,0.192,0.147692307692308,1.12171537560671,0.13697023425186,4
W:14_L:5_NM:4_T:-1.3,14,5,11.07,14.912957453168,70,4,-1.3,0.043,0.199,0.153076923076923,1.03981782411757,0.146689163868826,4
W:14_L:5_NM:4_T:-1.3,14,5,11.07,14.912957453168,70,4,-1.3,0.043,0.207,0.159230769230769,1.00096370041338,0.153699027837091,4
W:14_L:5_NM:4_T:-1.3,14,5,11.07,14.912957453168,70,4,-1.3,0.043,0.214,0.164615384615385,1.03132796635445,0.154129707521044,4
W:14_L:5_NM:4_T:-1.3,14,5,11.07,14.912957453168,70,4,-1.3,0.043,0.222,0.170769230769231,1.13300753037256,0.147799781671826,4
W:14_L:5_NM:4_T:-1.3,14,5,11.07,14.912957453168,70,4,-1.3,0.043,0.229,0.176153846153846,1.25510749220967,0.138313125951041,4
W:14_L:5_NM:4_T:-1.3,14,5,11.07,14.912957453168,70,4,-1.3,0.043,0.237,0.182307692307692,1.40058159194694,0.125738704607799,4
W:14_L:5_NM:4_T:-1.3,14,5,11.07,14.912957453168,70,4,-1.3,0.043,0.244,0.187692307692308,1.51570418038273,0.115136500870078,4
W:14_L:5_NM:4_T:-1.3,14,5,11.07,14.912957453168,70,4,-1.3,0.043,0.252,0.193846153846154,1.62537950991027,0.104442248594881,4
W:14_L:5_NM:4_T:-1.3,14,5,11.07,14.912957453168,70,4,-1.3,0.043,0.259,0.199230769230769,1.70166980454498,0.096597515429326,4
W:14_L:5_NM:4_T:-1.3,14,5,11.07,14.912957453168,70,4,-1.3,0.043,0.267,0.205384615384615,1.77041435867074,0.0892749624343211,4
W:14_L:5_NM:4_T:-1.3,14,5,11.07,14.912957453168,70,4,-1.3,0.043,0.274,0.210769230769231,1.81661826094168,0.0840957248767981,4
W:14_L:5_NM:4_T:-1.3,14,5,11.07,14.912957453168,70,4,-1.3,0.043,0.282,0.216923076923077,1.85810952899043,0.079240051729125,4
W:14_L:5_NM:4_T:-1.3,14,5,11.07,14.912957453168,70,4,-1.3,0.043,0.289,0.222307692307692,1.88663925278089,0.075749149668229,4
W:14_L:5_NM:4_T:-1.3,14,5,11.07,14.912957453168,70,4,-1.3,0.043,0.297,0.228461538461538,1.91214385414889,0.0724574813987133,4
W:14_L:5_NM:4_T:-1.3,14,5,11.07,14.912957453168,70,4,-1.3,0.043,0.305,0.234615384615385,1.93165316985976,0.0697971507156618,4
W:14_L:5_NM:4_T:-1.3,14,5,11.07,14.912957453168,70,4,-1.3,0.043,0.312,0.24,1.94538661056622,0.0678090391456869,4
W:14_L:5_NM:4_T:-1.3,14,5,11.07,14.912957453168,70,4,-1.3,0.043,0.32,0.246153846153846,1.95777665857101,0.0658929815688981,4
W:14_L:5_NM:4_T:-1.3,14,5,11.07,14.912957453168,70,4,-1.3,0.043,0.327,0.251538461538462,1.96630715875895,0.0644772060547841,4
W:14_L:5_NM:4_T:-1.3,14,5,11.07,14.912957453168,70,4,-1.3,0.043,0.335,0.257692307692308,1.97402856397291,0.0630781109506558,4
W:14_L:5_NM:4_T:-1.3,14,5,11.07,14.912957453168,70,4,-1.3,0.043,0.342,0.263076923076923,1.97933243022789,0.0620270613205729,4
W:14_L:5_NM:4_T:-1.3,14,5,11.07,14.912957453168,70,4,-1.3,0.043,0.35,0.269230769230769,1.9840566355835,0.0609795752787633,4
W:14_L:5_NM:4_T:-1.3,14,5,11.07,14.912957453168,70,4,-1.3,0.043,0.357,0.274615384615385,1.98719636247697,0.06018213779165,4
W:14_L:5_NM:4_T:-1.3,14,5,11.07,14.912957453168,70,4,-1.3,0.043,0.365,0.280769230769231,1.98985749465588,0.0593831359493081,4
W:14_L:5_NM:4_T:-1.3,14,5,11.07,14.912957453168,70,4,-1.3,0.043,0.372,0.286153846153846,1.99147810921966,0.0587734526249884,4
W:14_L:5_NM:4_T:-1.3,14,5,11.07,14.912957453168,70,4,-1.3,0.043,0.38,0.292307692307692,1.99271033976012,0.0581417902755309,4
W:14_L:5_NM:4_T:-1.3,14,5,11.07,14.912957453168,70,4,-1.3,0.043,0.387,0.297692307692308,1.99326659553748,0.057662066592483,4
W:14_L:5_NM:4_T:-1.3,14,5,11.07,14.912957453168,70,4,-1.3,0.043,0.395,0.303846153846154,1.99342232306692,0.0571705280684703,4
W:14_L:5_NM:4_T:-1.3,14,5,11.07,14.912957453168,70,4,-1.3,0.043,0.402,0.309230769230769,1.99318633086502,0.0567859814324084,4
W:14_L:5_NM:4_T:-1.3,14,5,11.07,14.912957453168,70,4,-1.3,0.043,0.41,0.315384615384615,1.99253448195068,0.0563984307164988,4
W:14_L:5_NM:4_T:-1.3,14,5,11.07,14.912957453168,70,4,-1.3,0.043,0.417,0.320769230769231,1.99168787628951,0.0560966150620978,4
W:14_L:5_NM:4_T:-1.3,14,5,11.07,14.912957453168,70,4,-1.3,0.043,0.425,0.326923076923077,1.99041893766811,0.0557860217598396,4
W:14_L:5_NM:4_T:-1.3,14,5,11.07,14.912957453168,70,4,-1.3,0.043,0.432,0.332307692307692,1.9890870261757,0.0555462209289988,4
W:14_L:5_NM:4_T:-1.3,14,5,11.07,14.912957453168,70,4,-1.3,0.043,0.44,0.338461538461538,1.98733345621178,0.0553036287022228,4
W:14_L:5_NM:4_T:-1.3,14,5,11.07,14.912957453168,70,4,-1.3,0.043,0.447,0.343846153846154,1.9856137950076,0.0551161043234825,4
W:14_L:5_NM:4_T:-1.3,14,5,11.07,14.912957453168,70,4,-1.3,0.043,0.455,0.35,1.98345786877382,0.0549289018417052,4
W:14_L:5_NM:4_T:-1.3,14,5,11.07,14.912957453168,70,4,-1.3,0.043,0.462,0.355384615384615,1.9814143367008,0.0547916363437388,4
W:14_L:5_NM:4_T:-1.3,14,5,11.07,14.912957453168,70,4,-1.3,0.043,0.47,0.361538461538462,1.97893481539608,0.0546450858560673,4
W:14_L:5_NM:4_T:-1.3,14,5,11.07,14.912957453168,70,4,-1.3,0.043,0.477,0.366923076923077,1.97661097356001,0.054546123087861,4
W:14_L:5_NM:4_T:-1.3,14,5,11.07,14.912957453168,70,4,-1.3,0.043,0.485,0.373076923076923,1.97385614483416,0.0544447895934281,4
W:14_L:5_NM:4_T:-1.3,14,5,11.07,14.912957453168,70,4,-1.3,0.043,0.492,0.378461538461538,1.97134587160733,0.0543674660597853,4
W:14_L:5_NM:4_T:-1.3,14,5,11.07,14.912957453168,70,4,-1.3,0.043,0.5,0.384615384615385,1.96836250665701,0.0542968591026853,4
W:14_L:5_NM:4_T:-1.3,14,5,11.07,14.912957453168,70,4,-1.3,0.043,0.508,0.390769230769231,1.96523806372389,0.054256274015476,4
W:14_L:5_NM:4_T:-1.3,14,5,11.07,14.912957453168,70,4,-1.3,0.043,0.515,0.396153846153846,1.9624466732286,0.0542278169404147,4
W:14_L:5_NM:4_T:-1.3,14,5,11.07,14.912957453168,70,4,-1.3,0.043,0.523,0.402307692307692,1.95916504181811,0.0542114855616355,4
W:14_L:5_NM:4_T:-1.3,14,5,11.07,14.912957453168,70,4,-1.3,0.043,0.53,0.407692307692308,1.95623610191825,0.0542051998881043,4
W:14_L:5_NM:4_T:-1.3,14,5,11.07,14.912957453168,70,4,-1.3,0.043,0.538,0.413846153846154,1.95278013647656,0.0542262942310002,4
W:14_L:5_NM:4_T:-1.3,14,5,11.07,14.912957453168,70,4,-1.3,0.043,0.545,0.419230769230769,1.94971019330457,0.0542522098186588,4
W:14_L:5_NM:4_T:-1.3,14,5,11.07,14.912957453168,70,4,-1.3,0.043,0.553,0.425384615384615,1.9460997293814,0.0543068348385416,4
W:14_L:5_NM:4_T:-1.3,14,5,11.07,14.912957453168,70,4,-1.3,0.043,0.56,0.430769230769231,1.94290423422491,0.0543640283977828,4
W:14_L:5_NM:4_T:-1.3,14,5,11.07,14.912957453168,70,4,-1.3,0.043,0.568,0.436923076923077,1.93922101330178,0.0544359297026161,4
W:14_L:5_NM:4_T:-1.3,14,5,11.07,14.912957453168,70,4,-1.3,0.043,0.575,0.442307692307692,1.93591219676023,0.0545254155542667,4
W:14_L:5_NM:4_T:-1.3,14,5,11.07,14.912957453168,70,4,-1.3,0.043,0.583,0.448461538461538,1.93205652644217,0.0546504374120572,4
W:14_L:5_NM:4_T:-1.3,14,5,11.07,14.912957453168,70,4,-1.3,0.043,0.59,0.453846153846154,1.92864106293949,0.0547750457269756,4
W:14_L:5_NM:4_T:-1.3,14,5,11.07,14.912957453168,70,4,-1.3,0.043,0.598,0.46,1.92464557473778,0.0549461307826346,4
W:14_L:5_NM:4_T:-1.3,14,5,11.07,14.912957453168,70,4,-1.3,0.043,0.605,0.465384615384615,1.92104857434842,0.0551278149120436,4
W:14_L:5_NM:4_T:-1.3,14,5,11.07,14.912957453168,70,4,-1.3,0.043,0.613,0.471538461538462,1.91688077926766,0.0553595253276705,4
W:14_L:5_NM:4_T:-1.3,14,5,11.07,14.912957453168,70,4,-1.3,0.043,0.62,0.476923076923077,1.91313527723693,0.0555971753353439,4
W:14_L:5_NM:4_T:-1.3,14,5,11.07,14.912957453168,70,4,-1.3,0.043,0.628,0.483076923076923,1.90867084288144,0.0559284305792574,4
W:14_L:5_NM:4_T:-1.3,14,5,11.07,14.912957453168,70,4,-1.3,0.043,0.635,0.488461538461538,1.90460366091709,0.0562736231422783,4
W:14_L:5_NM:4_T:-1.3,14,5,11.07,14.912957453168,70,4,-1.3,0.043,0.643,0.494615384615385,1.89972978903246,0.0567505949032912,4
W:14_L:5_NM:4_T:-1.3,14,5,11.07,14.912957453168,70,4,-1.3,0.043,0.65,0.5,1.89517359562188,0.0572744442554042,4
W:14_L:5_NM:4_T:-1.3,14,5,11.07,14.912957453168,70,4,-1.3,0.043,0.658,0.506153846153846,1.88938666939336,0.0580744061986493,4
W:14_L:5_NM:4_T:-1.3,14,5,11.07,14.912957453168,70,4,-1.3,0.043,0.665,0.511538461538462,1.88364132177705,0.0590275166028735,4
W:14_L:5_NM:4_T:-1.3,14,5,11.07,14.912957453168,70,4,-1.3,0.043,0.673,0.517692307692308,1.87576303569636,0.0607405615102089,4
W:14_L:5_NM:4_T:-1.3,14,5,11.07,14.912957453168,70,4,-1.3,0.043,0.68,0.523076923076923,1.86655203483359,0.0631508641645889,4
W:14_L:5_NM:4_T:-1.3,14,5,11.07,14.912957453168,70,4,-1.3,0.043,0.688,0.529230769230769,1.85036446539816,0.0694284126178077,4
W:14_L:5_NM:4_T:-1.3,14,5,11.07,14.912957453168,70,4,-1.3,0.043,0.695,0.534615384615385,1.81661281662543,0.0954404555093498,8
W:14_L:5_NM:4_T:-1.3,14,5,11.07,14.912957453168,70,4,-1.3,0.043,0.703,0.540769230769231,1.75209127380433,0.17328155057416,12
W:14_L:5_NM:4_T:-1.3,14,5,11.07,14.912957453168,70,4,-1.3,0.043,0.711,0.546923076923077,2.89112938858498,1.14363765789874,12
W:14_L:5_NM:4_T:-1.3,14,5,11.07,14.912957453168,70,4,-1.3,0.043,0.718,0.552307692307692,4.44473898587452,0.387844958934981,12
W:14_L:5_NM:4_T:-1.3,14,5,11.07,14.912957453168,70,4,-1.3,0.043,0.726,0.558461538461539,4.97185962732021,0.325569408359944,12
W:14_L:5_NM:4_T:-1.3,14,5,11.07,14.912957453168,70,4,-1.3,0.043,0.733,0.563846153846154,5.15055958973468,0.295092534207853,12
W:14_L:5_NM:4_T:-1.3,14,5,11.07,14.912957453168,70,4,-1.3,0.043,0.741,0.57,5.2683109104661,0.271284056217963,12
W:14_L:5_NM:4_T:-1.3,14,5,11.07,14.912957453168,70,4,-1.3,0.043,0.748,0.575384615384615,5.33229181608158,0.256348667194971,12
W:14_L:5_NM:4_T:-1.3,14,5,11.07,14.912957453168,70,4,-1.3,0.043,0.756,0.581538461538462,5.37872486928313,0.242845289708174,12
W:14_L:5_NM:4_T:-1.3,14,5,11.07,14.912957453168,70,4,-1.3,0.043,0.763,0.586923076923077,5.40529110609071,0.233896834160474,12
W:14_L:5_NM:4_T:-1.3,14,5,11.07,14.912957453168,70,4,-1.3,0.043,0.771,0.593076923076923,5.42702518977663,0.225082575856258,12
W:14_L:5_NM:4_T:-1.3,14,5,11.07,14.912957453168,70,4,-1.3,0.043,0.778,0.598461538461539,5.43844817943354,0.218962408045805,12
W:14_L:5_NM:4_T:-1.3,14,5,11.07,14.912957453168,70,4,-1.3,0.043,0.786,0.604615384615385,5.44705715373244,0.212837535230642,12
W:14_L:5_NM:4_T:-1.3,14,5,11.07,14.912957453168,70,4,-1.3,0.043,0.793,0.61,5.45083722159079,0.20838286719147,12
W:14_L:5_NM:4_T:-1.3,14,5,11.07,14.912957453168,70,4,-1.3,0.043,0.801,0.616153846153846,5.4522079058753,0.203951353207372,12
W:14_L:5_NM:4_T:-1.3,14,5,11.07,14.912957453168,70,4,-1.3,0.043,0.808,0.621538461538462,5.45124124530073,0.200604505403924,12
W:14_L:5_NM:4_T:-1.3,14,5,11.07,14.912957453168,70,4,-1.3,0.043,0.816,0.627692307692308,5.44816614647033,0.197295221711762,12
W:14_L:5_NM:4_T:-1.3,14,5,11.07,14.912957453168,70,4,-1.3,0.043,0.823,0.633076923076923,5.44428390618266,0.194801967135172,12
W:14_L:5_NM:4_T:-1.3,14,5,11.07,14.912957453168,70,4,-1.3,0.043,0.831,0.639230769230769,5.43856400020877,0.192280091068906,12
W:14_L:5_NM:4_T:-1.3,14,5,11.07,14.912957453168,70,4,-1.3,0.043,0.838,0.644615384615385,5.43270507124831,0.190347879366198,12
W:14_L:5_NM:4_T:-1.3,14,5,11.07,14.912957453168,70,4,-1.3,0.043,0.846,0.650769230769231,5.4249526765126,0.188423255170405,12
W:14_L:5_NM:4_T:-1.3,14,5,11.07,14.912957453168,70,4,-1.3,0.043,0.853,0.656153846153846,5.41741483779714,0.186970536773122,12
W:14_L:5_NM:4_T:-1.3,14,5,11.07,14.912957453168,70,4,-1.3,0.043,0.861,0.662307692307692,5.4080542694193,0.185543645409554,12
W:14_L:5_NM:4_T:-1.3,14,5,11.07,14.912957453168,70,4,-1.3,0.043,0.868,0.667692307692308,5.39928295444903,0.184505555496578,12
W:14_L:5_NM:4_T:-1.3,14,5,11.07,14.912957453168,70,4,-1.3,0.043,0.876,0.673846153846154,5.38886497674906,0.183483824542258,12
W:14_L:5_NM:4_T:-1.3,14,5,11.07,14.912957453168,70,4,-1.3,0.043,0.883,0.679230769230769,5.37891629705246,0.182765532852781,12
W:14_L:5_NM:4_T:-1.3,14,5,11.07,14.912957453168,70,4,-1.3,0.043,0.891,0.685384615384615,5.3671639494563,0.182102597036374,12
W:14_L:5_NM:4_T:-1.3,14,5,11.07,14.912957453168,70,4,-1.3,0.043,0.898,0.690769230769231,5.35648807208475,0.1816927856824,12
W:14_L:5_NM:4_T:-1.3,14,5,11.07,14.912957453168,70,4,-1.3,0.043,0.906,0.696923076923077,5.34347113568079,0.181380843006099,12
W:14_L:5_NM:4_T:-1.3,14,5,11.07,14.912957453168,70,4,-1.3,0.043,0.914,0.703076923076923,5.32941442917312,0.181245523997954,12
W:14_L:5_NM:4_T:-1.3,14,5,11.07,14.912957453168,70,4,-1.3,0.043,0.921,0.708461538461539,5.31662249547972,0.181288363356955,12
W:14_L:5_NM:4_T:-1.3,14,5,11.07,14.912957453168,70,4,-1.3,0.043,0.929,0.714615384615385,5.30084649064719,0.181503152539521,12
W:14_L:5_NM:4_T:-1.3,14,5,11.07,14.912957453168,70,4,-1.3,0.043,0.936,0.72,5.28607403906901,0.181861736637528,12
W:14_L:5_NM:4_T:-1.3,14,5,11.07,14.912957453168,70,4,-1.3,0.043,0.944,0.726153846153846,5.26765510263193,0.182468902650902,12
W:14_L:5_NM:4_T:-1.3,14,5,11.07,14.912957453168,70,4,-1.3,0.043,0.951,0.731538461538462,5.25052604196961,0.18320993798446,12
W:14_L:5_NM:4_T:-1.3,14,5,11.07,14.912957453168,70,4,-1.3,0.043,0.959,0.737692307692308,5.22825815820388,0.184291194566212,12
W:14_L:5_NM:4_T:-1.3,14,5,11.07,14.912957453168,70,4,-1.3,0.043,0.966,0.743076923076923,5.2068962907392,0.18550068028456,12
W:14_L:5_NM:4_T:-1.3,14,5,11.07,14.912957453168,70,4,-1.3,0.043,0.974,0.749230769230769,5.17941534952008,0.187230656052414,12
W:14_L:5_NM:4_T:-1.3,14,5,11.07,14.912957453168,70,4,-1.3,0.043,0.981,0.754615384615385,5.15223794219365,0.189120380921553,12
W:14_L:5_NM:4_T:-1.3,14,5,11.07,14.912957453168,70,4,-1.3,0.043,0.989,0.760769230769231,5.11602372206962,0.191803921175043,12
W:14_L:5_NM:4_T:-1.3,14,5,11.07,14.912957453168,70,4,-1.3,0.043,0.996,0.766153846153846,5.07863757095995,0.194744543453796,12
W:14_L:5_NM:4_T:-1.3,14,5,11.07,14.912957453168,70,4,-1.3,0.043,1.004,0.772307692307692,5.02715226486914,0.199018051822894,12
W:14_L:5_NM:4_T:-1.3,14,5,11.07,14.912957453168,70,4,-1.3,0.043,1.011,0.777692307692308,4.97240311352965,0.20390387220734,12
W:14_L:5_NM:4_T:-1.3,14,5,11.07,14.912957453168,70,4,-1.3,0.043,1.019,0.783846153846154,4.89382627845425,0.211453136746958,12
W:14_L:5_NM:4_T:-1.3,14,5,11.07,14.912957453168,70,4,-1.3,0.043,1.026,0.789230769230769,4.80486875194259,0.220804653598414,12
W:14_L:5_NM:4_T:-1.3,14,5,11.07,14.912957453168,70,4,-1.3,0.043,1.034,0.795384615384615,4.66804023234635,0.237232648762617,12
W:14_L:5_NM:4_T:-1.3,14,5,11.07,14.912957453168,70,4,-1.3,0.043,1.041,0.800769230769231,4.49895391605077,0.261637832774553,12
W:14_L:5_NM:4_T:-1.3,14,5,11.07,14.912957453168,70,4,-1.3,0.043,1.049,0.806923076923077,4.21929450443247,0.31722933902614,12
W:14_L:5_NM:4_T:-1.3,14,5,11.07,14.912957453168,70,4,-1.3,0.043,1.056,0.812307692307692,3.96998971638028,0.414951673516079,12
W:14_L:5_NM:4_T:-1.3,14,5,11.07,14.912957453168,70,4,-1.3,0.043,1.064,0.818461538461539,4.2995860454398,0.448077213176304,14
W:14_L:5_NM:4_T:-1.3,14,5,11.07,14.912957453168,70,4,-1.3,0.043,1.071,0.823846153846154,4.52647124478734,0.364944917656684,18
W:14_L:5_NM:4_T:-1.3,14,5,11.07,14.912957453168,70,4,-1.3,0.043,1.079,0.83,5.0843327377623,0.361815757380193,20
W:14_L:5_NM:4_T:-1.3,14,5,11.07,14.912957453168,70,4,-1.3,0.043,1.086,0.835384615384615,6.12159703873149,0.37702829693524,20
W:14_L:5_NM:4_T:-1.3,14,5,11.07,14.912957453168,70,4,-1.3,0.043,1.094,0.841538461538462,6.60467664299959,0.368095286766909,20
W:14_L:5_NM:4_T:-1.3,14,5,11.07,14.912957453168,70,4,-1.3,0.043,1.102,0.847692307692308,6.90235078029821,0.360620465625327,20
W:14_L:5_NM:4_T:-1.3,14,5,11.07,14.912957453168,70,4,-1.3,0.043,1.109,0.853076923076923,7.08949652374974,0.355470390184041,20
W:14_L:5_NM:4_T:-1.3,14,5,11.07,14.912957453168,70,4,-1.3,0.043,1.117,0.859230769230769,7.26079541015741,0.350657341580187,20
W:14_L:5_NM:4_T:-1.3,14,5,11.07,14.912957453168,70,4,-1.3,0.043,1.124,0.864615384615385,7.38316787218594,0.347317851737557,20
W:14_L:5_NM:4_T:-1.3,14,5,11.07,14.912957453168,70,4,-1.3,0.043,1.132,0.870769230769231,7.50162229502977,0.344296911707275,20
W:14_L:5_NM:4_T:-1.3,14,5,11.07,14.912957453168,70,4,-1.3,0.043,1.139,0.876153846153846,7.59186157595008,0.342257736492085,20
W:14_L:5_NM:4_T:-1.3,14,5,11.07,14.912957453168,70,4,-1.3,0.043,1.147,0.882307692307692,7.68306549356989,0.340506935292761,20
W:14_L:5_NM:4_T:-1.3,14,5,11.07,14.912957453168,70,4,-1.3,0.043,1.154,0.887692307692308,7.75440039658189,0.339416008620246,20
W:14_L:5_NM:4_T:-1.3,14,5,11.07,14.912957453168,70,4,-1.3,0.043,1.162,0.893846153846154,7.82867031303417,0.338671949296546,20
W:14_L:5_NM:4_T:-1.3,14,5,11.07,14.912957453168,70,4,-1.3,0.043,1.169,0.899230769230769,7.88778671694653,0.338402172722689,20
W:14_L:5_NM:4_T:-1.3,14,5,11.07,14.912957453168,70,4,-1.3,0.043,1.177,0.905384615384615,7.94942125617396,0.338513366084215,20
W:14_L:5_NM:4_T:-1.3,14,5,11.07,14.912957453168,70,4,-1.3,0.043,1.184,0.910769230769231,7.99886007287339,0.339007110463148,20
W:14_L:5_NM:4_T:-1.3,14,5,11.07,14.912957453168,70,4,-1.3,0.043,1.192,0.916923076923077,8.05090537412305,0.34004916185218,20
W:14_L:5_NM:4_T:-1.3,14,5,11.07,14.912957453168,70,4,-1.3,0.043,1.199,0.922307692307692,8.09163432801028,0.341394767270557,20
W:14_L:5_NM:4_T:-1.3,14,5,11.07,14.912957453168,70,4,-1.3,0.043,1.207,0.928461538461538,8.13317180033445,0.343499683336458,20
W:14_L:5_NM:4_T:-1.3,14,5,11.07,14.912957453168,70,4,-1.3,0.043,1.214,0.933846153846154,8.16513105770053,0.345972717026691,20
W:14_L:5_NM:4_T:-1.3,14,5,11.07,14.912957453168,70,4,-1.3,0.043,1.222,0.94,8.19392831869472,0.349686660925933,20
W:14_L:5_NM:4_T:-1.3,14,5,11.07,14.912957453168,70,4,-1.3,0.043,1.229,0.945384615384615,8.21344727573753,0.354143289879104,20
W:14_L:5_NM:4_T:-1.3,14,5,11.07,14.912957453168,70,4,-1.3,0.043,1.237,0.951538461538462,8.22334090133155,0.361335943323876,20
W:14_L:5_NM:4_T:-1.3,14,5,11.07,14.912957453168,70,4,-1.3,0.043,1.244,0.956923076923077,8.21937187536784,0.370934229278209,20
W:14_L:5_NM:4_T:-1.3,14,5,11.07,14.912957453168,70,4,-1.3,0.043,1.252,0.963076923076923,8.18954602726065,0.390202270687969,20
W:14_L:5_NM:4_T:-1.3,14,5,11.07,14.912957453168,70,4,-1.3,0.043,1.259,0.968461538461538,8.10994993998866,0.426244651686207,20
W:14_L:5_NM:4_T:-1.3,14,5,11.07,14.912957453168,70,4,-1.3,0.043,1.267,0.974615384615385,7.81361519741634,0.567851402448977,26
W:14_L:5_NM:4_T:-1.3,14,5,11.07,14.912957453168,70,4,-1.3,0.043,1.274,0.98,8.43189317063825,0.969702977445477,28
W:14_L:5_NM:4_T:-1.3,14,5,11.07,14.912957453168,70,4,-1.3,0.043,1.282,0.986153846153846,10.587085864878,0.733611323600157,28
W:14_L:5_NM:4_T:-1.3,14,5,11.07,14.912957453168,70,4,-1.3,0.043,1.289,0.991538461538462,10.9699253562821,0.666556717480425,28
W:14_L:5_NM:4_T:-1.3,14,5,11.07,14.912957453168,70,4,-1.3,0.043,1.297,0.997692307692308,11.2051185041811,0.627449788707591,28
W:14_L:5_NM:4_T:-1.3,14,5,11.07,14.912957453168,70,4,-1.3,0.043,1.305,1.00384615384615,11.3092602807668,0.601839720785445,28
W:14_L:5_NM:4_T:-1.3,14,5,11.07,14.912957453168,70,4,-1.3,0.043,1.312,1.00923076923077,11.3982889691562,0.586903084612743,28
W:14_L:5_NM:4_T:-1.3,14,5,11.07,14.912957453168,70,4,-1.3,0.043,1.32,1.01538461538462,11.4498545542365,0.573629787573587,28
W:14_L:5_NM:4_T:-1.3,14,5,11.07,14.912957453168,70,4,-1.3,0.043,1.327,1.02076923076923,11.4837630338432,0.564624021960781,28
W:14_L:5_NM:4_T:-1.3,14,5,11.07,14.912957453168,70,4,-1.3,0.043,1.335,1.02692307692308,11.4988594430723,0.556119792794633,28
W:14_L:5_NM:4_T:-1.3,14,5,11.07,14.912957453168,70,4,-1.3,0.043,1.342,1.03230769230769,11.503459045461,0.55001221842488,28
W:14_L:5_NM:4_T:-1.3,14,5,11.07,14.912957453168,70,4,-1.3,0.043,1.35,1.03846153846154,11.4956995797083,0.544076108525555,28
W:14_L:5_NM:4_T:-1.3,14,5,11.07,14.912957453168,70,4,-1.3,0.043,1.357,1.04384615384615,11.4822283629694,0.539673605321454,28
W:14_L:5_NM:4_T:-1.3,14,5,11.07,14.912957453168,70,4,-1.3,0.043,1.365,1.05,11.4573710462537,0.535285802011397,28
W:14_L:5_NM:4_T:-1.3,14,5,11.07,14.912957453168,70,4,-1.3,0.043,1.372,1.05538461538462,11.4311319927897,0.532009388599922,28
W:14_L:5_NM:4_T:-1.3,14,5,11.07,14.912957453168,70,4,-1.3,0.043,1.38,1.06153846153846,11.3935462859684,0.528713978239734,28
W:14_L:5_NM:4_T:-1.3,14,5,11.07,14.912957453168,70,4,-1.3,0.043,1.387,1.06692307692308,11.3543663059451,0.526188667702016,28
W:14_L:5_NM:4_T:-1.3,14,5,11.07,14.912957453168,70,4,-1.3,0.043,1.395,1.07307692307692,11.3043021658341,0.523698340851323,28
W:14_L:5_NM:4_T:-1.3,14,5,11.07,14.912957453168,70,4,-1.3,0.043,1.402,1.07846153846154,11.2535137190706,0.521786218908904,28
W:14_L:5_NM:4_T:-1.3,14,5,11.07,14.912957453168,70,4,-1.3,0.043,1.41,1.08461538461538,11.1900525237347,0.519986990435821,28
W:14_L:5_NM:4_T:-1.3,14,5,11.07,14.912957453168,70,4,-1.3,0.043,1.417,1.09,11.1238636917473,0.518636709816269,28
W:14_L:5_NM:4_T:-1.3,14,5,11.07,14.912957453168,70,4,-1.3,0.043,1.425,1.09615384615385,11.0360450666735,0.517505797676138,28
W:14_L:5_NM:4_T:-1.3,14,5,11.07,14.912957453168,70,4,-1.3,0.043,1.432,1.10153846153846,10.9385871499546,0.516883400872021,28
W:14_L:5_NM:4_T:-1.3,14,5,11.07,14.912957453168,70,4,-1.3,0.043,1.44,1.10769230769231,10.7813175799766,0.516922232564122,28
W:14_L:5_NM:4_T:-1.3,14,5,11.07,14.912957453168,70,4,-1.3,0.043,1.447,1.11307692307692,10.5375803216834,0.518999131055999,28
W:14_L:5_NM:4_T:-1.3,14,5,11.07,14.912957453168,70,4,-1.3,0.043,1.455,1.11923076923077,9.96139893688325,0.476411262761793,26
W:14_L:5_NM:4_T:-1.3,14,5,11.07,14.912957453168,70,4,-1.3,0.043,1.462,1.12461538461538,10.0130805777473,0.454292931655408,24
W:14_L:5_NM:4_T:-1.3,14,5,11.07,14.912957453168,70,4,-1.3,0.043,1.47,1.13076923076923,10.0210048958672,0.444315399127566,24
W:14_L:5_NM:4_T:-1.3,14,5,11.07,14.912957453168,70,4,-1.3,0.043,1.477,1.13615384615385,10.0261089072114,0.43800842775283,24
W:14_L:5_NM:4_T:-1.3,14,5,11.07,14.912957453168,70,4,-1.3,0.043,1.485,1.14230769230769,10.0444404690616,0.430774506253183,24
W:14_L:5_NM:4_T:-1.3,14,5,11.07,14.912957453168,70,4,-1.3,0.043,1.492,1.14769230769231,10.069003425969,0.423786959978451,24
W:14_L:5_NM:4_T:-1.3,14,5,11.07,14.912957453168,70,4,-1.3,0.043,1.5,1.15384615384615,10.1065577068182,0.41525996441001,24
W:14_L:9_NM:8_T:-1.3,14,9,20.91,14.912957453168,126,8,-1.3,0.043,-1.5,-1.15384615384615,8.64435929553104,0.377705454164341,24
W:14_L:9_NM:8_T:-1.3,14,9,20.91,14.912957453168,126,8,-1.3,0.043,-1.492,-1.14769230769231,8.56741143385665,0.38833398608403,24
W:14_L:9_NM:8_T:-1.3,14,9,20.91,14.912957453168,126,8,-1.3,0.043,-1.485,-1.14230769230769,8.48441383997738,0.40165611302327,24
W:14_L:9_NM:8_T:-1.3,14,9,20.91,14.912957453168,126,8,-1.3,0.043,-1.477,-1.13615384615385,8.37167414497456,0.423583722482419,24
W:14_L:9_NM:8_T:-1.3,14,9,20.91,14.912957453168,126,8,-1.3,0.043,-1.47,-1.13076923076923,8.26675811206292,0.449742506043346,24
W:14_L:9_NM:8_T:-1.3,14,9,20.91,14.912957453168,126,8,-1.3,0.043,-1.462,-1.12461538461538,8.18166152159843,0.48551979211445,24
W:14_L:9_NM:8_T:-1.3,14,9,20.91,14.912957453168,126,8,-1.3,0.043,-1.455,-1.11923076923077,8.16349135249525,0.526257311921177,26
W:14_L:9_NM:8_T:-1.3,14,9,20.91,14.912957453168,126,8,-1.3,0.043,-1.447,-1.11307692307692,8.66926000125057,0.605279722317076,28
W:14_L:9_NM:8_T:-1.3,14,9,20.91,14.912957453168,126,8,-1.3,0.043,-1.44,-1.10769230769231,8.87548749302544,0.583503262857762,28
W:14_L:9_NM:8_T:-1.3,14,9,20.91,14.912957453168,126,8,-1.3,0.043,-1.432,-1.10153846153846,9.0049501222024,0.561546609630759,28
W:14_L:9_NM:8_T:-1.3,14,9,20.91,14.912957453168,126,8,-1.3,0.043,-1.425,-1.09615384615385,9.08405191519736,0.546353526547145,28
W:14_L:9_NM:8_T:-1.3,14,9,20.91,14.912957453168,126,8,-1.3,0.043,-1.417,-1.09,9.15633090367542,0.533351766906318,28
W:14_L:9_NM:8_T:-1.3,14,9,20.91,14.912957453168,126,8,-1.3,0.043,-1.41,-1.08461538461538,9.2078335303395,0.52529220590348,28
W:14_L:9_NM:8_T:-1.3,14,9,20.91,14.912957453168,126,8,-1.3,0.043,-1.402,-1.07846153846154,9.26390925650732,0.519527123809516,28
W:14_L:9_NM:8_T:-1.3,14,9,20.91,14.912957453168,126,8,-1.3,0.043,-1.395,-1.07307692307692,9.3082924419481,0.516969814763901,28
W:14_L:9_NM:8_T:-1.3,14,9,20.91,14.912957453168,126,8,-1.3,0.043,-1.387,-1.06692307692308,9.35951963712476,0.516659437252376,28
W:14_L:9_NM:8_T:-1.3,14,9,20.91,14.912957453168,126,8,-1.3,0.043,-1.38,-1.06153846153846,9.40148129005823,0.51820271964018,28
W:14_L:9_NM:8_T:-1.3,14,9,20.91,14.912957453168,126,8,-1.3,0.043,-1.372,-1.05538461538462,9.44467584897425,0.52159401357476,28
W:14_L:9_NM:8_T:-1.3,14,9,20.91,14.912957453168,126,8,-1.3,0.043,-1.365,-1.05,9.48178199226587,0.5256502673598,28
W:14_L:9_NM:8_T:-1.3,14,9,20.91,14.912957453168,126,8,-1.3,0.043,-1.357,-1.04384615384615,9.50833588734513,0.530643278635925,28
W:14_L:9_NM:8_T:-1.3,14,9,20.91,14.912957453168,126,8,-1.3,0.043,-1.35,-1.03846153846154,9.52168786344146,0.535044174354698,28
W:14_L:9_NM:8_T:-1.3,14,9,20.91,14.912957453168,126,8,-1.3,0.043,-1.342,-1.03230769230769,9.52507236364282,0.539840402540139,28
W:14_L:9_NM:8_T:-1.3,14,9,20.91,14.912957453168,126,8,-1.3,0.043,-1.335,-1.02692307692308,9.51164430612983,0.543663884916901,28
W:14_L:9_NM:8_T:-1.3,14,9,20.91,14.912957453168,126,8,-1.3,0.043,-1.327,-1.02076923076923,9.47213139190583,0.547649818420857,28
W:14_L:9_NM:8_T:-1.3,14,9,20.91,14.912957453168,126,8,-1.3,0.043,-1.32,-1.01538461538462,9.43410406823663,0.551368721262813,28
W:14_L:9_NM:8_T:-1.3,14,9,20.91,14.912957453168,126,8,-1.3,0.043,-1.312,-1.00923076923077,9.36787550331636,0.556199766474668,28
W:14_L:9_NM:8_T:-1.3,14,9,20.91,14.912957453168,126,8,-1.3,0.043,-1.305,-1.00384615384615,9.32811713361715,0.561689222029884,28
W:14_L:9_NM:8_T:-1.3,14,9,20.91,14.912957453168,126,8,-1.3,0.043,-1.297,-0.997692307692308,9.23353606433573,0.569864009492395,28
W:14_L:9_NM:8_T:-1.3,14,9,20.91,14.912957453168,126,8,-1.3,0.043,-1.289,-0.991538461538462,9.10470620351815,0.577230558555059,28
W:14_L:9_NM:8_T:-1.3,14,9,20.91,14.912957453168,126,8,-1.3,0.043,-1.282,-0.986153846153846,8.89852535428028,0.588087281145759,28
W:14_L:9_NM:8_T:-1.3,14,9,20.91,14.912957453168,126,8,-1.3,0.043,-1.274,-0.98,7.97101770615792,0.559365755755217,28
W:14_L:9_NM:8_T:-1.3,14,9,20.91,14.912957453168,126,8,-1.3,0.043,-1.267,-0.974615384615385,7.27185683489508,0.503142382966847,26
W:14_L:9_NM:8_T:-1.3,14,9,20.91,14.912957453168,126,8,-1.3,0.043,-1.259,-0.968461538461538,6.894674011858,0.464952729455098,20
W:14_L:9_NM:8_T:-1.3,14,9,20.91,14.912957453168,126,8,-1.3,0.043,-1.252,-0.963076923076923,6.88605784580396,0.427499178195346,20
W:14_L:9_NM:8_T:-1.3,14,9,20.91,14.912957453168,126,8,-1.3,0.043,-1.244,-0.956923076923077,6.97822073949336,0.402145746413651,20
W:14_L:9_NM:8_T:-1.3,14,9,20.91,14.912957453168,126,8,-1.3,0.043,-1.237,-0.951538461538462,7.06045472095961,0.38933433375146,20
W:14_L:9_NM:8_T:-1.3,14,9,20.91,14.912957453168,126,8,-1.3,0.043,-1.229,-0.945384615384615,7.14062422393921,0.380061704017431,20
W:14_L:9_NM:8_T:-1.3,14,9,20.91,14.912957453168,126,8,-1.3,0.043,-1.222,-0.94,7.20256731515851,0.374451352480743,20
W:14_L:9_NM:8_T:-1.3,14,9,20.91,14.912957453168,126,8,-1.3,0.043,-1.214,-0.933846153846154,7.25831569827962,0.369939772548513,20
W:14_L:9_NM:8_T:-1.3,14,9,20.91,14.912957453168,126,8,-1.3,0.043,-1.207,-0.928461538461538,7.30138287122636,0.36720613512511,20
W:14_L:9_NM:8_T:-1.3,14,9,20.91,14.912957453168,126,8,-1.3,0.043,-1.199,-0.922307692307692,7.33981615674528,0.365262990574993,20
W:14_L:9_NM:8_T:-1.3,14,9,20.91,14.912957453168,126,8,-1.3,0.043,-1.192,-0.916923076923077,7.36568056586606,0.364444289424912,20
W:14_L:9_NM:8_T:-1.3,14,9,20.91,14.912957453168,126,8,-1.3,0.043,-1.184,-0.910769230769231,7.38884409249257,0.364420968163699,20
W:14_L:9_NM:8_T:-1.3,14,9,20.91,14.912957453168,126,8,-1.3,0.043,-1.177,-0.905384615384615,7.40033476753533,0.36507610633353,20
W:14_L:9_NM:8_T:-1.3,14,9,20.91,14.912957453168,126,8,-1.3,0.043,-1.169,-0.899230769230769,7.40480890862888,0.366502420401379,20
W:14_L:9_NM:8_T:-1.3,14,9,20.91,14.912957453168,126,8,-1.3,0.043,-1.162,-0.893846153846154,7.40092505758102,0.368246172597198,20
W:14_L:9_NM:8_T:-1.3,14,9,20.91,14.912957453168,126,8,-1.3,0.043,-1.154,-0.887692307692308,7.38590905917633,0.37069177048141,20
W:14_L:9_NM:8_T:-1.3,14,9,20.91,14.912957453168,126,8,-1.3,0.043,-1.147,-0.882307692307692,7.36185256045449,0.373170170619764,20
W:14_L:9_NM:8_T:-1.3,14,9,20.91,14.912957453168,126,8,-1.3,0.043,-1.139,-0.876153846153846,7.32058554831456,0.376281235841209,20
W:14_L:9_NM:8_T:-1.3,14,9,20.91,14.912957453168,126,8,-1.3,0.043,-1.132,-0.870769230769231,7.26930258938207,0.379166491795996,20
W:14_L:9_NM:8_T:-1.3,14,9,20.91,14.912957453168,126,8,-1.3,0.043,-1.124,-0.864615384615385,7.19028070801789,0.382623227057929,20
W:14_L:9_NM:8_T:-1.3,14,9,20.91,14.912957453168,126,8,-1.3,0.043,-1.117,-0.859230769230769,7.09924396336873,0.385715164359616,20
W:14_L:9_NM:8_T:-1.3,14,9,20.91,14.912957453168,126,8,-1.3,0.043,-1.109,-0.853076923076923,6.95939588288381,0.389165018559657,20
W:14_L:9_NM:8_T:-1.3,14,9,20.91,14.912957453168,126,8,-1.3,0.043,-1.102,-0.847692307692308,6.79556211106625,0.391830418532887,20
W:14_L:9_NM:8_T:-1.3,14,9,20.91,14.912957453168,126,8,-1.3,0.043,-1.094,-0.841538461538462,6.52799500205912,0.393898030814032,20
W:14_L:9_NM:8_T:-1.3,14,9,20.91,14.912957453168,126,8,-1.3,0.043,-1.086,-0.835384615384615,6.09688234188333,0.392074730184792,20
W:14_L:9_NM:8_T:-1.3,14,9,20.91,14.912957453168,126,8,-1.3,0.043,-1.079,-0.83,5.23815449550114,0.372058285024771,20
W:14_L:9_NM:8_T:-1.3,14,9,20.91,14.912957453168,126,8,-1.3,0.043,-1.071,-0.823846153846154,3.95090323178612,0.436685526821,18
W:14_L:9_NM:8_T:-1.3,14,9,20.91,14.912957453168,126,8,-1.3,0.043,-1.064,-0.818461538461539,3.72399048120647,0.441985555053374,14
W:14_L:9_NM:8_T:-1.3,14,9,20.91,14.912957453168,126,8,-1.3,0.043,-1.056,-0.812307692307692,3.74434661665125,0.882697788649787,12
W:14_L:9_NM:8_T:-1.3,14,9,20.91,14.912957453168,126,8,-1.3,0.043,-1.049,-0.806923076923077,3.98794527988435,0.311647712904414,12
W:14_L:9_NM:8_T:-1.3,14,9,20.91,14.912957453168,126,8,-1.3,0.043,-1.041,-0.800769230769231,4.24121805078088,0.247538625186289,12
W:14_L:9_NM:8_T:-1.3,14,9,20.91,14.912957453168,126,8,-1.3,0.043,-1.034,-0.795384615384615,4.39928097614766,0.227540754192677,12
W:14_L:9_NM:8_T:-1.3,14,9,20.91,14.912957453168,126,8,-1.3,0.043,-1.026,-0.789230769230769,4.537000818478,0.215205187953998,12
W:14_L:9_NM:8_T:-1.3,14,9,20.91,14.912957453168,126,8,-1.3,0.043,-1.019,-0.783846153846154,4.63170378144146,0.208524860959178,12
W:14_L:9_NM:8_T:-1.3,14,9,20.91,14.912957453168,126,8,-1.3,0.043,-1.011,-0.777692307692308,4.71804404044246,0.203347587754385,12
W:14_L:9_NM:8_T:-1.3,14,9,20.91,14.912957453168,126,8,-1.3,0.043,-1.004,-0.772307692307692,4.77795178977305,0.200089268954727,12
W:14_L:9_NM:8_T:-1.3,14,9,20.91,14.912957453168,126,8,-1.3,0.043,-0.996,-0.766153846153846,4.83096732526502,0.197237756813091,12
W:14_L:9_NM:8_T:-1.3,14,9,20.91,14.912957453168,126,8,-1.3,0.043,-0.989,-0.760769230769231,4.86540231541486,0.195229259628615,12
W:14_L:9_NM:8_T:-1.3,14,9,20.91,14.912957453168,126,8,-1.3,0.043,-0.981,-0.754615384615385,4.89226765066094,0.193273521242813,12
W:14_L:9_NM:8_T:-1.3,14,9,20.91,14.912957453168,126,8,-1.3,0.043,-0.974,-0.749230769230769,4.90576107473333,0.191747411365466,12
W:14_L:9_NM:8_T:-1.3,14,9,20.91,14.912957453168,126,8,-1.3,0.043,-0.966,-0.743076923076923,4.91076183770486,0.190134962025783,12
W:14_L:9_NM:8_T:-1.3,14,9,20.91,14.912957453168,126,8,-1.3,0.043,-0.959,-0.737692307692308,4.90715058821141,0.188801132815149,12
W:14_L:9_NM:8_T:-1.3,14,9,20.91,14.912957453168,126,8,-1.3,0.043,-0.951,-0.731538461538462,4.89514657461181,0.187341448450332,12
W:14_L:9_NM:8_T:-1.3,14,9,20.91,14.912957453168,126,8,-1.3,0.043,-0.944,-0.726153846153846,4.87926043070698,0.186124189087228,12
W:14_L:9_NM:8_T:-1.3,14,9,20.91,14.912957453168,126,8,-1.3,0.043,-0.936,-0.72,4.85587944332948,0.184796561913699,12
W:14_L:9_NM:8_T:-1.3,14,9,20.91,14.912957453168,126,8,-1.3,0.043,-0.929,-0.714615384615385,4.83220122204621,0.183705227948716,12
W:14_L:9_NM:8_T:-1.3,14,9,20.91,14.912957453168,126,8,-1.3,0.043,-0.921,-0.708461538461539,4.80251906977637,0.182548425000261,12
W:14_L:9_NM:8_T:-1.3,14,9,20.91,14.912957453168,126,8,-1.3,0.043,-0.914,-0.703076923076923,4.77531218573222,0.18163673296091,12
W:14_L:9_NM:8_T:-1.3,14,9,20.91,14.912957453168,126,8,-1.3,0.043,-0.906,-0.696923076923077,4.74345627187296,0.180710624269214,12
W:14_L:9_NM:8_T:-1.3,14,9,20.91,14.912957453168,126,8,-1.3,0.043,-0.898,-0.690769230769231,4.71179512174083,0.179932591306266,12
W:14_L:9_NM:8_T:-1.3,14,9,20.91,14.912957453168,126,8,-1.3,0.043,-0.891,-0.685384615384615,4.68468215146956,0.179375203462011,12
W:14_L:9_NM:8_T:-1.3,14,9,20.91,14.912957453168,126,8,-1.3,0.043,-0.883,-0.679230769230769,4.65502378443673,0.178911022902708,12
W:14_L:9_NM:8_T:-1.3,14,9,20.91,14.912957453168,126,8,-1.3,0.043,-0.876,-0.673846153846154,4.63042131482887,0.178650455329637,12
W:14_L:9_NM:8_T:-1.3,14,9,20.91,14.912957453168,126,8,-1.3,0.043,-0.868,-0.667692307692308,4.60434140710357,0.178548320906304,12
W:14_L:9_NM:8_T:-1.3,14,9,20.91,14.912957453168,126,8,-1.3,0.043,-0.861,-0.662307692307692,4.5835149988584,0.178635739581861,12
W:14_L:9_NM:8_T:-1.3,14,9,20.91,14.912957453168,126,8,-1.3,0.043,-0.853,-0.656153846153846,4.561894156456,0.178950050870007,12
W:14_L:9_NM:8_T:-1.3,14,9,20.91,14.912957453168,126,8,-1.3,0.043,-0.846,-0.650769230769231,4.5452032346739,0.179437777865183,12
W:14_L:9_NM:8_T:-1.3,14,9,20.91,14.912957453168,126,8,-1.3,0.043,-0.838,-0.644615384615385,4.52875276742754,0.180264430239118,12
W:14_L:9_NM:8_T:-1.3,14,9,20.91,14.912957453168,126,8,-1.3,0.043,-0.831,-0.639230769230769,4.51682251211691,0.181253731186938,12
W:14_L:9_NM:8_T:-1.3,14,9,20.91,14.912957453168,126,8,-1.3,0.043,-0.823,-0.633076923076923,4.50596404076895,0.182724305516641,12
W:14_L:9_NM:8_T:-1.3,14,9,20.91,14.912957453168,126,8,-1.3,0.043,-0.816,-0.627692307692308,4.49915941892184,0.184355422597008,12
W:14_L:9_NM:8_T:-1.3,14,9,20.91,14.912957453168,126,8,-1.3,0.043,-0.808,-0.621538461538462,4.49375387343504,0.186674604645555,12
W:14_L:9_NM:8_T:-1.3,14,9,20.91,14.912957453168,126,8,-1.3,0.043,-0.801,-0.616153846153846,4.49124418396909,0.189181175512799,12
W:14_L:9_NM:8_T:-1.3,14,9,20.91,14.912957453168,126,8,-1.3,0.043,-0.793,-0.61,4.49062385021835,0.192701739177353,12
W:14_L:9_NM:8_T:-1.3,14,9,20.91,14.912957453168,126,8,-1.3,0.043,-0.786,-0.604615384615385,4.49205297936593,0.196474148571279,12
W:14_L:9_NM:8_T:-1.3,14,9,20.91,14.912957453168,126,8,-1.3,0.043,-0.778,-0.598461538461539,4.49366007489107,0.201782233655674,12
W:14_L:9_NM:8_T:-1.3,14,9,20.91,14.912957453168,126,8,-1.3,0.043,-0.771,-0.593076923076923,4.4961772398273,0.207493032508075,12
W:14_L:9_NM:8_T:-1.3,14,9,20.91,14.912957453168,126,8,-1.3,0.043,-0.763,-0.586923076923077,4.49366865341144,0.215637676338341,12
W:14_L:9_NM:8_T:-1.3,14,9,20.91,14.912957453168,126,8,-1.3,0.043,-0.756,-0.581538461538462,4.48828267852503,0.22444278244323,12
W:14_L:9_NM:8_T:-1.3,14,9,20.91,14.912957453168,126,8,-1.3,0.043,-0.748,-0.575384615384615,4.46390034841504,0.237420902822644,12
W:14_L:9_NM:8_T:-1.3,14,9,20.91,14.912957453168,126,8,-1.3,0.043,-0.741,-0.57,4.42056763336643,0.251635185743492,12
W:14_L:9_NM:8_T:-1.3,14,9,20.91,14.912957453168,126,8,-1.3,0.043,-0.733,-0.563846153846154,4.31499880614975,0.273300890338299,12
W:14_L:9_NM:8_T:-1.3,14,9,20.91,14.912957453168,126,8,-1.3,0.043,-0.726,-0.558461538461539,4.1321347461343,0.299762014970312,12
W:14_L:9_NM:8_T:-1.3,14,9,20.91,14.912957453168,126,8,-1.3,0.043,-0.718,-0.552307692307692,3.60493341713031,0.350330988006521,12
W:14_L:9_NM:8_T:-1.3,14,9,20.91,14.912957453168,126,8,-1.3,0.043,-0.711,-0.546923076923077,1.8855747524947,0.546950392996546,12
W:14_L:9_NM:8_T:-1.3,14,9,20.91,14.912957453168,126,8,-1.3,0.043,-0.703,-0.540769230769231,0.20586871452683,0.927582412086155,12
W:14_L:9_NM:8_T:-1.3,14,9,20.91,14.912957453168,126,8,-1.3,0.043,-0.695,-0.534615384615385,1.1046368755575,0.167532948916006,8
W:14_L:9_NM:8_T:-1.3,14,9,20.91,14.912957453168,126,8,-1.3,0.043,-0.688,-0.529230769230769,1.4087463056416,0.114765928727705,4
W:14_L:9_NM:8_T:-1.3,14,9,20.91,14.912957453168,126,8,-1.3,0.043,-0.68,-0.523076923076923,1.56410254731127,0.0920619415441549,4
W:14_L:9_NM:8_T:-1.3,14,9,20.91,14.912957453168,126,8,-1.3,0.043,-0.673,-0.517692307692308,1.64215350513792,0.0820852170706076,4
W:14_L:9_NM:8_T:-1.3,14,9,20.91,14.912957453168,126,8,-1.3,0.043,-0.665,-0.511538461538462,1.7018427835984,0.0752050736147894,4
W:14_L:9_NM:8_T:-1.3,14,9,20.91,14.912957453168,126,8,-1.3,0.043,-0.658,-0.506153846153846,1.74049690091863,0.0712881247057197,4
W:14_L:9_NM:8_T:-1.3,14,9,20.91,14.912957453168,126,8,-1.3,0.043,-0.65,-0.5,1.77558146684003,0.0681487476236926,4
W:14_L:9_NM:8_T:-1.3,14,9,20.91,14.912957453168,126,8,-1.3,0.043,-0.643,-0.494615384615385,1.80096635457252,0.0661562054085575,4
W:14_L:9_NM:8_T:-1.3,14,9,20.91,14.912957453168,126,8,-1.3,0.043,-0.635,-0.488461538461538,1.82602413737799,0.0644492204657542,4
W:14_L:9_NM:8_T:-1.3,14,9,20.91,14.912957453168,126,8,-1.3,0.043,-0.628,-0.483076923076923,1.84547632911004,0.0633033611155353,4
W:14_L:9_NM:8_T:-1.3,14,9,20.91,14.912957453168,126,8,-1.3,0.043,-0.62,-0.476923076923077,1.86546735629126,0.0622766211554027,4
W:14_L:9_NM:8_T:-1.3,14,9,20.91,14.912957453168,126,8,-1.3,0.043,-0.613,-0.471538461538462,1.88131797020875,0.0615697520412498,4
W:14_L:9_NM:8_T:-1.3,14,9,20.91,14.912957453168,126,8,-1.3,0.043,-0.605,-0.465384615384615,1.8978466702825,0.0609228925595511,4
W:14_L:9_NM:8_T:-1.3,14,9,20.91,14.912957453168,126,8,-1.3,0.043,-0.598,-0.46,1.91107122436598,0.0604629108656143,4
W:14_L:9_NM:8_T:-1.3,14,9,20.91,14.912957453168,126,8,-1.3,0.043,-0.59,-0.453846153846154,1.92465698180103,0.0600366374940212,4
W:14_L:9_NM:8_T:-1.3,14,9,20.91,14.912957453168,126,8,-1.3,0.043,-0.583,-0.448461538461538,1.93518937185342,0.0597287385230016,4
W:14_L:9_NM:8_T:-1.3,14,9,20.91,14.912957453168,126,8,-1.3,0.043,-0.575,-0.442307692307692,1.94569906507316,0.0594324190527546,4
W:14_L:9_NM:8_T:-1.3,14,9,20.91,14.912957453168,126,8,-1.3,0.043,-0.568,-0.436923076923077,1.9534258380345,0.0592116637998945,4
W:14_L:9_NM:8_T:-1.3,14,9,20.91,14.912957453168,126,8,-1.3,0.043,-0.56,-0.430769230769231,1.96045472989313,0.0589966526679347,4
W:14_L:9_NM:8_T:-1.3,14,9,20.91,14.912957453168,126,8,-1.3,0.043,-0.553,-0.425384615384615,1.96498378301115,0.0588219480141275,4
W:14_L:9_NM:8_T:-1.3,14,9,20.91,14.912957453168,126,8,-1.3,0.043,-0.545,-0.419230769230769,1.96817181055673,0.0586328563528321,4
W:14_L:9_NM:8_T:-1.3,14,9,20.91,14.912957453168,126,8,-1.3,0.043,-0.538,-0.413846153846154,1.96912149069633,0.058476139188678,4
W:14_L:9_NM:8_T:-1.3,14,9,20.91,14.912957453168,126,8,-1.3,0.043,-0.53,-0.407692307692308,1.96803837012895,0.0582932588800905,4
W:14_L:9_NM:8_T:-1.3,14,9,20.91,14.912957453168,126,8,-1.3,0.043,-0.523,-0.402307692307692,1.9651744038338,0.0581367848697965,4
W:14_L:9_NM:8_T:-1.3,14,9,20.91,14.912957453168,126,8,-1.3,0.043,-0.515,-0.396153846153846,1.95966261031651,0.0579465496455566,4
W:14_L:9_NM:8_T:-1.3,14,9,20.91,14.912957453168,126,8,-1.3,0.043,-0.508,-0.390769230769231,1.95290880616016,0.0577716592522658,4
W:14_L:9_NM:8_T:-1.3,14,9,20.91,14.912957453168,126,8,-1.3,0.043,-0.5,-0.384615384615385,1.94294957458016,0.0575557018343501,4
W:14_L:9_NM:8_T:-1.3,14,9,20.91,14.912957453168,126,8,-1.3,0.043,-0.492,-0.378461538461538,1.9308243668206,0.057335051559304,4
W:14_L:9_NM:8_T:-1.3,14,9,20.91,14.912957453168,126,8,-1.3,0.043,-0.485,-0.373076923076923,1.91850878599618,0.0571322830525387,4
W:14_L:9_NM:8_T:-1.3,14,9,20.91,14.912957453168,126,8,-1.3,0.043,-0.477,-0.366923076923077,1.90262111940044,0.0568869533978253,4
W:14_L:9_NM:8_T:-1.3,14,9,20.91,14.912957453168,126,8,-1.3,0.043,-0.47,-0.361538461538462,1.88714909864376,0.0566604246487621,4
W:14_L:9_NM:8_T:-1.3,14,9,20.91,14.912957453168,126,8,-1.3,0.043,-0.462,-0.355384615384615,1.86813617877853,0.056405158606668,4
W:14_L:9_NM:8_T:-1.3,14,9,20.91,14.912957453168,126,8,-1.3,0.043,-0.455,-0.35,1.85044717650615,0.0561734525271241,4
W:14_L:9_NM:8_T:-1.3,14,9,20.91,14.912957453168,126,8,-1.3,0.043,-0.447,-0.343846153846154,1.8292486810177,0.055915138394705,4
W:14_L:9_NM:8_T:-1.3,14,9,20.91,14.912957453168,126,8,-1.3,0.043,-0.44,-0.338461538461538,1.81005369476576,0.0556956316824776,4
W:14_L:9_NM:8_T:-1.3,14,9,20.91,14.912957453168,126,8,-1.3,0.043,-0.432,-0.332307692307692,1.78766499623981,0.0554568139727149,4
W:14_L:9_NM:8_T:-1.3,14,9,20.91,14.912957453168,126,8,-1.3,0.043,-0.425,-0.326923076923077,1.76786384176245,0.0552630787162771,4
W:14_L:9_NM:8_T:-1.3,14,9,20.91,14.912957453168,126,8,-1.3,0.043,-0.417,-0.320769230769231,1.74510672328654,0.0550647494182375,4
W:14_L:9_NM:8_T:-1.3,14,9,20.91,14.912957453168,126,8,-1.3,0.043,-0.41,-0.315384615384615,1.72567716324999,0.0549179524023899,4
W:14_L:9_NM:8_T:-1.3,14,9,20.91,14.912957453168,126,8,-1.3,0.043,-0.402,-0.309230769230769,1.70376615825625,0.0547851733539372,4
W:14_L:9_NM:8_T:-1.3,14,9,20.91,14.912957453168,126,8,-1.3,0.043,-0.395,-0.303846153846154,1.68528751225369,0.0547111473872577,4
W:14_L:9_NM:8_T:-1.3,14,9,20.91,14.912957453168,126,8,-1.3,0.043,-0.387,-0.297692307692308,1.66525807055688,0.0546814157194423,4
W:14_L:9_NM:8_T:-1.3,14,9,20.91,14.912957453168,126,8,-1.3,0.043,-0.38,-0.292307692307692,1.64892149868806,0.0547121253583947,4
W:14_L:9_NM:8_T:-1.3,14,9,20.91,14.912957453168,126,8,-1.3,0.043,-0.372,-0.286153846153846,1.63159335868386,0.0548321918192381,4
W:14_L:9_NM:8_T:-1.3,14,9,20.91,14.912957453168,126,8,-1.3,0.043,-0.365,-0.280769230769231,1.6183425391336,0.0550179374187131,4
W:14_L:9_NM:8_T:-1.3,14,9,20.91,14.912957453168,126,8,-1.3,0.043,-0.357,-0.274615384615385,1.60501344758991,0.0553505739087225,4
W:14_L:9_NM:8_T:-1.3,14,9,20.91,14.912957453168,126,8,-1.3,0.043,-0.35,-0.269230769230769,1.59559445671497,0.0557715660197105,4
W:14_L:9_NM:8_T:-1.3,14,9,20.91,14.912957453168,126,8,-1.3,0.043,-0.342,-0.263076923076923,1.5876656742501,0.0564410505215451,4
W:14_L:9_NM:8_T:-1.3,14,9,20.91,14.912957453168,126,8,-1.3,0.043,-0.335,-0.257692307692308,1.58375433061644,0.0572357821233593,4
W:14_L:9_NM:8_T:-1.3,14,9,20.91,14.912957453168,126,8,-1.3,0.043,-0.327,-0.251538461538462,1.58335535662376,0.0584628617428658,4
W:14_L:9_NM:8_T:-1.3,14,9,20.91,14.912957453168,126,8,-1.3,0.043,-0.32,-0.246153846153846,1.5872806279352,0.0599129544200787,4
W:14_L:9_NM:8_T:-1.3,14,9,20.91,14.912957453168,126,8,-1.3,0.043,-0.312,-0.24,1.59764597603858,0.0621857523902366,4
W:14_L:9_NM:8_T:-1.3,14,9,20.91,14.912957453168,126,8,-1.3,0.043,-0.305,-0.234615384615385,1.61323184396544,0.0649545703764529,4
W:14_L:9_NM:8_T:-1.3,14,9,20.91,14.912957453168,126,8,-1.3,0.043,-0.297,-0.228461538461538,1.64124178852229,0.0694698554751273,4
W:14_L:9_NM:8_T:-1.3,14,9,20.91,14.912957453168,126,8,-1.3,0.043,-0.289,-0.222307692307692,1.68189145112785,0.0763406798977036,4
W:14_L:9_NM:8_T:-1.3,14,9,20.91,14.912957453168,126,8,-1.3,0.043,-0.282,-0.216923076923077,1.73042849925882,0.0855914496217985,4
W:14_L:9_NM:8_T:-1.3,14,9,20.91,14.912957453168,126,8,-1.3,0.043,-0.274,-0.210769230769231,1.79909131960725,0.10241296244089,4
W:14_L:9_NM:8_T:-1.3,14,9,20.91,14.912957453168,126,8,-1.3,0.043,-0.267,-0.205384615384615,1.85355673133759,0.125631041508509,4
W:14_L:9_NM:8_T:-1.3,14,9,20.91,14.912957453168,126,8,-1.3,0.043,-0.259,-0.199230769230769,1.83066547932586,0.162200850173244,4
W:14_L:9_NM:8_T:-1.3,14,9,20.91,14.912957453168,126,8,-1.3,0.043,-0.252,-0.193846153846154,1.62449865490727,0.186683177476692,4
W:14_L:9_NM:8_T:-1.3,14,9,20.91,14.912957453168,126,8,-1.3,0.043,-0.244,-0.187692307692308,1.24358911462807,0.176257245293432,4
W:14_L:9_NM:8_T:-1.3,14,9,20.91,14.912957453168,126,8,-1.3,0.043,-0.237,-0.182307692307692,1.01536195836456,0.146573537884819,4
W:14_L:9_NM:8_T:-1.3,14,9,20.91,14.912957453168,126,8,-1.3,0.043,-0.229,-0.176153846153846,0.915391258716634,0.118447498881269,4
W:14_L:9_NM:8_T:-1.3,14,9,20.91,14.912957453168,126,8,-1.3,0.043,-0.222,-0.170769230769231,0.896367365722016,0.10356009609275,4
W:14_L:9_NM:8_T:-1.3,14,9,20.91,14.912957453168,126,8,-1.3,0.043,-0.214,-0.164615384615385,0.900037013053682,0.0949430488904619,4
W:14_L:9_NM:8_T:-1.3,14,9,20.91,14.912957453168,126,8,-1.3,0.043,-0.207,-0.159230769230769,0.908021623248288,0.0926301807806957,4
W:14_L:9_NM:8_T:-1.3,14,9,20.91,14.912957453168,126,8,-1.3,0.043,-0.199,-0.153076923076923,0.916116434459274,0.0951869891401444,4
W:14_L:9_NM:8_T:-1.3,14,9,20.91,14.912957453168,126,8,-1.3,0.043,-0.192,-0.147692307692308,0.923504128967773,0.102887669908636,4
W:14_L:9_NM:8_T:-1.3,14,9,20.91,14.912957453168,126,8,-1.3,0.043,-0.184,-0.141538461538462,0.946133031716835,0.121572703398201,4
W:14_L:9_NM:8_T:-1.3,14,9,20.91,14.912957453168,126,8,-1.3,0.043,-0.177,-0.136153846153846,1.01970284538071,0.152721193918542,4
W:14_L:9_NM:8_T:-1.3,14,9,20.91,14.912957453168,126,8,-1.3,0.043,-0.169,-0.13,1.29163334995674,0.206795321351822,4
W:14_L:9_NM:8_T:-1.3,14,9,20.91,14.912957453168,126,8,-1.3,0.043,-0.162,-0.124615384615385,1.70302375891729,0.228247390051489,4
W:14_L:9_NM:8_T:-1.3,14,9,20.91,14.912957453168,126,8,-1.3,0.043,-0.154,-0.118461538461538,1.91918957741149,0.182325226775878,4
W:14_L:9_NM:8_T:-1.3,14,9,20.91,14.912957453168,126,8,-1.3,0.043,-0.147,-0.113076923076923,1.87154730771219,0.138746962187084,4
W:14_L:9_NM:8_T:-1.3,14,9,20.91,14.912957453168,126,8,-1.3,0.043,-0.139,-0.106923076923077,1.77777882465016,0.110398406281384,4
W:14_L:9_NM:8_T:-1.3,14,9,20.91,14.912957453168,126,8,-1.3,0.043,-0.132,-0.101538461538462,1.71599949158471,0.0977832706264416,4
W:14_L:9_NM:8_T:-1.3,14,9,20.91,14.912957453168,126,8,-1.3,0.043,-0.124,-0.0953846153846154,1.66897037670927,0.0904927806115075,4
W:14_L:9_NM:8_T:-1.3,14,9,20.91,14.912957453168,126,8,-1.3,0.043,-0.117,-0.09,1.64287411824363,0.0875414605107133,4
W:14_L:9_NM:8_T:-1.3,14,9,20.91,14.912957453168,126,8,-1.3,0.043,-0.109,-0.0838461538461539,1.62478679960946,0.0865173634174237,4
W:14_L:9_NM:8_T:-1.3,14,9,20.91,14.912957453168,126,8,-1.3,0.043,-0.102,-0.0784615384615385,1.61577336084942,0.0870003514435461,4
W:14_L:9_NM:8_T:-1.3,14,9,20.91,14.912957453168,126,8,-1.3,0.043,-0.094,-0.0723076923076923,1.61093158384296,0.088740270945617,4
W:14_L:9_NM:8_T:-1.3,14,9,20.91,14.912957453168,126,8,-1.3,0.043,-0.086,-0.0661538461538462,1.6106425393925,0.0916321144667917,4
W:14_L:9_NM:8_T:-1.3,14,9,20.91,14.912957453168,126,8,-1.3,0.043,-0.079,-0.0607692307692308,1.61326229194286,0.0951584574777417,4
W:14_L:9_NM:8_T:-1.3,14,9,20.91,14.912957453168,126,8,-1.3,0.043,-0.071,-0.0546153846153846,1.61976926558921,0.100440822322786,4
W:14_L:9_NM:8_T:-1.3,14,9,20.91,14.912957453168,126,8,-1.3,0.043,-0.064,-0.0492307692307692,1.62921661476075,0.106490170662482,4
W:14_L:9_NM:8_T:-1.3,14,9,20.91,14.912957453168,126,8,-1.3,0.043,-0.056,-0.0430769230769231,1.64516746753729,0.115780263587623,4
W:14_L:9_NM:8_T:-1.3,14,9,20.91,14.912957453168,126,8,-1.3,0.043,-0.049,-0.0376923076923077,1.6655808867465,0.127085522731088,4
W:14_L:9_NM:8_T:-1.3,14,9,20.91,14.912957453168,126,8,-1.3,0.043,-0.041,-0.0315384615384615,1.70027480618367,0.146419458371316,4
W:14_L:9_NM:8_T:-1.3,14,9,20.91,14.912957453168,126,8,-1.3,0.043,-0.034,-0.0261538461538462,1.74640114015405,0.17465683604023,4
W:14_L:9_NM:8_T:-1.3,14,9,20.91,14.912957453168,126,8,-1.3,0.043,-0.026,-0.02,1.83026940560765,0.2425694870915,4
W:14_L:9_NM:8_T:-1.3,14,9,20.91,14.912957453168,126,8,-1.3,0.043,-0.019,-0.0146153846153846,1.90500331578053,0.389389273171087,4
W:14_L:9_NM:8_T:-1.3,14,9,20.91,14.912957453168,126,8,-1.3,0.043,-0.011,-0.00846153846153846,1.96977017119375,0.657779503509674,4
W:14_L:9_NM:8_T:-1.3,14,9,20.91,14.912957453168,126,8,-1.3,0.043,-0.004,-0.00307692307692308,1.98151153307202,0.760058556146918,4
W:14_L:9_NM:8_T:-1.3,14,9,20.91,14.912957453168,126,8,-1.3,0.043,0.004,0.00307692307692308,1.98151161749933,0.760058667296438,4
W:14_L:9_NM:8_T:-1.3,14,9,20.91,14.912957453168,126,8,-1.3,0.043,0.011,0.00846153846153846,1.96977042946388,0.657780187670838,4
W:14_L:9_NM:8_T:-1.3,14,9,20.91,14.912957453168,126,8,-1.3,0.043,0.019,0.0146153846153846,1.90500331991501,0.389389796247774,4
W:14_L:9_NM:8_T:-1.3,14,9,20.91,14.912957453168,126,8,-1.3,0.043,0.026,0.02,1.83026966528085,0.24256975753681,4
W:14_L:9_NM:8_T:-1.3,14,9,20.91,14.912957453168,126,8,-1.3,0.043,0.034,0.0261538461538462,1.74640130158658,0.174656943619096,4
W:14_L:9_NM:8_T:-1.3,14,9,20.91,14.912957453168,126,8,-1.3,0.043,0.041,0.0315384615384615,1.70027491093834,0.146419519976308,4
W:14_L:9_NM:8_T:-1.3,14,9,20.91,14.912957453168,126,8,-1.3,0.043,0.049,0.0376923076923077,1.66558095987804,0.127085561315138,4
W:14_L:9_NM:8_T:-1.3,14,9,20.91,14.912957453168,126,8,-1.3,0.043,0.056,0.0430769230769231,1.64516750514532,0.115780291448719,4
W:14_L:9_NM:8_T:-1.3,14,9,20.91,14.912957453168,126,8,-1.3,0.043,0.064,0.0492307692307692,1.6292166432473,0.106490190988473,4
W:14_L:9_NM:8_T:-1.3,14,9,20.91,14.912957453168,126,8,-1.3,0.043,0.071,0.0546153846153846,1.61976926399032,0.100440838475019,4
W:14_L:9_NM:8_T:-1.3,14,9,20.91,14.912957453168,126,8,-1.3,0.043,0.079,0.0607692307692308,1.61326228559917,0.0951584685386061,4
W:14_L:9_NM:8_T:-1.3,14,9,20.91,14.912957453168,126,8,-1.3,0.043,0.086,0.0661538461538462,1.61064253686521,0.0916321240618951,4
W:14_L:9_NM:8_T:-1.3,14,9,20.91,14.912957453168,126,8,-1.3,0.043,0.094,0.0723076923076923,1.61093158185784,0.088740277307353,4
W:14_L:9_NM:8_T:-1.3,14,9,20.91,14.912957453168,126,8,-1.3,0.043,0.102,0.0784615384615385,1.61577334548286,0.0870003551543342,4
W:14_L:9_NM:8_T:-1.3,14,9,20.91,14.912957453168,126,8,-1.3,0.043,0.109,0.0838461538461539,1.62478676359992,0.0865173645676137,4
W:14_L:9_NM:8_T:-1.3,14,9,20.91,14.912957453168,126,8,-1.3,0.043,0.117,0.09,1.6428740629011,0.087541456356612,4
W:14_L:9_NM:8_T:-1.3,14,9,20.91,14.912957453168,126,8,-1.3,0.043,0.124,0.0953846153846154,1.66897028161941,0.0904927708270789,4
W:14_L:9_NM:8_T:-1.3,14,9,20.91,14.912957453168,126,8,-1.3,0.043,0.132,0.101538461538462,1.71599935922124,0.0977832490272307,4
W:14_L:9_NM:8_T:-1.3,14,9,20.91,14.912957453168,126,8,-1.3,0.043,0.139,0.106923076923077,1.77777861647328,0.110398362223234,4
W:14_L:9_NM:8_T:-1.3,14,9,20.91,14.912957453168,126,8,-1.3,0.043,0.147,0.113076923076923,1.87154708245104,0.138746877520975,4
W:14_L:9_NM:8_T:-1.3,14,9,20.91,14.912957453168,126,8,-1.3,0.043,0.154,0.118461538461538,1.91918962937852,0.182325103427143,4
W:14_L:9_NM:8_T:-1.3,14,9,20.91,14.912957453168,126,8,-1.3,0.043,0.162,0.124615384615385,1.70302467405157,0.228247369606889,4
W:14_L:9_NM:8_T:-1.3,14,9,20.91,14.912957453168,126,8,-1.3,0.043,0.169,0.13,1.29163422745113,0.206795445066386,4
W:14_L:9_NM:8_T:-1.3,14,9,20.91,14.912957453168,126,8,-1.3,0.043,0.177,0.136153846153846,1.01970313831998,0.152721294379288,4
W:14_L:9_NM:8_T:-1.3,14,9,20.91,14.912957453168,126,8,-1.3,0.043,0.184,0.141538461538462,0.946133123656868,0.121572761369813,4
W:14_L:9_NM:8_T:-1.3,14,9,20.91,14.912957453168,126,8,-1.3,0.043,0.192,0.147692307692308,0.923504154390846,0.102887697094969,4
W:14_L:9_NM:8_T:-1.3,14,9,20.91,14.912957453168,126,8,-1.3,0.043,0.199,0.153076923076923,0.916116452394276,0.0951870018920223,4
W:14_L:9_NM:8_T:-1.3,14,9,20.91,14.912957453168,126,8,-1.3,0.043,0.207,0.159230769230769,0.908021643449964,0.0926301808242659,4
W:14_L:9_NM:8_T:-1.3,14,9,20.91,14.912957453168,126,8,-1.3,0.043,0.214,0.164615384615385,0.900037030718443,0.0949430390827514,4
W:14_L:9_NM:8_T:-1.3,14,9,20.91,14.912957453168,126,8,-1.3,0.043,0.222,0.170769230769231,0.896367359433106,0.103560072181082,4
W:14_L:9_NM:8_T:-1.3,14,9,20.91,14.912957453168,126,8,-1.3,0.043,0.229,0.176153846153846,0.915391172050422,0.118447454864737,4
W:14_L:9_NM:8_T:-1.3,14,9,20.91,14.912957453168,126,8,-1.3,0.043,0.237,0.182307692307692,1.01536162226885,0.146573470271255,4
W:14_L:9_NM:8_T:-1.3,14,9,20.91,14.912957453168,126,8,-1.3,0.043,0.244,0.187692307692308,1.24358843503654,0.176257186709885,4
W:14_L:9_NM:8_T:-1.3,14,9,20.91,14.912957453168,126,8,-1.3,0.043,0.252,0.193846153846154,1.6244979176043,0.186683197849313,4
W:14_L:9_NM:8_T:-1.3,14,9,20.91,14.912957453168,126,8,-1.3,0.043,0.259,0.199230769230769,1.83066524934511,0.162200926452532,4
W:14_L:9_NM:8_T:-1.3,14,9,20.91,14.912957453168,126,8,-1.3,0.043,0.267,0.205384615384615,1.85355682363985,0.125631105568798,4
W:14_L:9_NM:8_T:-1.3,14,9,20.91,14.912957453168,126,8,-1.3,0.043,0.274,0.210769230769231,1.79909147170879,0.102413004557234,4
W:14_L:9_NM:8_T:-1.3,14,9,20.91,14.912957453168,126,8,-1.3,0.043,0.282,0.216923076923077,1.73042864213016,0.0855914758445603,4
W:14_L:9_NM:8_T:-1.3,14,9,20.91,14.912957453168,126,8,-1.3,0.043,0.289,0.222307692307692,1.68189156588125,0.0763406970850428,4
W:14_L:9_NM:8_T:-1.3,14,9,20.91,14.912957453168,126,8,-1.3,0.043,0.297,0.228461538461538,1.64124186634868,0.0694698670074912,4
W:14_L:9_NM:8_T:-1.3,14,9,20.91,14.912957453168,126,8,-1.3,0.043,0.305,0.234615384615385,1.61323190528942,0.0649545780053063,4
W:14_L:9_NM:8_T:-1.3,14,9,20.91,14.912957453168,126,8,-1.3,0.043,0.312,0.24,1.59764602262715,0.0621857578884545,4
W:14_L:9_NM:8_T:-1.3,14,9,20.91,14.912957453168,126,8,-1.3,0.043,0.32,0.246153846153846,1.58728065200636,0.0599129584212969,4
W:14_L:9_NM:8_T:-1.3,14,9,20.91,14.912957453168,126,8,-1.3,0.043,0.327,0.251538461538462,1.58335537380164,0.0584628647002835,4
W:14_L:9_NM:8_T:-1.3,14,9,20.91,14.912957453168,126,8,-1.3,0.043,0.335,0.257692307692308,1.58375433789077,0.0572357842523341,4
W:14_L:9_NM:8_T:-1.3,14,9,20.91,14.912957453168,126,8,-1.3,0.043,0.342,0.263076923076923,1.58766566514742,0.0564410522828972,4
W:14_L:9_NM:8_T:-1.3,14,9,20.91,14.912957453168,126,8,-1.3,0.043,0.35,0.269230769230769,1.59559444100981,0.0557715672560106,4
W:14_L:9_NM:8_T:-1.3,14,9,20.91,14.912957453168,126,8,-1.3,0.043,0.357,0.274615384615385,1.60501343455994,0.0553505746814496,4
W:14_L:9_NM:8_T:-1.3,14,9,20.91,14.912957453168,126,8,-1.3,0.043,0.365,0.280769230769231,1.61834251437686,0.0550179378665231,4
W:14_L:9_NM:8_T:-1.3,14,9,20.91,14.912957453168,126,8,-1.3,0.043,0.372,0.286153846153846,1.63159333605111,0.0548321919188345,4
W:14_L:9_NM:8_T:-1.3,14,9,20.91,14.912957453168,126,8,-1.3,0.043,0.38,0.292307692307692,1.64892145978406,0.0547121256005177,4
W:14_L:9_NM:8_T:-1.3,14,9,20.91,14.912957453168,126,8,-1.3,0.043,0.387,0.297692307692308,1.6652580330619,0.0546814155834239,4
W:14_L:9_NM:8_T:-1.3,14,9,20.91,14.912957453168,126,8,-1.3,0.043,0.395,0.303846153846154,1.68528746990744,0.0547111472632903,4
W:14_L:9_NM:8_T:-1.3,14,9,20.91,14.912957453168,126,8,-1.3,0.043,0.402,0.309230769230769,1.70376611712811,0.0547851729736927,4
W:14_L:9_NM:8_T:-1.3,14,9,20.91,14.912957453168,126,8,-1.3,0.043,0.41,0.315384615384615,1.72567711804666,0.0549179523894673,4
W:14_L:9_NM:8_T:-1.3,14,9,20.91,14.912957453168,126,8,-1.3,0.043,0.417,0.320769230769231,1.74510668033031,0.0550647491941893,4
W:14_L:9_NM:8_T:-1.3,14,9,20.91,14.912957453168,126,8,-1.3,0.043,0.425,0.326923076923077,1.76786379086046,0.0552630780816461,4
W:14_L:9_NM:8_T:-1.3,14,9,20.91,14.912957453168,126,8,-1.3,0.043,0.432,0.332307692307692,1.78766494842468,0.0554568135371548,4
W:14_L:9_NM:8_T:-1.3,14,9,20.91,14.912957453168,126,8,-1.3,0.043,0.44,0.338461538461538,1.81005364615486,0.0556956309281044,4
W:14_L:9_NM:8_T:-1.3,14,9,20.91,14.912957453168,126,8,-1.3,0.043,0.447,0.343846153846154,1.82924863340691,0.0559151379745672,4
W:14_L:9_NM:8_T:-1.3,14,9,20.91,14.912957453168,126,8,-1.3,0.043,0.455,0.35,1.85044712929813,0.056173451920983,4
W:14_L:9_NM:8_T:-1.3,14,9,20.91,14.912957453168,126,8,-1.3,0.043,0.462,0.355384615384615,1.86813613657736,0.0564051580378443,4
W:14_L:9_NM:8_T:-1.3,14,9,20.91,14.912957453168,126,8,-1.3,0.043,0.47,0.361538461538462,1.88714905947654,0.0566604242888974,4
W:14_L:9_NM:8_T:-1.3,14,9,20.91,14.912957453168,126,8,-1.3,0.043,0.477,0.366923076923077,1.90262108215539,0.0568869530661388,4
W:14_L:9_NM:8_T:-1.3,14,9,20.91,14.912957453168,126,8,-1.3,0.043,0.485,0.373076923076923,1.91850875071,0.0571322826045215,4
W:14_L:9_NM:8_T:-1.3,14,9,20.91,14.912957453168,126,8,-1.3,0.043,0.492,0.378461538461538,1.93082433660537,0.0573350510214838,4
W:14_L:9_NM:8_T:-1.3,14,9,20.91,14.912957453168,126,8,-1.3,0.043,0.5,0.384615384615385,1.9429495484333,0.0575557014222229,4
W:14_L:9_NM:8_T:-1.3,14,9,20.91,14.912957453168,126,8,-1.3,0.043,0.508,0.390769230769231,1.95290878685486,0.0577716590062579,4
W:14_L:9_NM:8_T:-1.3,14,9,20.91,14.912957453168,126,8,-1.3,0.043,0.515,0.396153846153846,1.95966259344235,0.0579465491727935,4
W:14_L:9_NM:8_T:-1.3,14,9,20.91,14.912957453168,126,8,-1.3,0.043,0.523,0.402307692307692,1.96517439340107,0.0581367845307286,4
W:14_L:9_NM:8_T:-1.3,14,9,20.91,14.912957453168,126,8,-1.3,0.043,0.53,0.407692307692308,1.96803836467402,0.0582932584152351,4
W:14_L:9_NM:8_T:-1.3,14,9,20.91,14.912957453168,126,8,-1.3,0.043,0.538,0.413846153846154,1.96912149032689,0.058476138970831,4
W:14_L:9_NM:8_T:-1.3,14,9,20.91,14.912957453168,126,8,-1.3,0.043,0.545,0.419230769230769,1.96817181454993,0.0586328559677091,4
W:14_L:9_NM:8_T:-1.3,14,9,20.91,14.912957453168,126,8,-1.3,0.043,0.553,0.425384615384615,1.96498379182209,0.0588219477953863,4
W:14_L:9_NM:8_T:-1.3,14,9,20.91,14.912957453168,126,8,-1.3,0.043,0.56,0.430769230769231,1.96045474310657,0.0589966521617014,4
W:14_L:9_NM:8_T:-1.3,14,9,20.91,14.912957453168,126,8,-1.3,0.043,0.568,0.436923076923077,1.95342585513561,0.0592116633198772,4
W:14_L:9_NM:8_T:-1.3,14,9,20.91,14.912957453168,126,8,-1.3,0.043,0.575,0.442307692307692,1.94569908546906,0.0594324186766803,4
W:14_L:9_NM:8_T:-1.3,14,9,20.91,14.912957453168,126,8,-1.3,0.043,0.583,0.448461538461538,1.93518939392105,0.0597287380384472,4
W:14_L:9_NM:8_T:-1.3,14,9,20.91,14.912957453168,126,8,-1.3,0.043,0.59,0.453846153846154,1.92465700968055,0.0600366367366155,4
W:14_L:9_NM:8_T:-1.3,14,9,20.91,14.912957453168,126,8,-1.3,0.043,0.598,0.46,1.91107124989887,0.0604629102064981,4
W:14_L:9_NM:8_T:-1.3,14,9,20.91,14.912957453168,126,8,-1.3,0.043,0.605,0.465384615384615,1.89784670135562,0.0609228914699205,4
W:14_L:9_NM:8_T:-1.3,14,9,20.91,14.912957453168,126,8,-1.3,0.043,0.613,0.471538461538462,1.88131800660204,0.0615697505292541,4
W:14_L:9_NM:8_T:-1.3,14,9,20.91,14.912957453168,126,8,-1.3,0.043,0.62,0.476923076923077,1.86546739305045,0.0622766194216604,4
W:14_L:9_NM:8_T:-1.3,14,9,20.91,14.912957453168,126,8,-1.3,0.043,0.628,0.483076923076923,1.84547636829684,0.0633033588461232,4
W:14_L:9_NM:8_T:-1.3,14,9,20.91,14.912957453168,126,8,-1.3,0.043,0.635,0.488461538461538,1.82602418050114,0.0644492175503396,4
W:14_L:9_NM:8_T:-1.3,14,9,20.91,14.912957453168,126,8,-1.3,0.043,0.643,0.494615384615385,1.80096640565536,0.0661562013207219,4
W:14_L:9_NM:8_T:-1.3,14,9,20.91,14.912957453168,126,8,-1.3,0.043,0.65,0.5,1.77558152682193,0.068148742008875,4
W:14_L:9_NM:8_T:-1.3,14,9,20.91,14.912957453168,126,8,-1.3,0.043,0.658,0.506153846153846,1.74049697313407,0.0712881165055737,4
W:14_L:9_NM:8_T:-1.3,14,9,20.91,14.912957453168,126,8,-1.3,0.043,0.665,0.511538461538462,1.70184288659353,0.0752050616179968,4
W:14_L:9_NM:8_T:-1.3,14,9,20.91,14.912957453168,126,8,-1.3,0.043,0.673,0.517692307692308,1.64215365758353,0.0820851992697597,4
W:14_L:9_NM:8_T:-1.3,14,9,20.91,14.912957453168,126,8,-1.3,0.043,0.68,0.523076923076923,1.56410278528663,0.0920619065966374,4
W:14_L:9_NM:8_T:-1.3,14,9,20.91,14.912957453168,126,8,-1.3,0.043,0.688,0.529230769230769,1.40874681005037,0.114765849467955,4
W:14_L:9_NM:8_T:-1.3,14,9,20.91,14.912957453168,126,8,-1.3,0.043,0.695,0.534615384615385,1.10463814508407,0.167532702753385,8
W:14_L:9_NM:8_T:-1.3,14,9,20.91,14.912957453168,126,8,-1.3,0.043,0.703,0.540769230769231,0.205862528650414,0.927570448309708,12
W:14_L:9_NM:8_T:-1.3,14,9,20.91,14.912957453168,126,8,-1.3,0.043,0.711,0.546923076923077,1.88557811348176,0.546948667221184,12
W:14_L:9_NM:8_T:-1.3,14,9,20.91,14.912957453168,126,8,-1.3,0.043,0.718,0.552307692307692,3.60493171281327,0.350331472912167,12
W:14_L:9_NM:8_T:-1.3,14,9,20.91,14.912957453168,126,8,-1.3,0.043,0.726,0.558461538461539,4.13213441722159,0.299762077153989,12
W:14_L:9_NM:8_T:-1.3,14,9,20.91,14.912957453168,126,8,-1.3,0.043,0.733,0.563846153846154,4.3149980812829,0.273300970762729,12
W:14_L:9_NM:8_T:-1.3,14,9,20.91,14.912957453168,126,8,-1.3,0.043,0.741,0.57,4.42056730178727,0.251635233079811,12
W:14_L:9_NM:8_T:-1.3,14,9,20.91,14.912957453168,126,8,-1.3,0.043,0.748,0.575384615384615,4.46390020238181,0.237420952143482,12
W:14_L:9_NM:8_T:-1.3,14,9,20.91,14.912957453168,126,8,-1.3,0.043,0.756,0.581538461538462,4.48828255563212,0.224442807830857,12
W:14_L:9_NM:8_T:-1.3,14,9,20.91,14.912957453168,126,8,-1.3,0.043,0.763,0.586923076923077,4.49366861064574,0.215637697173338,12
W:14_L:9_NM:8_T:-1.3,14,9,20.91,14.912957453168,126,8,-1.3,0.043,0.771,0.593076923076923,4.49617722625573,0.207493047527572,12
W:14_L:9_NM:8_T:-1.3,14,9,20.91,14.912957453168,126,8,-1.3,0.043,0.778,0.598461538461539,4.49366005945045,0.201782246909561,12
W:14_L:9_NM:8_T:-1.3,14,9,20.91,14.912957453168,126,8,-1.3,0.043,0.786,0.604615384615385,4.49205296918576,0.196474158946207,12
W:14_L:9_NM:8_T:-1.3,14,9,20.91,14.912957453168,126,8,-1.3,0.043,0.793,0.61,4.49062384127905,0.192701747852776,12
W:14_L:9_NM:8_T:-1.3,14,9,20.91,14.912957453168,126,8,-1.3,0.043,0.801,0.616153846153846,4.49124417306743,0.189181182531978,12
W:14_L:9_NM:8_T:-1.3,14,9,20.91,14.912957453168,126,8,-1.3,0.043,0.808,0.621538461538462,4.49375384983155,0.186674610504606,12
W:14_L:9_NM:8_T:-1.3,14,9,20.91,14.912957453168,126,8,-1.3,0.043,0.816,0.627692307692308,4.49915939149765,0.184355427357183,12
W:14_L:9_NM:8_T:-1.3,14,9,20.91,14.912957453168,126,8,-1.3,0.043,0.823,0.633076923076923,4.50596400651532,0.182724309351859,12
W:14_L:9_NM:8_T:-1.3,14,9,20.91,14.912957453168,126,8,-1.3,0.043,0.831,0.639230769230769,4.51682246812747,0.181253734138625,12
W:14_L:9_NM:8_T:-1.3,14,9,20.91,14.912957453168,126,8,-1.3,0.043,0.838,0.644615384615385,4.52875272022294,0.180264432615375,12
W:14_L:9_NM:8_T:-1.3,14,9,20.91,14.912957453168,126,8,-1.3,0.043,0.846,0.650769230769231,4.54520318577564,0.17943777972335,12
W:14_L:9_NM:8_T:-1.3,14,9,20.91,14.912957453168,126,8,-1.3,0.043,0.853,0.656153846153846,4.56189409939455,0.178950052043863,12
W:14_L:9_NM:8_T:-1.3,14,9,20.91,14.912957453168,126,8,-1.3,0.043,0.861,0.662307692307692,4.58351494356444,0.178635740562316,12
W:14_L:9_NM:8_T:-1.3,14,9,20.91,14.912957453168,126,8,-1.3,0.043,0.868,0.667692307692308,4.60434133749046,0.178548320987488,12
W:14_L:9_NM:8_T:-1.3,14,9,20.91,14.912957453168,126,8,-1.3,0.043,0.876,0.673846153846154,4.63042123995701,0.178650455076782,12
W:14_L:9_NM:8_T:-1.3,14,9,20.91,14.912957453168,126,8,-1.3,0.043,0.883,0.679230769230769,4.65502370238563,0.178911022075767,12
W:14_L:9_NM:8_T:-1.3,14,9,20.91,14.912957453168,126,8,-1.3,0.043,0.891,0.685384615384615,4.68468207942015,0.179375202961944,12
W:14_L:9_NM:8_T:-1.3,14,9,20.91,14.912957453168,126,8,-1.3,0.043,0.898,0.690769230769231,4.71179503500656,0.17993258990084,12
W:14_L:9_NM:8_T:-1.3,14,9,20.91,14.912957453168,126,8,-1.3,0.043,0.906,0.696923076923077,4.74345618537501,0.180710622568345,12
W:14_L:9_NM:8_T:-1.3,14,9,20.91,14.912957453168,126,8,-1.3,0.043,0.914,0.703076923076923,4.7753121102439,0.181636731167649,12
W:14_L:9_NM:8_T:-1.3,14,9,20.91,14.912957453168,126,8,-1.3,0.043,0.921,0.708461538461539,4.80251898392743,0.18254842259413,12
W:14_L:9_NM:8_T:-1.3,14,9,20.91,14.912957453168,126,8,-1.3,0.043,0.929,0.714615384615385,4.83220114071068,0.183705225339292,12
W:14_L:9_NM:8_T:-1.3,14,9,20.91,14.912957453168,126,8,-1.3,0.043,0.936,0.72,4.85587937050048,0.184796559174619,12
W:14_L:9_NM:8_T:-1.3,14,9,20.91,14.912957453168,126,8,-1.3,0.043,0.944,0.726153846153846,4.87926036472192,0.186124186091314,12
W:14_L:9_NM:8_T:-1.3,14,9,20.91,14.912957453168,126,8,-1.3,0.043,0.951,0.731538461538462,4.89514652154922,0.187341445371084,12
W:14_L:9_NM:8_T:-1.3,14,9,20.91,14.912957453168,126,8,-1.3,0.043,0.959,0.737692307692308,4.90715055018015,0.1888011295187,12
W:14_L:9_NM:8_T:-1.3,14,9,20.91,14.912957453168,126,8,-1.3,0.043,0.966,0.743076923076923,4.91076181586208,0.190134958556695,12
W:14_L:9_NM:8_T:-1.3,14,9,20.91,14.912957453168,126,8,-1.3,0.043,0.974,0.749230769230769,4.90576107929838,0.191747407729558,12
W:14_L:9_NM:8_T:-1.3,14,9,20.91,14.912957453168,126,8,-1.3,0.043,0.981,0.754615384615385,4.89226766973152,0.193273516967041,12
W:14_L:9_NM:8_T:-1.3,14,9,20.91,14.912957453168,126,8,-1.3,0.043,0.989,0.760769230769231,4.86540236096876,0.195229254765916,12
W:14_L:9_NM:8_T:-1.3,14,9,20.91,14.912957453168,126,8,-1.3,0.043,0.996,0.766153846153846,4.83096740392735,0.197237750992509,12
W:14_L:9_NM:8_T:-1.3,14,9,20.91,14.912957453168,126,8,-1.3,0.043,1.004,0.772307692307692,4.7779518994532,0.20008926149786,12
W:14_L:9_NM:8_T:-1.3,14,9,20.91,14.912957453168,126,8,-1.3,0.043,1.011,0.777692307692308,4.7180441827115,0.203347577880581,12
W:14_L:9_NM:8_T:-1.3,14,9,20.91,14.912957453168,126,8,-1.3,0.043,1.019,0.783846153846154,4.63170397500273,0.208524846347461,12
W:14_L:9_NM:8_T:-1.3,14,9,20.91,14.912957453168,126,8,-1.3,0.043,1.026,0.789230769230769,4.53700104640544,0.215205166834409,12
W:14_L:9_NM:8_T:-1.3,14,9,20.91,14.912957453168,126,8,-1.3,0.043,1.034,0.795384615384615,4.39928131117911,0.227540715869336,12
W:14_L:9_NM:8_T:-1.3,14,9,20.91,14.912957453168,126,8,-1.3,0.043,1.041,0.800769230769231,4.2412185004138,0.247538549666056,12
W:14_L:9_NM:8_T:-1.3,14,9,20.91,14.912957453168,126,8,-1.3,0.043,1.049,0.806923076923077,3.98794598929656,0.311647404505509,12
W:14_L:9_NM:8_T:-1.3,14,9,20.91,14.912957453168,126,8,-1.3,0.043,1.056,0.812307692307692,3.74434579189529,0.882693548263919,12
W:14_L:9_NM:8_T:-1.3,14,9,20.91,14.912957453168,126,8,-1.3,0.043,1.064,0.818461538461539,3.72399095734215,0.441985782103751,14
W:14_L:9_NM:8_T:-1.3,14,9,20.91,14.912957453168,126,8,-1.3,0.043,1.071,0.823846153846154,3.95090093509452,0.43668555210827,18
W:14_L:9_NM:8_T:-1.3,14,9,20.91,14.912957453168,126,8,-1.3,0.043,1.079,0.83,5.23815369303752,0.372058310359489,20
W:14_L:9_NM:8_T:-1.3,14,9,20.91,14.912957453168,126,8,-1.3,0.043,1.086,0.835384615384615,6.09688146547083,0.392074736997091,20
W:14_L:9_NM:8_T:-1.3,14,9,20.91,14.912957453168,126,8,-1.3,0.043,1.094,0.841538461538462,6.52799427213273,0.39389803872425,20
W:14_L:9_NM:8_T:-1.3,14,9,20.91,14.912957453168,126,8,-1.3,0.043,1.102,0.847692307692308,6.79556166100802,0.391830425786028,20
W:14_L:9_NM:8_T:-1.3,14,9,20.91,14.912957453168,126,8,-1.3,0.043,1.109,0.853076923076923,6.95939545806145,0.389165026247028,20
W:14_L:9_NM:8_T:-1.3,14,9,20.91,14.912957453168,126,8,-1.3,0.043,1.117,0.859230769230769,7.09924363482375,0.385715173178798,20
W:14_L:9_NM:8_T:-1.3,14,9,20.91,14.912957453168,126,8,-1.3,0.043,1.124,0.864615384615385,7.19028045115186,0.382623235882254,20
W:14_L:9_NM:8_T:-1.3,14,9,20.91,14.912957453168,126,8,-1.3,0.043,1.132,0.870769230769231,7.26930241670361,0.37916650105454,20
W:14_L:9_NM:8_T:-1.3,14,9,20.91,14.912957453168,126,8,-1.3,0.043,1.139,0.876153846153846,7.32058539325362,0.376281244108916,20
W:14_L:9_NM:8_T:-1.3,14,9,20.91,14.912957453168,126,8,-1.3,0.043,1.147,0.882307692307692,7.36185241812553,0.373170177978767,20
W:14_L:9_NM:8_T:-1.3,14,9,20.91,14.912957453168,126,8,-1.3,0.043,1.154,0.887692307692308,7.38590897181531,0.370691777299453,20
W:14_L:9_NM:8_T:-1.3,14,9,20.91,14.912957453168,126,8,-1.3,0.043,1.162,0.893846153846154,7.4009250039925,0.368246178525478,20
W:14_L:9_NM:8_T:-1.3,14,9,20.91,14.912957453168,126,8,-1.3,0.043,1.169,0.899230769230769,7.40480886786869,0.366502425181314,20
W:14_L:9_NM:8_T:-1.3,14,9,20.91,14.912957453168,126,8,-1.3,0.043,1.177,0.905384615384615,7.40033477838914,0.365076109852349,20
W:14_L:9_NM:8_T:-1.3,14,9,20.91,14.912957453168,126,8,-1.3,0.043,1.184,0.910769230769231,7.38884411668506,0.364420970020047,20
W:14_L:9_NM:8_T:-1.3,14,9,20.91,14.912957453168,126,8,-1.3,0.043,1.192,0.916923076923077,7.36568061277289,0.364444288903858,20
W:14_L:9_NM:8_T:-1.3,14,9,20.91,14.912957453168,126,8,-1.3,0.043,1.199,0.922307692307692,7.33981618857735,0.365262987809088,20
W:14_L:9_NM:8_T:-1.3,14,9,20.91,14.912957453168,126,8,-1.3,0.043,1.207,0.928461538461538,7.30138292006905,0.367206129643218,20
W:14_L:9_NM:8_T:-1.3,14,9,20.91,14.912957453168,126,8,-1.3,0.043,1.214,0.933846153846154,7.25831579975349,0.369939764047887,20
W:14_L:9_NM:8_T:-1.3,14,9,20.91,14.912957453168,126,8,-1.3,0.043,1.222,0.94,7.20256743279281,0.374451339299721,20
W:14_L:9_NM:8_T:-1.3,14,9,20.91,14.912957453168,126,8,-1.3,0.043,1.229,0.945384615384615,7.1406244385856,0.380061685633366,20
W:14_L:9_NM:8_T:-1.3,14,9,20.91,14.912957453168,126,8,-1.3,0.043,1.237,0.951538461538462,7.06045488414105,0.389334303207732,20
W:14_L:9_NM:8_T:-1.3,14,9,20.91,14.912957453168,126,8,-1.3,0.043,1.244,0.956923076923077,6.97822098812889,0.402145696478174,20
W:14_L:9_NM:8_T:-1.3,14,9,20.91,14.912957453168,126,8,-1.3,0.043,1.252,0.963076923076923,6.88605809277652,0.427499103472265,20
W:14_L:9_NM:8_T:-1.3,14,9,20.91,14.912957453168,126,8,-1.3,0.043,1.259,0.968461538461538,6.89467376821779,0.464952628747448,20
W:14_L:9_NM:8_T:-1.3,14,9,20.91,14.912957453168,126,8,-1.3,0.043,1.267,0.974615384615385,7.27185598650498,0.503142386526401,26
W:14_L:9_NM:8_T:-1.3,14,9,20.91,14.912957453168,126,8,-1.3,0.043,1.274,0.98,7.97101464445063,0.559365331010189,28
W:14_L:9_NM:8_T:-1.3,14,9,20.91,14.912957453168,126,8,-1.3,0.043,1.282,0.986153846153846,8.89852376971443,0.588087286118309,28
W:14_L:9_NM:8_T:-1.3,14,9,20.91,14.912957453168,126,8,-1.3,0.043,1.289,0.991538461538462,9.10470342400361,0.577230520155676,28
W:14_L:9_NM:8_T:-1.3,14,9,20.91,14.912957453168,126,8,-1.3,0.043,1.297,0.997692307692308,9.23355274648979,0.569864328265884,28
W:14_L:9_NM:8_T:-1.3,14,9,20.91,14.912957453168,126,8,-1.3,0.043,1.305,1.00384615384615,9.32810450524592,0.561687979956291,28
W:14_L:9_NM:8_T:-1.3,14,9,20.91,14.912957453168,126,8,-1.3,0.043,1.312,1.00923076923077,9.36787515804979,0.55619981421488,28
W:14_L:9_NM:8_T:-1.3,14,9,20.91,14.912957453168,126,8,-1.3,0.043,1.32,1.01538461538462,9.43410212225709,0.551368696882618,28
W:14_L:9_NM:8_T:-1.3,14,9,20.91,14.912957453168,126,8,-1.3,0.043,1.327,1.02076923076923,9.47213219063728,0.547649853318504,28
W:14_L:9_NM:8_T:-1.3,14,9,20.91,14.912957453168,126,8,-1.3,0.043,1.335,1.02692307692308,9.51164432247476,0.543663898709616,28
W:14_L:9_NM:8_T:-1.3,14,9,20.91,14.912957453168,126,8,-1.3,0.043,1.342,1.03230769230769,9.5250726326037,0.539840423009334,28
W:14_L:9_NM:8_T:-1.3,14,9,20.91,14.912957453168,126,8,-1.3,0.043,1.35,1.03846153846154,9.52168768746522,0.535044180158308,28
W:14_L:9_NM:8_T:-1.3,14,9,20.91,14.912957453168,126,8,-1.3,0.043,1.357,1.04384615384615,9.50833578256084,0.530643285769761,28
W:14_L:9_NM:8_T:-1.3,14,9,20.91,14.912957453168,126,8,-1.3,0.043,1.365,1.05,9.48178258123884,0.525650293650937,28
W:14_L:9_NM:8_T:-1.3,14,9,20.91,14.912957453168,126,8,-1.3,0.043,1.372,1.05538461538462,9.44467598314765,0.521594023070108,28
W:14_L:9_NM:8_T:-1.3,14,9,20.91,14.912957453168,126,8,-1.3,0.043,1.38,1.06153846153846,9.40148144313938,0.518202727426666,28
W:14_L:9_NM:8_T:-1.3,14,9,20.91,14.912957453168,126,8,-1.3,0.043,1.387,1.06692307692308,9.35951978557175,0.516659439915123,28
W:14_L:9_NM:8_T:-1.3,14,9,20.91,14.912957453168,126,8,-1.3,0.043,1.395,1.07307692307692,9.3082925997822,0.516969810735426,28
W:14_L:9_NM:8_T:-1.3,14,9,20.91,14.912957453168,126,8,-1.3,0.043,1.402,1.07846153846154,9.26390938103705,0.519527113186784,28
W:14_L:9_NM:8_T:-1.3,14,9,20.91,14.912957453168,126,8,-1.3,0.043,1.41,1.08461538461538,9.20783367972354,0.525292187162815,28
W:14_L:9_NM:8_T:-1.3,14,9,20.91,14.912957453168,126,8,-1.3,0.043,1.417,1.09,9.15633107055954,0.533351740113331,28
W:14_L:9_NM:8_T:-1.3,14,9,20.91,14.912957453168,126,8,-1.3,0.043,1.425,1.09615384615385,9.08405212559303,0.546353488778611,28
W:14_L:9_NM:8_T:-1.3,14,9,20.91,14.912957453168,126,8,-1.3,0.043,1.432,1.10153846153846,9.0049504070247,0.561546561813683,28
W:14_L:9_NM:8_T:-1.3,14,9,20.91,14.912957453168,126,8,-1.3,0.043,1.44,1.10769230769231,8.87548791623951,0.583503202795581,28
W:14_L:9_NM:8_T:-1.3,14,9,20.91,14.912957453168,126,8,-1.3,0.043,1.447,1.11307692307692,8.66926102783933,0.605279607529878,28
W:14_L:9_NM:8_T:-1.3,14,9,20.91,14.912957453168,126,8,-1.3,0.043,1.455,1.11923076923077,8.16349136526837,0.526257487995044,26
W:14_L:9_NM:8_T:-1.3,14,9,20.91,14.912957453168,126,8,-1.3,0.043,1.462,1.12461538461538,8.18166144402961,0.48551988706903,24
W:14_L:9_NM:8_T:-1.3,14,9,20.91,14.912957453168,126,8,-1.3,0.043,1.47,1.13076923076923,8.26675789317787,0.449742590391461,24
W:14_L:9_NM:8_T:-1.3,14,9,20.91,14.912957453168,126,8,-1.3,0.043,1.477,1.13615384615385,8.37167389556529,0.423583787095606,24
W:14_L:9_NM:8_T:-1.3,14,9,20.91,14.912957453168,126,8,-1.3,0.043,1.485,1.14230769230769,8.48441362820878,0.401656157015752,24
W:14_L:9_NM:8_T:-1.3,14,9,20.91,14.912957453168,126,8,-1.3,0.043,1.492,1.14769230769231,8.56741126287803,0.388334016990221,24
W:14_L:9_NM:8_T:-1.3,14,9,20.91,14.912957453168,126,8,-1.3,0.043,1.5,1.15384615384615,8.64435917203872,0.377705475587155,24
W:36_L:5_NM:11_T:-1.3,36,5,11.07,38.3476048795749,180,11,-1.3,0.043,-1.5,-1.15384615384615,27.0057278068943,0.411219878705468,64
W:36_L:5_NM:11_T:-1.3,36,5,11.07,38.3476048795749,180,11,-1.3,0.043,-1.492,-1.14769230769231,27.024861137006,0.411207386722766,64
W:36_L:5_NM:11_T:-1.3,36,5,11.07,38.3476048795749,180,11,-1.3,0.043,-1.485,-1.14230769230769,27.0303902372548,0.412139673607125,64
W:36_L:5_NM:11_T:-1.3,36,5,11.07,38.3476048795749,180,11,-1.3,0.043,-1.477,-1.13615384615385,27.0188814652918,0.413780934126169,64
W:36_L:5_NM:11_T:-1.3,36,5,11.07,38.3476048795749,180,11,-1.3,0.043,-1.47,-1.13076923076923,26.9837421021201,0.415421576156947,64
W:36_L:5_NM:11_T:-1.3,36,5,11.07,38.3476048795749,180,11,-1.3,0.043,-1.462,-1.12461538461538,26.9093518723194,0.417575082211868,64
W:36_L:5_NM:11_T:-1.3,36,5,11.07,38.3476048795749,180,11,-1.3,0.043,-1.455,-1.11923076923077,26.8109284342932,0.42030648996133,64
W:36_L:5_NM:11_T:-1.3,36,5,11.07,38.3476048795749,180,11,-1.3,0.043,-1.447,-1.11307692307692,26.6555523318193,0.426380733126738,64
W:36_L:5_NM:11_T:-1.3,36,5,11.07,38.3476048795749,180,11,-1.3,0.043,-1.44,-1.10769230769231,26.4989945245004,0.437951136908037,64
W:36_L:5_NM:11_T:-1.3,36,5,11.07,38.3476048795749,180,11,-1.3,0.043,-1.432,-1.10153846153846,26.3894051880959,0.462845046629143,64
W:36_L:5_NM:11_T:-1.3,36,5,11.07,38.3476048795749,180,11,-1.3,0.043,-1.425,-1.09615384615385,26.4145638783789,0.486107047765932,68
W:36_L:5_NM:11_T:-1.3,36,5,11.07,38.3476048795749,180,11,-1.3,0.043,-1.417,-1.09,27.1583053875604,0.519105044703829,68
W:36_L:5_NM:11_T:-1.3,36,5,11.07,38.3476048795749,180,11,-1.3,0.043,-1.41,-1.08461538461538,27.3145673626931,0.517326440479086,68
W:36_L:5_NM:11_T:-1.3,36,5,11.07,38.3476048795749,180,11,-1.3,0.043,-1.402,-1.07846153846154,27.3782214618421,0.510006838977861,68
W:36_L:5_NM:11_T:-1.3,36,5,11.07,38.3476048795749,180,11,-1.3,0.043,-1.395,-1.07307692307692,27.4004011025934,0.503401695694008,68
W:36_L:5_NM:11_T:-1.3,36,5,11.07,38.3476048795749,180,11,-1.3,0.043,-1.387,-1.06692307692308,27.4055713470104,0.496051821299122,68
W:36_L:5_NM:11_T:-1.3,36,5,11.07,38.3476048795749,180,11,-1.3,0.043,-1.38,-1.06153846153846,27.3908440226491,0.49061968552927,68
W:36_L:5_NM:11_T:-1.3,36,5,11.07,38.3476048795749,180,11,-1.3,0.043,-1.372,-1.05538461538462,27.3537233271117,0.48705809896963,68
W:36_L:5_NM:11_T:-1.3,36,5,11.07,38.3476048795749,180,11,-1.3,0.043,-1.365,-1.05,27.3053039837796,0.487102734801526,68
W:36_L:5_NM:11_T:-1.3,36,5,11.07,38.3476048795749,180,11,-1.3,0.043,-1.357,-1.04384615384615,27.2272060599493,0.490979979216487,68
W:36_L:5_NM:11_T:-1.3,36,5,11.07,38.3476048795749,180,11,-1.3,0.043,-1.35,-1.03846153846154,27.1361551459975,0.498781107137362,68
W:36_L:5_NM:11_T:-1.3,36,5,11.07,38.3476048795749,180,11,-1.3,0.043,-1.342,-1.03230769230769,26.991911430262,0.517101777836577,68
W:36_L:5_NM:11_T:-1.3,36,5,11.07,38.3476048795749,180,11,-1.3,0.043,-1.335,-1.02692307692308,26.8054809269483,0.558566078638026,70
W:36_L:5_NM:11_T:-1.3,36,5,11.07,38.3476048795749,180,11,-1.3,0.043,-1.327,-1.02076923076923,27.5413673175672,0.584547581679517,72
W:36_L:5_NM:11_T:-1.3,36,5,11.07,38.3476048795749,180,11,-1.3,0.043,-1.32,-1.01538461538462,27.5660840907063,0.589222548540952,72
W:36_L:5_NM:11_T:-1.3,36,5,11.07,38.3476048795749,180,11,-1.3,0.043,-1.312,-1.00923076923077,27.4059720213578,0.597736191651878,72
W:36_L:5_NM:11_T:-1.3,36,5,11.07,38.3476048795749,180,11,-1.3,0.043,-1.305,-1.00384615384615,27.0841315321743,0.609340468039618,72
W:36_L:5_NM:11_T:-1.3,36,5,11.07,38.3476048795749,180,11,-1.3,0.043,-1.297,-0.997692307692308,25.7037533086402,0.613069417090886,72
W:36_L:5_NM:11_T:-1.3,36,5,11.07,38.3476048795749,180,11,-1.3,0.043,-1.289,-0.991538461538462,25.408333177416,0.585896650485201,68
W:36_L:5_NM:11_T:-1.3,36,5,11.07,38.3476048795749,180,11,-1.3,0.043,-1.282,-0.986153846153846,24.1249024849118,0.602459930390536,68
W:36_L:5_NM:11_T:-1.3,36,5,11.07,38.3476048795749,180,11,-1.3,0.043,-1.274,-0.98,23.2203102890894,0.61053002397221,62
W:36_L:5_NM:11_T:-1.3,36,5,11.07,38.3476048795749,180,11,-1.3,0.043,-1.267,-0.974615384615385,23.4501684181084,0.549282092842978,60
W:36_L:5_NM:11_T:-1.3,36,5,11.07,38.3476048795749,180,11,-1.3,0.043,-1.259,-0.968461538461538,23.6325502844763,0.516829715710355,60
W:36_L:5_NM:11_T:-1.3,36,5,11.07,38.3476048795749,180,11,-1.3,0.043,-1.252,-0.963076923076923,23.6464298024752,0.506923862356608,60
W:36_L:5_NM:11_T:-1.3,36,5,11.07,38.3476048795749,180,11,-1.3,0.043,-1.244,-0.956923076923077,23.532576027941,0.507460075482201,60
W:36_L:5_NM:11_T:-1.3,36,5,11.07,38.3476048795749,180,11,-1.3,0.043,-1.237,-0.951538461538462,23.261423005427,0.51938892953163,60
W:36_L:5_NM:11_T:-1.3,36,5,11.07,38.3476048795749,180,11,-1.3,0.043,-1.229,-0.945384615384615,21.7911007999975,0.5387157919621,60
W:36_L:5_NM:11_T:-1.3,36,5,11.07,38.3476048795749,180,11,-1.3,0.043,-1.222,-0.94,20.7403817010852,0.435514469703077,56
W:36_L:5_NM:11_T:-1.3,36,5,11.07,38.3476048795749,180,11,-1.3,0.043,-1.214,-0.933846153846154,20.6097119149532,0.410582180127942,52
W:36_L:5_NM:11_T:-1.3,36,5,11.07,38.3476048795749,180,11,-1.3,0.043,-1.207,-0.928461538461538,20.6103353238864,0.399676117641074,52
W:36_L:5_NM:11_T:-1.3,36,5,11.07,38.3476048795749,180,11,-1.3,0.043,-1.199,-0.922307692307692,20.6387897807967,0.391709766040516,52
W:36_L:5_NM:11_T:-1.3,36,5,11.07,38.3476048795749,180,11,-1.3,0.043,-1.192,-0.916923076923077,20.6540035001642,0.387943136485187,52
W:36_L:5_NM:11_T:-1.3,36,5,11.07,38.3476048795749,180,11,-1.3,0.043,-1.184,-0.910769230769231,20.6427330683921,0.386570780855459,52
W:36_L:5_NM:11_T:-1.3,36,5,11.07,38.3476048795749,180,11,-1.3,0.043,-1.177,-0.905384615384615,20.6022642545831,0.387558236477865,52
W:36_L:5_NM:11_T:-1.3,36,5,11.07,38.3476048795749,180,11,-1.3,0.043,-1.169,-0.899230769230769,20.5108609462304,0.391141517648305,52
W:36_L:5_NM:11_T:-1.3,36,5,11.07,38.3476048795749,180,11,-1.3,0.043,-1.162,-0.893846153846154,20.3721051403673,0.396731180751691,52
W:36_L:5_NM:11_T:-1.3,36,5,11.07,38.3476048795749,180,11,-1.3,0.043,-1.154,-0.887692307692308,20.0785305811329,0.407709725180698,52
W:36_L:5_NM:11_T:-1.3,36,5,11.07,38.3476048795749,180,11,-1.3,0.043,-1.147,-0.882307692307692,19.3473469204607,0.432566664246006,52
W:36_L:5_NM:11_T:-1.3,36,5,11.07,38.3476048795749,180,11,-1.3,0.043,-1.139,-0.876153846153846,17.3778806936045,0.465039375840769,50
W:36_L:5_NM:11_T:-1.3,36,5,11.07,38.3476048795749,180,11,-1.3,0.043,-1.132,-0.870769230769231,17.2386658909829,0.420311049759164,46
W:36_L:5_NM:11_T:-1.3,36,5,11.07,38.3476048795749,180,11,-1.3,0.043,-1.124,-0.864615384615385,17.8540042062007,0.347659561474619,44
W:36_L:5_NM:11_T:-1.3,36,5,11.07,38.3476048795749,180,11,-1.3,0.043,-1.117,-0.859230769230769,18.1330642805767,0.32415516744244,44
W:36_L:5_NM:11_T:-1.3,36,5,11.07,38.3476048795749,180,11,-1.3,0.043,-1.109,-0.853076923076923,18.2966328230348,0.312418240756057,44
W:36_L:5_NM:11_T:-1.3,36,5,11.07,38.3476048795749,180,11,-1.3,0.043,-1.102,-0.847692307692308,18.3718542653667,0.307735213507464,44
W:36_L:5_NM:11_T:-1.3,36,5,11.07,38.3476048795749,180,11,-1.3,0.043,-1.094,-0.841538461538462,18.4132612559465,0.305617087182549,44
W:36_L:5_NM:11_T:-1.3,36,5,11.07,38.3476048795749,180,11,-1.3,0.043,-1.086,-0.835384615384615,18.4214610401613,0.30566219255179,44
W:36_L:5_NM:11_T:-1.3,36,5,11.07,38.3476048795749,180,11,-1.3,0.043,-1.079,-0.83,18.4064336982731,0.306998348259401,44
W:36_L:5_NM:11_T:-1.3,36,5,11.07,38.3476048795749,180,11,-1.3,0.043,-1.071,-0.823846153846154,18.3681406393127,0.309856562857205,44
W:36_L:5_NM:11_T:-1.3,36,5,11.07,38.3476048795749,180,11,-1.3,0.043,-1.064,-0.818461538461539,18.3112718752892,0.31355806736201,44
W:36_L:5_NM:11_T:-1.3,36,5,11.07,38.3476048795749,180,11,-1.3,0.043,-1.056,-0.812307692307692,18.217595892882,0.319519621708428,44
W:36_L:5_NM:11_T:-1.3,36,5,11.07,38.3476048795749,180,11,-1.3,0.043,-1.049,-0.806923076923077,18.0977600491442,0.32696640059683,44
W:36_L:5_NM:11_T:-1.3,36,5,11.07,38.3476048795749,180,11,-1.3,0.043,-1.041,-0.800769230769231,17.8853046826163,0.34000175551565,44
W:36_L:5_NM:11_T:-1.3,36,5,11.07,38.3476048795749,180,11,-1.3,0.043,-1.034,-0.795384615384615,17.5275913208834,0.362221718062198,44
W:36_L:5_NM:11_T:-1.3,36,5,11.07,38.3476048795749,180,11,-1.3,0.043,-1.026,-0.789230769230769,16.0075527578178,0.35818975016722,44
W:36_L:5_NM:11_T:-1.3,36,5,11.07,38.3476048795749,180,11,-1.3,0.043,-1.019,-0.783846153846154,14.7831663681481,0.405196530231141,40
W:36_L:5_NM:11_T:-1.3,36,5,11.07,38.3476048795749,180,11,-1.3,0.043,-1.011,-0.777692307692308,14.8415310181739,0.284045939765753,36
W:36_L:5_NM:11_T:-1.3,36,5,11.07,38.3476048795749,180,11,-1.3,0.043,-1.004,-0.772307692307692,15.1224199556234,0.251730670565177,36
W:36_L:5_NM:11_T:-1.3,36,5,11.07,38.3476048795749,180,11,-1.3,0.043,-0.996,-0.766153846153846,15.2702528119716,0.23884793082552,36
W:36_L:5_NM:11_T:-1.3,36,5,11.07,38.3476048795749,180,11,-1.3,0.043,-0.989,-0.760769230769231,15.3318094948118,0.233769073754664,36
W:36_L:5_NM:11_T:-1.3,36,5,11.07,38.3476048795749,180,11,-1.3,0.043,-0.981,-0.754615384615385,15.362825498353,0.230911207156634,36
W:36_L:5_NM:11_T:-1.3,36,5,11.07,38.3476048795749,180,11,-1.3,0.043,-0.974,-0.749230769230769,15.3671132165917,0.229860242305509,36
W:36_L:5_NM:11_T:-1.3,36,5,11.07,38.3476048795749,180,11,-1.3,0.043,-0.966,-0.743076923076923,15.3544934404689,0.229769688857946,36
W:36_L:5_NM:11_T:-1.3,36,5,11.07,38.3476048795749,180,11,-1.3,0.043,-0.959,-0.737692307692308,15.3288568956546,0.23042576049542,36
W:36_L:5_NM:11_T:-1.3,36,5,11.07,38.3476048795749,180,11,-1.3,0.043,-0.951,-0.731538461538462,15.2837673548486,0.231869965673971,36
W:36_L:5_NM:11_T:-1.3,36,5,11.07,38.3476048795749,180,11,-1.3,0.043,-0.944,-0.726153846153846,15.2301434025673,0.233613457275578,36
W:36_L:5_NM:11_T:-1.3,36,5,11.07,38.3476048795749,180,11,-1.3,0.043,-0.936,-0.72,15.1505261320619,0.236070092569533,36
W:36_L:5_NM:11_T:-1.3,36,5,11.07,38.3476048795749,180,11,-1.3,0.043,-0.929,-0.714615384615385,15.0641512024418,0.23848608142562,36
W:36_L:5_NM:11_T:-1.3,36,5,11.07,38.3476048795749,180,11,-1.3,0.043,-0.921,-0.708461538461539,14.9469012142873,0.241405044053861,36
W:36_L:5_NM:11_T:-1.3,36,5,11.07,38.3476048795749,180,11,-1.3,0.043,-0.914,-0.703076923076923,14.8241665926349,0.244186140702045,36
W:36_L:5_NM:11_T:-1.3,36,5,11.07,38.3476048795749,180,11,-1.3,0.043,-0.906,-0.696923076923077,14.6561941282664,0.247821798789257,36
W:36_L:5_NM:11_T:-1.3,36,5,11.07,38.3476048795749,180,11,-1.3,0.043,-0.898,-0.690769230769231,14.442111159166,0.252740807004161,36
W:36_L:5_NM:11_T:-1.3,36,5,11.07,38.3476048795749,180,11,-1.3,0.043,-0.891,-0.685384615384615,14.1682629131335,0.259592225275922,36
W:36_L:5_NM:11_T:-1.3,36,5,11.07,38.3476048795749,180,11,-1.3,0.043,-0.883,-0.679230769230769,13.2344614416607,0.266416679278151,36
W:36_L:5_NM:11_T:-1.3,36,5,11.07,38.3476048795749,180,11,-1.3,0.043,-0.876,-0.673846153846154,12.2220579300136,0.324038404528974,36
W:36_L:5_NM:11_T:-1.3,36,5,11.07,38.3476048795749,180,11,-1.3,0.043,-0.868,-0.667692307692308,12.2039931278912,0.196477666654981,32
W:36_L:5_NM:11_T:-1.3,36,5,11.07,38.3476048795749,180,11,-1.3,0.043,-0.861,-0.662307692307692,12.0446537668144,0.19143231729948,28
W:36_L:5_NM:11_T:-1.3,36,5,11.07,38.3476048795749,180,11,-1.3,0.043,-0.853,-0.656153846153846,11.9012236086148,0.190898355406728,28
W:36_L:5_NM:11_T:-1.3,36,5,11.07,38.3476048795749,180,11,-1.3,0.043,-0.846,-0.650769230769231,11.9227447266775,0.188072496818741,28
W:36_L:5_NM:11_T:-1.3,36,5,11.07,38.3476048795749,180,11,-1.3,0.043,-0.838,-0.644615384615385,12.0373290862043,0.184054244246621,28
W:36_L:5_NM:11_T:-1.3,36,5,11.07,38.3476048795749,180,11,-1.3,0.043,-0.831,-0.639230769230769,12.1495758422138,0.181234691610652,28
W:36_L:5_NM:11_T:-1.3,36,5,11.07,38.3476048795749,180,11,-1.3,0.043,-0.823,-0.633076923076923,12.2610673235255,0.179067263042132,28
W:36_L:5_NM:11_T:-1.3,36,5,11.07,38.3476048795749,180,11,-1.3,0.043,-0.816,-0.627692307692308,12.3398128899806,0.177995413665304,28
W:36_L:5_NM:11_T:-1.3,36,5,11.07,38.3476048795749,180,11,-1.3,0.043,-0.808,-0.621538461538462,12.4085164076748,0.177482425049183,28
W:36_L:5_NM:11_T:-1.3,36,5,11.07,38.3476048795749,180,11,-1.3,0.043,-0.801,-0.616153846153846,12.4524397717722,0.177570503500995,28
W:36_L:5_NM:11_T:-1.3,36,5,11.07,38.3476048795749,180,11,-1.3,0.043,-0.793,-0.61,12.4854993407437,0.178195929191867,28
W:36_L:5_NM:11_T:-1.3,36,5,11.07,38.3476048795749,180,11,-1.3,0.043,-0.786,-0.604615384615385,12.5003064104171,0.179177605856291,28
W:36_L:5_NM:11_T:-1.3,36,5,11.07,38.3476048795749,180,11,-1.3,0.043,-0.778,-0.598461538461539,12.5007286154101,0.180810183979173,28
W:36_L:5_NM:11_T:-1.3,36,5,11.07,38.3476048795749,180,11,-1.3,0.043,-0.771,-0.593076923076923,12.4856262603084,0.182697726319517,28
W:36_L:5_NM:11_T:-1.3,36,5,11.07,38.3476048795749,180,11,-1.3,0.043,-0.763,-0.586923076923077,12.4470719503123,0.185430750267263,28
W:36_L:5_NM:11_T:-1.3,36,5,11.07,38.3476048795749,180,11,-1.3,0.043,-0.756,-0.581538461538462,12.3897393708268,0.188354494448864,28
W:36_L:5_NM:11_T:-1.3,36,5,11.07,38.3476048795749,180,11,-1.3,0.043,-0.748,-0.575384615384615,12.2901649186267,0.192241787586013,28
W:36_L:5_NM:11_T:-1.3,36,5,11.07,38.3476048795749,180,11,-1.3,0.043,-0.741,-0.57,12.1564019874164,0.196197335582869,28
W:36_L:5_NM:11_T:-1.3,36,5,11.07,38.3476048795749,180,11,-1.3,0.043,-0.733,-0.563846153846154,11.9332522387022,0.201022146083735,28
W:36_L:5_NM:11_T:-1.3,36,5,11.07,38.3476048795749,180,11,-1.3,0.043,-0.726,-0.558461538461539,11.6351716919164,0.205489206424119,28
W:36_L:5_NM:11_T:-1.3,36,5,11.07,38.3476048795749,180,11,-1.3,0.043,-0.718,-0.552307692307692,11.0767469902573,0.209707864753748,28
W:36_L:5_NM:11_T:-1.3,36,5,11.07,38.3476048795749,180,11,-1.3,0.043,-0.711,-0.546923076923077,10.2566512415663,0.208021689105007,28
W:36_L:5_NM:11_T:-1.3,36,5,11.07,38.3476048795749,180,11,-1.3,0.043,-0.703,-0.540769230769231,8.70651863378449,0.27347768440881,26
W:36_L:5_NM:11_T:-1.3,36,5,11.07,38.3476048795749,180,11,-1.3,0.043,-0.695,-0.534615384615385,9.18642466348486,0.133913425947597,24
W:36_L:5_NM:11_T:-1.3,36,5,11.07,38.3476048795749,180,11,-1.3,0.043,-0.688,-0.529230769230769,9.09541184493839,0.149436058954653,20
W:36_L:5_NM:11_T:-1.3,36,5,11.07,38.3476048795749,180,11,-1.3,0.043,-0.68,-0.523076923076923,8.52453294753105,0.298243909863666,20
W:36_L:5_NM:11_T:-1.3,36,5,11.07,38.3476048795749,180,11,-1.3,0.043,-0.673,-0.517692307692308,9.21489960437494,0.16458869064847,20
W:36_L:5_NM:11_T:-1.3,36,5,11.07,38.3476048795749,180,11,-1.3,0.043,-0.665,-0.511538461538462,9.36690096675405,0.129725475689259,20
W:36_L:5_NM:11_T:-1.3,36,5,11.07,38.3476048795749,180,11,-1.3,0.043,-0.658,-0.506153846153846,9.40977899325591,0.122090983185192,20
W:36_L:5_NM:11_T:-1.3,36,5,11.07,38.3476048795749,180,11,-1.3,0.043,-0.65,-0.5,9.43959332897003,0.118906539882807,20
W:36_L:5_NM:11_T:-1.3,36,5,11.07,38.3476048795749,180,11,-1.3,0.043,-0.643,-0.494615384615385,9.45960836364126,0.117894384567278,20
W:36_L:5_NM:11_T:-1.3,36,5,11.07,38.3476048795749,180,11,-1.3,0.043,-0.635,-0.488461538461538,9.47860146409961,0.117690573600334,20
W:36_L:5_NM:11_T:-1.3,36,5,11.07,38.3476048795749,180,11,-1.3,0.043,-0.628,-0.483076923076923,9.49226854886464,0.118002190243112,20
W:36_L:5_NM:11_T:-1.3,36,5,11.07,38.3476048795749,180,11,-1.3,0.043,-0.62,-0.476923076923077,9.50404227925667,0.118739085579833,20
W:36_L:5_NM:11_T:-1.3,36,5,11.07,38.3476048795749,180,11,-1.3,0.043,-0.613,-0.471538461538462,9.51071880308216,0.119640589288992,20
W:36_L:5_NM:11_T:-1.3,36,5,11.07,38.3476048795749,180,11,-1.3,0.043,-0.605,-0.465384615384615,9.51373874269194,0.120928804840867,20
W:36_L:5_NM:11_T:-1.3,36,5,11.07,38.3476048795749,180,11,-1.3,0.043,-0.598,-0.46,9.51160156775465,0.122304587023007,20
W:36_L:5_NM:11_T:-1.3,36,5,11.07,38.3476048795749,180,11,-1.3,0.043,-0.59,-0.453846153846154,9.5034441775526,0.124152361004635,20
W:36_L:5_NM:11_T:-1.3,36,5,11.07,38.3476048795749,180,11,-1.3,0.043,-0.583,-0.448461538461538,9.49026304321646,0.126128235229556,20
W:36_L:5_NM:11_T:-1.3,36,5,11.07,38.3476048795749,180,11,-1.3,0.043,-0.575,-0.442307692307692,9.46845641214204,0.128780924194592,20
W:36_L:5_NM:11_T:-1.3,36,5,11.07,38.3476048795749,180,11,-1.3,0.043,-0.568,-0.436923076923077,9.44179919832544,0.131712522312998,20
W:36_L:5_NM:11_T:-1.3,36,5,11.07,38.3476048795749,180,11,-1.3,0.043,-0.56,-0.430769230769231,9.40068476621856,0.136073939971206,20
W:36_L:5_NM:11_T:-1.3,36,5,11.07,38.3476048795749,180,11,-1.3,0.043,-0.553,-0.425384615384615,9.35332305141637,0.141142499939418,20
W:36_L:5_NM:11_T:-1.3,36,5,11.07,38.3476048795749,180,11,-1.3,0.043,-0.545,-0.419230769230769,9.28157332432473,0.149147952637943,20
W:36_L:5_NM:11_T:-1.3,36,5,11.07,38.3476048795749,180,11,-1.3,0.043,-0.538,-0.413846153846154,9.18158923014109,0.160861916586501,20
W:36_L:5_NM:11_T:-1.3,36,5,11.07,38.3476048795749,180,11,-1.3,0.043,-0.53,-0.407692307692308,8.96417581875012,0.186962928380939,20
W:36_L:5_NM:11_T:-1.3,36,5,11.07,38.3476048795749,180,11,-1.3,0.043,-0.523,-0.402307692307692,6.70782053372191,0.370183663470252,20
W:36_L:5_NM:11_T:-1.3,36,5,11.07,38.3476048795749,180,11,-1.3,0.043,-0.515,-0.396153846153846,5.88101278024191,0.229228071769409,20
W:36_L:5_NM:11_T:-1.3,36,5,11.07,38.3476048795749,180,11,-1.3,0.043,-0.508,-0.390769230769231,5.80356660844259,0.0703721884636259,18
W:36_L:5_NM:11_T:-1.3,36,5,11.07,38.3476048795749,180,11,-1.3,0.043,-0.5,-0.384615384615385,5.81010128629893,0.0649832151729819,14
W:36_L:5_NM:11_T:-1.3,36,5,11.07,38.3476048795749,180,11,-1.3,0.043,-0.492,-0.378461538461538,5.81169121110218,0.0638459862003134,12
W:36_L:5_NM:11_T:-1.3,36,5,11.07,38.3476048795749,180,11,-1.3,0.043,-0.485,-0.373076923076923,5.81230311175558,0.063535288959761,12
W:36_L:5_NM:11_T:-1.3,36,5,11.07,38.3476048795749,180,11,-1.3,0.043,-0.477,-0.366923076923077,5.81297499765874,0.0634950573165623,12
W:36_L:5_NM:11_T:-1.3,36,5,11.07,38.3476048795749,180,11,-1.3,0.043,-0.47,-0.361538461538462,5.81371488254451,0.0636255603158713,12
W:36_L:5_NM:11_T:-1.3,36,5,11.07,38.3476048795749,180,11,-1.3,0.043,-0.462,-0.355384615384615,5.81486263056491,0.0639081618948125,12
W:36_L:5_NM:11_T:-1.3,36,5,11.07,38.3476048795749,180,11,-1.3,0.043,-0.455,-0.35,5.81604598299923,0.0642459658275877,12
W:36_L:5_NM:11_T:-1.3,36,5,11.07,38.3476048795749,180,11,-1.3,0.043,-0.447,-0.343846153846154,5.81751136492381,0.0647591249222995,12
W:36_L:5_NM:11_T:-1.3,36,5,11.07,38.3476048795749,180,11,-1.3,0.043,-0.44,-0.338461538461538,5.8188005053928,0.0652840691603926,12
W:36_L:5_NM:11_T:-1.3,36,5,11.07,38.3476048795749,180,11,-1.3,0.043,-0.432,-0.332307692307692,5.82002397704201,0.0659851060806669,12
W:36_L:5_NM:11_T:-1.3,36,5,11.07,38.3476048795749,180,11,-1.3,0.043,-0.425,-0.326923076923077,5.82070910968179,0.0666998183476153,12
W:36_L:5_NM:11_T:-1.3,36,5,11.07,38.3476048795749,180,11,-1.3,0.043,-0.417,-0.320769230769231,5.82057513379284,0.0676639130553933,12
W:36_L:5_NM:11_T:-1.3,36,5,11.07,38.3476048795749,180,11,-1.3,0.043,-0.41,-0.315384615384615,5.81956142823447,0.0686193577672366,12
W:36_L:5_NM:11_T:-1.3,36,5,11.07,38.3476048795749,180,11,-1.3,0.043,-0.402,-0.309230769230769,5.81696559833041,0.0698706081239062,12
W:36_L:5_NM:11_T:-1.3,36,5,11.07,38.3476048795749,180,11,-1.3,0.043,-0.395,-0.303846153846154,5.81297966658529,0.071172103510971,12
W:36_L:5_NM:11_T:-1.3,36,5,11.07,38.3476048795749,180,11,-1.3,0.043,-0.387,-0.297692307692308,5.80613776656929,0.0728773461739923,12
W:36_L:5_NM:11_T:-1.3,36,5,11.07,38.3476048795749,180,11,-1.3,0.043,-0.38,-0.292307692307692,5.79767900201412,0.0747143862932218,12
W:36_L:5_NM:11_T:-1.3,36,5,11.07,38.3476048795749,180,11,-1.3,0.043,-0.372,-0.286153846153846,5.78473443467644,0.0771965985934804,12
W:36_L:5_NM:11_T:-1.3,36,5,11.07,38.3476048795749,180,11,-1.3,0.043,-0.365,-0.280769230769231,5.77002874274851,0.0798443442927876,12
W:36_L:5_NM:11_T:-1.3,36,5,11.07,38.3476048795749,180,11,-1.3,0.043,-0.357,-0.274615384615385,5.74825021306776,0.0837496201696161,12
W:36_L:5_NM:11_T:-1.3,36,5,11.07,38.3476048795749,180,11,-1.3,0.043,-0.35,-0.269230769230769,5.72426933961267,0.0881182212710261,12
W:36_L:5_NM:11_T:-1.3,36,5,11.07,38.3476048795749,180,11,-1.3,0.043,-0.342,-0.263076923076923,5.68493267786921,0.0955291708739722,12
W:36_L:5_NM:11_T:-1.3,36,5,11.07,38.3476048795749,180,11,-1.3,0.043,-0.335,-0.257692307692308,5.63849175889081,0.104798248954355,12
W:36_L:5_NM:11_T:-1.3,36,5,11.07,38.3476048795749,180,11,-1.3,0.043,-0.327,-0.251538461538462,5.53252939951378,0.125497053390976,12
W:36_L:5_NM:11_T:-1.3,36,5,11.07,38.3476048795749,180,11,-1.3,0.043,-0.32,-0.246153846153846,5.21923028295735,0.175022603348098,12
W:36_L:5_NM:11_T:-1.3,36,5,11.07,38.3476048795749,180,11,-1.3,0.043,-0.312,-0.24,3.67884320167503,0.135329550954288,12
W:36_L:5_NM:11_T:-1.3,36,5,11.07,38.3476048795749,180,11,-1.3,0.043,-0.305,-0.234615384615385,1.98018891248159,0.0261157659930128,12
W:36_L:5_NM:11_T:-1.3,36,5,11.07,38.3476048795749,180,11,-1.3,0.043,-0.297,-0.228461538461538,1.98650216428989,0.0223024385001857,12
W:36_L:5_NM:11_T:-1.3,36,5,11.07,38.3476048795749,180,11,-1.3,0.043,-0.289,-0.222307692307692,1.98798832982556,0.0217838098124201,10
W:36_L:5_NM:11_T:-1.3,36,5,11.07,38.3476048795749,180,11,-1.3,0.043,-0.282,-0.216923076923077,1.98861143868298,0.0217305815511795,6
W:36_L:5_NM:11_T:-1.3,36,5,11.07,38.3476048795749,180,11,-1.3,0.043,-0.274,-0.210769230769231,1.98861228479234,0.0219052253416433,4
W:36_L:5_NM:11_T:-1.3,36,5,11.07,38.3476048795749,180,11,-1.3,0.043,-0.267,-0.205384615384615,1.98773262041319,0.0222622727136133,4
W:36_L:5_NM:11_T:-1.3,36,5,11.07,38.3476048795749,180,11,-1.3,0.043,-0.259,-0.199230769230769,1.98562626782712,0.0228343116140468,4
W:36_L:5_NM:11_T:-1.3,36,5,11.07,38.3476048795749,180,11,-1.3,0.043,-0.252,-0.193846153846154,1.98206066830549,0.0235559694420089,4
W:36_L:5_NM:11_T:-1.3,36,5,11.07,38.3476048795749,180,11,-1.3,0.043,-0.244,-0.187692307692308,1.97489532409572,0.024712553789329,4
W:36_L:5_NM:11_T:-1.3,36,5,11.07,38.3476048795749,180,11,-1.3,0.043,-0.237,-0.182307692307692,1.96396327794641,0.0261832500769923,4
W:36_L:5_NM:11_T:-1.3,36,5,11.07,38.3476048795749,180,11,-1.3,0.043,-0.229,-0.176153846153846,1.94160250600979,0.0287895655489252,4
W:36_L:5_NM:11_T:-1.3,36,5,11.07,38.3476048795749,180,11,-1.3,0.043,-0.222,-0.170769230769231,1.90593897519012,0.0324905091139076,4
W:36_L:5_NM:11_T:-1.3,36,5,11.07,38.3476048795749,180,11,-1.3,0.043,-0.214,-0.164615384615385,1.82519572966063,0.040043134321571,4
W:36_L:5_NM:11_T:-1.3,36,5,11.07,38.3476048795749,180,11,-1.3,0.043,-0.207,-0.159230769230769,1.67993958858093,0.0524031144686795,4
W:36_L:5_NM:11_T:-1.3,36,5,11.07,38.3476048795749,180,11,-1.3,0.043,-0.199,-0.153076923076923,1.35287483186377,0.0774992984819213,4
W:36_L:5_NM:11_T:-1.3,36,5,11.07,38.3476048795749,180,11,-1.3,0.043,-0.192,-0.147692307692308,1.05322403042398,0.0960317053607844,4
W:36_L:5_NM:11_T:-1.3,36,5,11.07,38.3476048795749,180,11,-1.3,0.043,-0.184,-0.141538461538462,1.21142909379289,0.0776245997306785,4
W:36_L:5_NM:11_T:-1.3,36,5,11.07,38.3476048795749,180,11,-1.3,0.043,-0.177,-0.136153846153846,1.50137125502496,0.054298042683253,4
W:36_L:5_NM:11_T:-1.3,36,5,11.07,38.3476048795749,180,11,-1.3,0.043,-0.169,-0.13,1.70592234633321,0.039446273623191,4
W:36_L:5_NM:11_T:-1.3,36,5,11.07,38.3476048795749,180,11,-1.3,0.043,-0.162,-0.124615384615385,1.80266302419397,0.0329981447664922,4
W:36_L:5_NM:11_T:-1.3,36,5,11.07,38.3476048795749,180,11,-1.3,0.043,-0.154,-0.118461538461538,1.86498504756701,0.0291914948851528,4
W:36_L:5_NM:11_T:-1.3,36,5,11.07,38.3476048795749,180,11,-1.3,0.043,-0.147,-0.113076923076923,1.89733536136665,0.0273962282186972,4
W:36_L:5_NM:11_T:-1.3,36,5,11.07,38.3476048795749,180,11,-1.3,0.043,-0.139,-0.106923076923077,1.91966660467539,0.0263095245823103,4
W:36_L:5_NM:11_T:-1.3,36,5,11.07,38.3476048795749,180,11,-1.3,0.043,-0.132,-0.101538461538462,1.93111933152701,0.0258668687833612,4
W:36_L:5_NM:11_T:-1.3,36,5,11.07,38.3476048795749,180,11,-1.3,0.043,-0.124,-0.0953846153846154,1.93762099572709,0.0257561170871116,4
W:36_L:5_NM:11_T:-1.3,36,5,11.07,38.3476048795749,180,11,-1.3,0.043,-0.117,-0.09,1.93898735230891,0.025927063598471,4
W:36_L:5_NM:11_T:-1.3,36,5,11.07,38.3476048795749,180,11,-1.3,0.043,-0.109,-0.0838461538461539,1.93643185003409,0.0263862917867838,4
W:36_L:5_NM:11_T:-1.3,36,5,11.07,38.3476048795749,180,11,-1.3,0.043,-0.102,-0.0784615384615385,1.93084976009465,0.0270129477092009,4
W:36_L:5_NM:11_T:-1.3,36,5,11.07,38.3476048795749,180,11,-1.3,0.043,-0.094,-0.0723076923076923,1.92083576588797,0.0280351071853222,4
W:36_L:5_NM:11_T:-1.3,36,5,11.07,38.3476048795749,180,11,-1.3,0.043,-0.086,-0.0661538461538462,1.9067337566002,0.0294779226794347,4
W:36_L:5_NM:11_T:-1.3,36,5,11.07,38.3476048795749,180,11,-1.3,0.043,-0.079,-0.0607692307692308,1.89023621653035,0.0312612097137615,4
W:36_L:5_NM:11_T:-1.3,36,5,11.07,38.3476048795749,180,11,-1.3,0.043,-0.071,-0.0546153846153846,1.86600846925309,0.0341809839925287,4
W:36_L:5_NM:11_T:-1.3,36,5,11.07,38.3476048795749,180,11,-1.3,0.043,-0.064,-0.0492307692307692,1.83704039017036,0.0382194557184386,4
W:36_L:5_NM:11_T:-1.3,36,5,11.07,38.3476048795749,180,11,-1.3,0.043,-0.056,-0.0430769230769231,1.78652092702146,0.0467275982757441,4
W:36_L:5_NM:11_T:-1.3,36,5,11.07,38.3476048795749,180,11,-1.3,0.043,-0.049,-0.0376923076923077,1.70074746751801,0.0645716150900227,4
W:36_L:5_NM:11_T:-1.3,36,5,11.07,38.3476048795749,180,11,-1.3,0.043,-0.041,-0.0315384615384615,1.51206718044965,0.121769578984243,4
W:36_L:5_NM:11_T:-1.3,36,5,11.07,38.3476048795749,180,11,-1.3,0.043,-0.034,-0.0261538461538462,1.77722278013752,0.0944147859337693,4
W:36_L:5_NM:11_T:-1.3,36,5,11.07,38.3476048795749,180,11,-1.3,0.043,-0.026,-0.02,1.85191406814707,0.147314655106898,4
W:36_L:5_NM:11_T:-1.3,36,5,11.07,38.3476048795749,180,11,-1.3,0.043,-0.019,-0.0146153846153846,1.94367060515454,0.228163340110271,4
W:36_L:5_NM:11_T:-1.3,36,5,11.07,38.3476048795749,180,11,-1.3,0.043,-0.011,-0.00846153846153846,1.9933685144556,0.567975557543828,4
W:36_L:5_NM:11_T:-1.3,36,5,11.07,38.3476048795749,180,11,-1.3,0.043,-0.004,-0.00307692307692308,1.9999690798197,0.571478394510722,4
W:36_L:5_NM:11_T:-1.3,36,5,11.07,38.3476048795749,180,11,-1.3,0.043,0.004,0.00307692307692308,1.99996908492861,0.571478790433715,4
W:36_L:5_NM:11_T:-1.3,36,5,11.07,38.3476048795749,180,11,-1.3,0.043,0.011,0.00846153846153846,1.99336856255214,0.567975880900922,4
W:36_L:5_NM:11_T:-1.3,36,5,11.07,38.3476048795749,180,11,-1.3,0.043,0.019,0.0146153846153846,1.94367091799595,0.228163705999195,4
W:36_L:5_NM:11_T:-1.3,36,5,11.07,38.3476048795749,180,11,-1.3,0.043,0.026,0.02,1.85191412946169,0.147314938816721,4
W:36_L:5_NM:11_T:-1.3,36,5,11.07,38.3476048795749,180,11,-1.3,0.043,0.034,0.0261538461538462,1.77722339010223,0.0944147505186244,4
W:36_L:5_NM:11_T:-1.3,36,5,11.07,38.3476048795749,180,11,-1.3,0.043,0.041,0.0315384615384615,1.51206715557917,0.121769689978305,4
W:36_L:5_NM:11_T:-1.3,36,5,11.07,38.3476048795749,180,11,-1.3,0.043,0.049,0.0376923076923077,1.70074711609558,0.0645716956020252,4
W:36_L:5_NM:11_T:-1.3,36,5,11.07,38.3476048795749,180,11,-1.3,0.043,0.056,0.0430769230769231,1.78652075835853,0.0467276289232589,4
W:36_L:5_NM:11_T:-1.3,36,5,11.07,38.3476048795749,180,11,-1.3,0.043,0.064,0.0492307692307692,1.83704028819202,0.0382194704884438,4
W:36_L:5_NM:11_T:-1.3,36,5,11.07,38.3476048795749,180,11,-1.3,0.043,0.071,0.0546153846153846,1.86600839994886,0.0341809930312537,4
W:36_L:5_NM:11_T:-1.3,36,5,11.07,38.3476048795749,180,11,-1.3,0.043,0.079,0.0607692307692308,1.89023617444097,0.0312612146932945,4
W:36_L:5_NM:11_T:-1.3,36,5,11.07,38.3476048795749,180,11,-1.3,0.043,0.086,0.0661538461538462,1.90673371740294,0.0294779269824555,4
W:36_L:5_NM:11_T:-1.3,36,5,11.07,38.3476048795749,180,11,-1.3,0.043,0.094,0.0723076923076923,1.92083573877898,0.0280351098813963,4
W:36_L:5_NM:11_T:-1.3,36,5,11.07,38.3476048795749,180,11,-1.3,0.043,0.102,0.0784615384615385,1.93084974221675,0.0270129496054462,4
W:36_L:5_NM:11_T:-1.3,36,5,11.07,38.3476048795749,180,11,-1.3,0.043,0.109,0.0838461538461539,1.93643183279437,0.0263862932518046,4
W:36_L:5_NM:11_T:-1.3,36,5,11.07,38.3476048795749,180,11,-1.3,0.043,0.117,0.09,1.93898734622432,0.0259270651653596,4
W:36_L:5_NM:11_T:-1.3,36,5,11.07,38.3476048795749,180,11,-1.3,0.043,0.124,0.0953846153846154,1.93762100301626,0.0257561172595868,4
W:36_L:5_NM:11_T:-1.3,36,5,11.07,38.3476048795749,180,11,-1.3,0.043,0.132,0.101538461538462,1.93111934884187,0.025866867976593,4
W:36_L:5_NM:11_T:-1.3,36,5,11.07,38.3476048795749,180,11,-1.3,0.043,0.139,0.106923076923077,1.91966664115941,0.0263095227118758,4
W:36_L:5_NM:11_T:-1.3,36,5,11.07,38.3476048795749,180,11,-1.3,0.043,0.147,0.113076923076923,1.89733542455098,0.0273962245439391,4
W:36_L:5_NM:11_T:-1.3,36,5,11.07,38.3476048795749,180,11,-1.3,0.043,0.154,0.118461538461538,1.86498514494361,0.0291914891662112,4
W:36_L:5_NM:11_T:-1.3,36,5,11.07,38.3476048795749,180,11,-1.3,0.043,0.162,0.124615384615385,1.80266319744463,0.0329981338019137,4
W:36_L:5_NM:11_T:-1.3,36,5,11.07,38.3476048795749,180,11,-1.3,0.043,0.169,0.13,1.7059226509693,0.0394462529080531,4
W:36_L:5_NM:11_T:-1.3,36,5,11.07,38.3476048795749,180,11,-1.3,0.043,0.177,0.136153846153846,1.50137185448145,0.0542979978121666,4
W:36_L:5_NM:11_T:-1.3,36,5,11.07,38.3476048795749,180,11,-1.3,0.043,0.184,0.141538461538462,1.21142981957745,0.0776245385722195,4
W:36_L:5_NM:11_T:-1.3,36,5,11.07,38.3476048795749,180,11,-1.3,0.043,0.192,0.147692307692308,1.05322372411279,0.0960317133881209,4
W:36_L:5_NM:11_T:-1.3,36,5,11.07,38.3476048795749,180,11,-1.3,0.043,0.199,0.153076923076923,1.3528739882288,0.0774993582235738,4
W:36_L:5_NM:11_T:-1.3,36,5,11.07,38.3476048795749,180,11,-1.3,0.043,0.207,0.159230769230769,1.67993909096662,0.0524031543981948,4
W:36_L:5_NM:11_T:-1.3,36,5,11.07,38.3476048795749,180,11,-1.3,0.043,0.214,0.164615384615385,1.82519548919881,0.040043155394498,4
W:36_L:5_NM:11_T:-1.3,36,5,11.07,38.3476048795749,180,11,-1.3,0.043,0.222,0.170769230769231,1.90593885999245,0.0324905205025937,4
W:36_L:5_NM:11_T:-1.3,36,5,11.07,38.3476048795749,180,11,-1.3,0.043,0.229,0.176153846153846,1.94160244094561,0.0287895730737371,4
W:36_L:5_NM:11_T:-1.3,36,5,11.07,38.3476048795749,180,11,-1.3,0.043,0.237,0.182307692307692,1.96396324481684,0.0261832540526217,4
W:36_L:5_NM:11_T:-1.3,36,5,11.07,38.3476048795749,180,11,-1.3,0.043,0.244,0.187692307692308,1.97489530836226,0.0247125560894207,4
W:36_L:5_NM:11_T:-1.3,36,5,11.07,38.3476048795749,180,11,-1.3,0.043,0.252,0.193846153846154,1.98206065521258,0.0235559720508664,4
W:36_L:5_NM:11_T:-1.3,36,5,11.07,38.3476048795749,180,11,-1.3,0.043,0.259,0.199230769230769,1.9856262631912,0.0228343126749141,4
W:36_L:5_NM:11_T:-1.3,36,5,11.07,38.3476048795749,180,11,-1.3,0.043,0.267,0.205384615384615,1.98773261698267,0.0222622737927823,4
W:36_L:5_NM:11_T:-1.3,36,5,11.07,38.3476048795749,180,11,-1.3,0.043,0.274,0.210769230769231,1.9886122845626,0.0219052257051643,4
W:36_L:5_NM:11_T:-1.3,36,5,11.07,38.3476048795749,180,11,-1.3,0.043,0.282,0.216923076923077,1.98861143769147,0.0217305820145346,6
W:36_L:5_NM:11_T:-1.3,36,5,11.07,38.3476048795749,180,11,-1.3,0.043,0.289,0.222307692307692,1.98798833447329,0.0217838086696932,10
W:36_L:5_NM:11_T:-1.3,36,5,11.07,38.3476048795749,180,11,-1.3,0.043,0.297,0.228461538461538,1.98650216213015,0.0223024372084903,12
W:36_L:5_NM:11_T:-1.3,36,5,11.07,38.3476048795749,180,11,-1.3,0.043,0.305,0.234615384615385,1.98018896379459,0.0261157347407821,12
W:36_L:5_NM:11_T:-1.3,36,5,11.07,38.3476048795749,180,11,-1.3,0.043,0.312,0.24,3.67884287582867,0.135328497688435,12
W:36_L:5_NM:11_T:-1.3,36,5,11.07,38.3476048795749,180,11,-1.3,0.043,0.32,0.246153846153846,5.21923733327981,0.17502184884419,12
W:36_L:5_NM:11_T:-1.3,36,5,11.07,38.3476048795749,180,11,-1.3,0.043,0.327,0.251538461538462,5.53252915291365,0.125497103721307,12
W:36_L:5_NM:11_T:-1.3,36,5,11.07,38.3476048795749,180,11,-1.3,0.043,0.335,0.257692307692308,5.63849156974463,0.104798285614168,12
W:36_L:5_NM:11_T:-1.3,36,5,11.07,38.3476048795749,180,11,-1.3,0.043,0.342,0.263076923076923,5.68493253685363,0.0955291995947339,12
W:36_L:5_NM:11_T:-1.3,36,5,11.07,38.3476048795749,180,11,-1.3,0.043,0.35,0.269230769230769,5.72426927597262,0.0881182330572148,12
W:36_L:5_NM:11_T:-1.3,36,5,11.07,38.3476048795749,180,11,-1.3,0.043,0.357,0.274615384615385,5.74825015694897,0.08374963002579,12
W:36_L:5_NM:11_T:-1.3,36,5,11.07,38.3476048795749,180,11,-1.3,0.043,0.365,0.280769230769231,5.77002869661317,0.0798443533378205,12
W:36_L:5_NM:11_T:-1.3,36,5,11.07,38.3476048795749,180,11,-1.3,0.043,0.372,0.286153846153846,5.78473440737572,0.077196605749176,12
W:36_L:5_NM:11_T:-1.3,36,5,11.07,38.3476048795749,180,11,-1.3,0.043,0.38,0.292307692307692,5.79767898191818,0.074714390845117,12
W:36_L:5_NM:11_T:-1.3,36,5,11.07,38.3476048795749,180,11,-1.3,0.043,0.387,0.297692307692308,5.80613774629005,0.0728773508130192,12
W:36_L:5_NM:11_T:-1.3,36,5,11.07,38.3476048795749,180,11,-1.3,0.043,0.395,0.303846153846154,5.81297965352541,0.0711721069853287,12
W:36_L:5_NM:11_T:-1.3,36,5,11.07,38.3476048795749,180,11,-1.3,0.043,0.402,0.309230769230769,5.81696558764418,0.0698706115075903,12
W:36_L:5_NM:11_T:-1.3,36,5,11.07,38.3476048795749,180,11,-1.3,0.043,0.41,0.315384615384615,5.81956142339769,0.0686193602761443,12
W:36_L:5_NM:11_T:-1.3,36,5,11.07,38.3476048795749,180,11,-1.3,0.043,0.417,0.320769230769231,5.82057513017869,0.0676639156002494,12
W:36_L:5_NM:11_T:-1.3,36,5,11.07,38.3476048795749,180,11,-1.3,0.043,0.425,0.326923076923077,5.82070910854238,0.0666998203863683,12
W:36_L:5_NM:11_T:-1.3,36,5,11.07,38.3476048795749,180,11,-1.3,0.043,0.432,0.332307692307692,5.82002397662,0.0659851079444689,12
W:36_L:5_NM:11_T:-1.3,36,5,11.07,38.3476048795749,180,11,-1.3,0.043,0.44,0.338461538461538,5.81880050659453,0.0652840708512893,12
W:36_L:5_NM:11_T:-1.3,36,5,11.07,38.3476048795749,180,11,-1.3,0.043,0.447,0.343846153846154,5.8175113716458,0.064759127057525,12
W:36_L:5_NM:11_T:-1.3,36,5,11.07,38.3476048795749,180,11,-1.3,0.043,0.455,0.35,5.81604598273681,0.0642459669811482,12
W:36_L:5_NM:11_T:-1.3,36,5,11.07,38.3476048795749,180,11,-1.3,0.043,0.462,0.355384615384615,5.81486263105308,0.0639081625619135,12
W:36_L:5_NM:11_T:-1.3,36,5,11.07,38.3476048795749,180,11,-1.3,0.043,0.47,0.361538461538462,5.81371488133279,0.0636255612513966,12
W:36_L:5_NM:11_T:-1.3,36,5,11.07,38.3476048795749,180,11,-1.3,0.043,0.477,0.366923076923077,5.81297499544531,0.06349505721526,12
W:36_L:5_NM:11_T:-1.3,36,5,11.07,38.3476048795749,180,11,-1.3,0.043,0.485,0.373076923076923,5.81230310913584,0.0635352886388678,12
W:36_L:5_NM:11_T:-1.3,36,5,11.07,38.3476048795749,180,11,-1.3,0.043,0.492,0.378461538461538,5.81169120955144,0.0638459850812338,12
W:36_L:5_NM:11_T:-1.3,36,5,11.07,38.3476048795749,180,11,-1.3,0.043,0.5,0.384615384615385,5.81010128954544,0.0649832105336293,14
W:36_L:5_NM:11_T:-1.3,36,5,11.07,38.3476048795749,180,11,-1.3,0.043,0.508,0.390769230769231,5.80356663537239,0.0703721554488229,18
W:36_L:5_NM:11_T:-1.3,36,5,11.07,38.3476048795749,180,11,-1.3,0.043,0.515,0.396153846153846,5.88100565607551,0.229240598370826,20
W:36_L:5_NM:11_T:-1.3,36,5,11.07,38.3476048795749,180,11,-1.3,0.043,0.523,0.402307692307692,6.70781117849105,0.37018185639444,20
W:36_L:5_NM:11_T:-1.3,36,5,11.07,38.3476048795749,180,11,-1.3,0.043,0.53,0.407692307692308,8.96417390025338,0.186963152865509,20
W:36_L:5_NM:11_T:-1.3,36,5,11.07,38.3476048795749,180,11,-1.3,0.043,0.538,0.413846153846154,9.18158882568752,0.160861971643357,20
W:36_L:5_NM:11_T:-1.3,36,5,11.07,38.3476048795749,180,11,-1.3,0.043,0.545,0.419230769230769,9.28157311792886,0.14914797180211,20
W:36_L:5_NM:11_T:-1.3,36,5,11.07,38.3476048795749,180,11,-1.3,0.043,0.553,0.425384615384615,9.35332289488958,0.141142516224531,20
W:36_L:5_NM:11_T:-1.3,36,5,11.07,38.3476048795749,180,11,-1.3,0.043,0.56,0.430769230769231,9.40068464317811,0.136073951459163,20
W:36_L:5_NM:11_T:-1.3,36,5,11.07,38.3476048795749,180,11,-1.3,0.043,0.568,0.436923076923077,9.44179912876752,0.131712527400891,20
W:36_L:5_NM:11_T:-1.3,36,5,11.07,38.3476048795749,180,11,-1.3,0.043,0.575,0.442307692307692,9.46845632591319,0.128780932318495,20
W:36_L:5_NM:11_T:-1.3,36,5,11.07,38.3476048795749,180,11,-1.3,0.043,0.583,0.448461538461538,9.49026298251415,0.126128241351184,20
W:36_L:5_NM:11_T:-1.3,36,5,11.07,38.3476048795749,180,11,-1.3,0.043,0.59,0.453846153846154,9.5034441343065,0.124152366099546,20
W:36_L:5_NM:11_T:-1.3,36,5,11.07,38.3476048795749,180,11,-1.3,0.043,0.598,0.46,9.51160153990289,0.122304591309933,20
W:36_L:5_NM:11_T:-1.3,36,5,11.07,38.3476048795749,180,11,-1.3,0.043,0.605,0.465384615384615,9.51373872993789,0.120928808211408,20
W:36_L:5_NM:11_T:-1.3,36,5,11.07,38.3476048795749,180,11,-1.3,0.043,0.613,0.471538461538462,9.51071880093111,0.119640592247338,20
W:36_L:5_NM:11_T:-1.3,36,5,11.07,38.3476048795749,180,11,-1.3,0.043,0.62,0.476923076923077,9.50404228560654,0.118739087880314,20
W:36_L:5_NM:11_T:-1.3,36,5,11.07,38.3476048795749,180,11,-1.3,0.043,0.628,0.483076923076923,9.49226856658186,0.118002192339279,20
W:36_L:5_NM:11_T:-1.3,36,5,11.07,38.3476048795749,180,11,-1.3,0.043,0.635,0.488461538461538,9.47860148867976,0.117690574322194,20
W:36_L:5_NM:11_T:-1.3,36,5,11.07,38.3476048795749,180,11,-1.3,0.043,0.643,0.494615384615385,9.45960839692545,0.11789438352836,20
W:36_L:5_NM:11_T:-1.3,36,5,11.07,38.3476048795749,180,11,-1.3,0.043,0.65,0.5,9.43959337318694,0.118906536115607,20
W:36_L:5_NM:11_T:-1.3,36,5,11.07,38.3476048795749,180,11,-1.3,0.043,0.658,0.506153846153846,9.40977905316827,0.122090971759707,20
W:36_L:5_NM:11_T:-1.3,36,5,11.07,38.3476048795749,180,11,-1.3,0.043,0.665,0.511538461538462,9.36690110141622,0.129725443387909,20
W:36_L:5_NM:11_T:-1.3,36,5,11.07,38.3476048795749,180,11,-1.3,0.043,0.673,0.517692307692308,9.21490035090296,0.164588514222985,20
W:36_L:5_NM:11_T:-1.3,36,5,11.07,38.3476048795749,180,11,-1.3,0.043,0.68,0.523076923076923,8.52453422119672,0.298243804170339,20
W:36_L:5_NM:11_T:-1.3,36,5,11.07,38.3476048795749,180,11,-1.3,0.043,0.688,0.529230769230769,9.09541111139718,0.149436198553404,20
W:36_L:5_NM:11_T:-1.3,36,5,11.07,38.3476048795749,180,11,-1.3,0.043,0.695,0.534615384615385,9.18642469443893,0.133913402398206,24
W:36_L:5_NM:11_T:-1.3,36,5,11.07,38.3476048795749,180,11,-1.3,0.043,0.703,0.540769230769231,8.70652387915344,0.27347611220962,26
W:36_L:5_NM:11_T:-1.3,36,5,11.07,38.3476048795749,180,11,-1.3,0.043,0.711,0.546923076923077,10.2566481086155,0.208021906580819,28
W:36_L:5_NM:11_T:-1.3,36,5,11.07,38.3476048795749,180,11,-1.3,0.043,0.718,0.552307692307692,11.0767453741455,0.209707911618081,28
W:36_L:5_NM:11_T:-1.3,36,5,11.07,38.3476048795749,180,11,-1.3,0.043,0.726,0.558461538461539,11.6351702707725,0.205489218475558,28
W:36_L:5_NM:11_T:-1.3,36,5,11.07,38.3476048795749,180,11,-1.3,0.043,0.733,0.563846153846154,11.9332517485053,0.201022155175892,28
W:36_L:5_NM:11_T:-1.3,36,5,11.07,38.3476048795749,180,11,-1.3,0.043,0.741,0.57,12.1564015105869,0.196197347502956,28
W:36_L:5_NM:11_T:-1.3,36,5,11.07,38.3476048795749,180,11,-1.3,0.043,0.748,0.575384615384615,12.2901646337539,0.19224179844732,28
W:36_L:5_NM:11_T:-1.3,36,5,11.07,38.3476048795749,180,11,-1.3,0.043,0.756,0.581538461538462,12.3897391056754,0.188354503752705,28
W:36_L:5_NM:11_T:-1.3,36,5,11.07,38.3476048795749,180,11,-1.3,0.043,0.763,0.586923076923077,12.4470717753806,0.185430758324027,28
W:36_L:5_NM:11_T:-1.3,36,5,11.07,38.3476048795749,180,11,-1.3,0.043,0.771,0.593076923076923,12.4856261485372,0.182697732352026,28
W:36_L:5_NM:11_T:-1.3,36,5,11.07,38.3476048795749,180,11,-1.3,0.043,0.778,0.598461538461539,12.5007285455468,0.180810188346835,28
W:36_L:5_NM:11_T:-1.3,36,5,11.07,38.3476048795749,180,11,-1.3,0.043,0.786,0.604615384615385,12.5003063817083,0.17917760997434,28
W:36_L:5_NM:11_T:-1.3,36,5,11.07,38.3476048795749,180,11,-1.3,0.043,0.793,0.61,12.4854993496446,0.178195931283855,28
W:36_L:5_NM:11_T:-1.3,36,5,11.07,38.3476048795749,180,11,-1.3,0.043,0.801,0.616153846153846,12.4524398220268,0.17757050437102,28
W:36_L:5_NM:11_T:-1.3,36,5,11.07,38.3476048795749,180,11,-1.3,0.043,0.808,0.621538461538462,12.408516496088,0.177482425007291,28
W:36_L:5_NM:11_T:-1.3,36,5,11.07,38.3476048795749,180,11,-1.3,0.043,0.816,0.627692307692308,12.339813033019,0.177995411543964,28
W:36_L:5_NM:11_T:-1.3,36,5,11.07,38.3476048795749,180,11,-1.3,0.043,0.823,0.633076923076923,12.2610675415547,0.17906726038856,28
W:36_L:5_NM:11_T:-1.3,36,5,11.07,38.3476048795749,180,11,-1.3,0.043,0.831,0.639230769230769,12.1495760866875,0.181234685352642,28
W:36_L:5_NM:11_T:-1.3,36,5,11.07,38.3476048795749,180,11,-1.3,0.043,0.838,0.644615384615385,12.0373293428532,0.184054235091465,28
W:36_L:5_NM:11_T:-1.3,36,5,11.07,38.3476048795749,180,11,-1.3,0.043,0.846,0.650769230769231,11.9227449021683,0.188072486290265,28
W:36_L:5_NM:11_T:-1.3,36,5,11.07,38.3476048795749,180,11,-1.3,0.043,0.853,0.656153846153846,11.9012234488863,0.190898349291267,28
W:36_L:5_NM:11_T:-1.3,36,5,11.07,38.3476048795749,180,11,-1.3,0.043,0.861,0.662307692307692,12.0446531980105,0.191432315746905,28
W:36_L:5_NM:11_T:-1.3,36,5,11.07,38.3476048795749,180,11,-1.3,0.043,0.868,0.667692307692308,12.2039928863685,0.196477619834524,32
W:36_L:5_NM:11_T:-1.3,36,5,11.07,38.3476048795749,180,11,-1.3,0.043,0.876,0.673846153846154,12.2220550598974,0.324038873301923,36
W:36_L:5_NM:11_T:-1.3,36,5,11.07,38.3476048795749,180,11,-1.3,0.043,0.883,0.679230769230769,13.2344592379968,0.266416696378106,36
W:36_L:5_NM:11_T:-1.3,36,5,11.07,38.3476048795749,180,11,-1.3,0.043,0.891,0.685384615384615,14.1682619272926,0.259592255989959,36
W:36_L:5_NM:11_T:-1.3,36,5,11.07,38.3476048795749,180,11,-1.3,0.043,0.898,0.690769230769231,14.4421103462383,0.252740826111229,36
W:36_L:5_NM:11_T:-1.3,36,5,11.07,38.3476048795749,180,11,-1.3,0.043,0.906,0.696923076923077,14.6561937034989,0.247821807739651,36
W:36_L:5_NM:11_T:-1.3,36,5,11.07,38.3476048795749,180,11,-1.3,0.043,0.914,0.703076923076923,14.8241661971795,0.24418614936549,36
W:36_L:5_NM:11_T:-1.3,36,5,11.07,38.3476048795749,180,11,-1.3,0.043,0.921,0.708461538461539,14.9469008888803,0.241405051248858,36
W:36_L:5_NM:11_T:-1.3,36,5,11.07,38.3476048795749,180,11,-1.3,0.043,0.929,0.714615384615385,15.0641509038667,0.238486088654952,36
W:36_L:5_NM:11_T:-1.3,36,5,11.07,38.3476048795749,180,11,-1.3,0.043,0.936,0.72,15.1505258550538,0.236070100109852,36
W:36_L:5_NM:11_T:-1.3,36,5,11.07,38.3476048795749,180,11,-1.3,0.043,0.944,0.726153846153846,15.2301432026036,0.233613462674333,36
W:36_L:5_NM:11_T:-1.3,36,5,11.07,38.3476048795749,180,11,-1.3,0.043,0.951,0.731538461538462,15.283767178645,0.231869970162092,36
W:36_L:5_NM:11_T:-1.3,36,5,11.07,38.3476048795749,180,11,-1.3,0.043,0.959,0.737692307692308,15.3288567461905,0.230425763450136,36
W:36_L:5_NM:11_T:-1.3,36,5,11.07,38.3476048795749,180,11,-1.3,0.043,0.966,0.743076923076923,15.3544933442009,0.229769690160161,36
W:36_L:5_NM:11_T:-1.3,36,5,11.07,38.3476048795749,180,11,-1.3,0.043,0.974,0.749230769230769,15.3671131541954,0.229860241198661,36
W:36_L:5_NM:11_T:-1.3,36,5,11.07,38.3476048795749,180,11,-1.3,0.043,0.981,0.754615384615385,15.3628254796045,0.230911203071827,36
W:36_L:5_NM:11_T:-1.3,36,5,11.07,38.3476048795749,180,11,-1.3,0.043,0.989,0.760769230769231,15.3318095593199,0.233769064316993,36
W:36_L:5_NM:11_T:-1.3,36,5,11.07,38.3476048795749,180,11,-1.3,0.043,0.996,0.766153846153846,15.2702529897495,0.238847911950248,36
W:36_L:5_NM:11_T:-1.3,36,5,11.07,38.3476048795749,180,11,-1.3,0.043,1.004,0.772307692307692,15.12242038529,0.251730621470741,36
W:36_L:5_NM:11_T:-1.3,36,5,11.07,38.3476048795749,180,11,-1.3,0.043,1.011,0.777692307692308,14.8415320856126,0.284045780385034,36
W:36_L:5_NM:11_T:-1.3,36,5,11.07,38.3476048795749,180,11,-1.3,0.043,1.019,0.783846153846154,14.7831601248566,0.405196662616616,40
W:36_L:5_NM:11_T:-1.3,36,5,11.07,38.3476048795749,180,11,-1.3,0.043,1.026,0.789230769230769,16.007553403135,0.358189488725874,44
W:36_L:5_NM:11_T:-1.3,36,5,11.07,38.3476048795749,180,11,-1.3,0.043,1.034,0.795384615384615,17.5275889939963,0.36222185824327,44
W:36_L:5_NM:11_T:-1.3,36,5,11.07,38.3476048795749,180,11,-1.3,0.043,1.041,0.800769230769231,17.885303795806,0.340001809775813,44
W:36_L:5_NM:11_T:-1.3,36,5,11.07,38.3476048795749,180,11,-1.3,0.043,1.049,0.806923076923077,18.097759617885,0.326966423862762,44
W:36_L:5_NM:11_T:-1.3,36,5,11.07,38.3476048795749,180,11,-1.3,0.043,1.056,0.812307692307692,18.2175955481864,0.319519640207881,44
W:36_L:5_NM:11_T:-1.3,36,5,11.07,38.3476048795749,180,11,-1.3,0.043,1.064,0.818461538461539,18.3112716241136,0.313558079866827,44
W:36_L:5_NM:11_T:-1.3,36,5,11.07,38.3476048795749,180,11,-1.3,0.043,1.071,0.823846153846154,18.3681404605604,0.309856571981688,44
W:36_L:5_NM:11_T:-1.3,36,5,11.07,38.3476048795749,180,11,-1.3,0.043,1.079,0.83,18.4064335731917,0.306998353886164,44
W:36_L:5_NM:11_T:-1.3,36,5,11.07,38.3476048795749,180,11,-1.3,0.043,1.086,0.835384615384615,18.4214609610028,0.305662195104897,44
W:36_L:5_NM:11_T:-1.3,36,5,11.07,38.3476048795749,180,11,-1.3,0.043,1.094,0.841538461538462,18.4132612489989,0.305617085618604,44
W:36_L:5_NM:11_T:-1.3,36,5,11.07,38.3476048795749,180,11,-1.3,0.043,1.102,0.847692307692308,18.3718543519691,0.307735205545161,44
W:36_L:5_NM:11_T:-1.3,36,5,11.07,38.3476048795749,180,11,-1.3,0.043,1.109,0.853076923076923,18.2966330456545,0.312418223312028,44
W:36_L:5_NM:11_T:-1.3,36,5,11.07,38.3476048795749,180,11,-1.3,0.043,1.117,0.859230769230769,18.133064733865,0.324155125997789,44
W:36_L:5_NM:11_T:-1.3,36,5,11.07,38.3476048795749,180,11,-1.3,0.043,1.124,0.864615384615385,17.8540051716642,0.347659464330666,44
W:36_L:5_NM:11_T:-1.3,36,5,11.07,38.3476048795749,180,11,-1.3,0.043,1.132,0.870769230769231,17.2386674727837,0.42031077672344,46
W:36_L:5_NM:11_T:-1.3,36,5,11.07,38.3476048795749,180,11,-1.3,0.043,1.139,0.876153846153846,17.3778757853834,0.465039557762491,50
W:36_L:5_NM:11_T:-1.3,36,5,11.07,38.3476048795749,180,11,-1.3,0.043,1.147,0.882307692307692,19.347346151121,0.432566545544837,52
W:36_L:5_NM:11_T:-1.3,36,5,11.07,38.3476048795749,180,11,-1.3,0.043,1.154,0.887692307692308,20.0785290589021,0.40770977345673,52
W:36_L:5_NM:11_T:-1.3,36,5,11.07,38.3476048795749,180,11,-1.3,0.043,1.162,0.893846153846154,20.3721045775234,0.396731200557689,52
W:36_L:5_NM:11_T:-1.3,36,5,11.07,38.3476048795749,180,11,-1.3,0.043,1.169,0.899230769230769,20.5108605724533,0.391141529725429,52
W:36_L:5_NM:11_T:-1.3,36,5,11.07,38.3476048795749,180,11,-1.3,0.043,1.177,0.905384615384615,20.6022640248667,0.387558241800689,52
W:36_L:5_NM:11_T:-1.3,36,5,11.07,38.3476048795749,180,11,-1.3,0.043,1.184,0.910769230769231,20.6427329329765,0.386570781041748,52
W:36_L:5_NM:11_T:-1.3,36,5,11.07,38.3476048795749,180,11,-1.3,0.043,1.192,0.916923076923077,20.6540034588323,0.387943129775705,52
W:36_L:5_NM:11_T:-1.3,36,5,11.07,38.3476048795749,180,11,-1.3,0.043,1.199,0.922307692307692,20.6387898043247,0.391709751799222,52
W:36_L:5_NM:11_T:-1.3,36,5,11.07,38.3476048795749,180,11,-1.3,0.043,1.207,0.928461538461538,20.6103353148017,0.39967609125931,52
W:36_L:5_NM:11_T:-1.3,36,5,11.07,38.3476048795749,180,11,-1.3,0.043,1.214,0.933846153846154,20.6097117620194,0.410582140500016,52
W:36_L:5_NM:11_T:-1.3,36,5,11.07,38.3476048795749,180,11,-1.3,0.043,1.222,0.94,20.7403811766061,0.43551434809843,56
W:36_L:5_NM:11_T:-1.3,36,5,11.07,38.3476048795749,180,11,-1.3,0.043,1.229,0.945384615384615,21.7910965732774,0.538715732650236,60
W:36_L:5_NM:11_T:-1.3,36,5,11.07,38.3476048795749,180,11,-1.3,0.043,1.237,0.951538461538462,23.2614217586326,0.519388990077965,60
W:36_L:5_NM:11_T:-1.3,36,5,11.07,38.3476048795749,180,11,-1.3,0.043,1.244,0.956923076923077,23.5325754953793,0.507460090696686,60
W:36_L:5_NM:11_T:-1.3,36,5,11.07,38.3476048795749,180,11,-1.3,0.043,1.252,0.963076923076923,23.6464296656831,0.506923849425916,60
W:36_L:5_NM:11_T:-1.3,36,5,11.07,38.3476048795749,180,11,-1.3,0.043,1.259,0.968461538461538,23.632550412182,0.516829667808039,60
W:36_L:5_NM:11_T:-1.3,36,5,11.07,38.3476048795749,180,11,-1.3,0.043,1.267,0.974615384615385,23.4501693584173,0.549281979551476,60
W:36_L:5_NM:11_T:-1.3,36,5,11.07,38.3476048795749,180,11,-1.3,0.043,1.274,0.98,23.220310956801,0.610529872791567,62
W:36_L:5_NM:11_T:-1.3,36,5,11.07,38.3476048795749,180,11,-1.3,0.043,1.282,0.986153846153846,24.1248964309701,0.602459859690748,68
W:36_L:5_NM:11_T:-1.3,36,5,11.07,38.3476048795749,180,11,-1.3,0.043,1.289,0.991538461538462,25.4083357279717,0.585896740134043,68
W:36_L:5_NM:11_T:-1.3,36,5,11.07,38.3476048795749,180,11,-1.3,0.043,1.297,0.997692307692308,25.7037571327996,0.613069455394386,72
W:36_L:5_NM:11_T:-1.3,36,5,11.07,38.3476048795749,180,11,-1.3,0.043,1.305,1.00384615384615,27.0841136546036,0.609340197239023,72
W:36_L:5_NM:11_T:-1.3,36,5,11.07,38.3476048795749,180,11,-1.3,0.043,1.312,1.00923076923077,27.4059741261998,0.597736274322632,72
W:36_L:5_NM:11_T:-1.3,36,5,11.07,38.3476048795749,180,11,-1.3,0.043,1.32,1.01538461538462,27.5660839460246,0.589222633371021,72
W:36_L:5_NM:11_T:-1.3,36,5,11.07,38.3476048795749,180,11,-1.3,0.043,1.327,1.02076923076923,27.5413680826872,0.584547582521872,72
W:36_L:5_NM:11_T:-1.3,36,5,11.07,38.3476048795749,180,11,-1.3,0.043,1.335,1.02692307692308,26.8054794214611,0.558566248202451,70
W:36_L:5_NM:11_T:-1.3,36,5,11.07,38.3476048795749,180,11,-1.3,0.043,1.342,1.03230769230769,26.9919111399208,0.517101852041043,68
W:36_L:5_NM:11_T:-1.3,36,5,11.07,38.3476048795749,180,11,-1.3,0.043,1.35,1.03846153846154,27.1361548376839,0.498781134340729,68
W:36_L:5_NM:11_T:-1.3,36,5,11.07,38.3476048795749,180,11,-1.3,0.043,1.357,1.04384615384615,27.2272059149908,0.490979993898272,68
W:36_L:5_NM:11_T:-1.3,36,5,11.07,38.3476048795749,180,11,-1.3,0.043,1.365,1.05,27.305303871073,0.487102740289903,68
W:36_L:5_NM:11_T:-1.3,36,5,11.07,38.3476048795749,180,11,-1.3,0.043,1.372,1.05538461538462,27.3537231960584,0.487058093554053,68
W:36_L:5_NM:11_T:-1.3,36,5,11.07,38.3476048795749,180,11,-1.3,0.043,1.38,1.06153846153846,27.3908439940611,0.490619672937605,68
W:36_L:5_NM:11_T:-1.3,36,5,11.07,38.3476048795749,180,11,-1.3,0.043,1.387,1.06692307692308,27.4055713455667,0.496051803392014,68
W:36_L:5_NM:11_T:-1.3,36,5,11.07,38.3476048795749,180,11,-1.3,0.043,1.395,1.07307692307692,27.4004012078217,0.50340167825887,68
W:36_L:5_NM:11_T:-1.3,36,5,11.07,38.3476048795749,180,11,-1.3,0.043,1.402,1.07846153846154,27.3782215843064,0.510006820579126,68
W:36_L:5_NM:11_T:-1.3,36,5,11.07,38.3476048795749,180,11,-1.3,0.043,1.41,1.08461538461538,27.3145676262089,0.517326425539933,68
W:36_L:5_NM:11_T:-1.3,36,5,11.07,38.3476048795749,180,11,-1.3,0.043,1.417,1.09,27.1583061952694,0.519105052892504,68
W:36_L:5_NM:11_T:-1.3,36,5,11.07,38.3476048795749,180,11,-1.3,0.043,1.425,1.09615384615385,26.4145636952832,0.486107126829204,68
W:36_L:5_NM:11_T:-1.3,36,5,11.07,38.3476048795749,180,11,-1.3,0.043,1.432,1.10153846153846,26.3894052015233,0.462845117965076,64
W:36_L:5_NM:11_T:-1.3,36,5,11.07,38.3476048795749,180,11,-1.3,0.043,1.44,1.10769230769231,26.4989941394987,0.437951182363991,64
W:36_L:5_NM:11_T:-1.3,36,5,11.07,38.3476048795749,180,11,-1.3,0.043,1.447,1.11307692307692,26.6555519370163,0.426380755090242,64
W:36_L:5_NM:11_T:-1.3,36,5,11.07,38.3476048795749,180,11,-1.3,0.043,1.455,1.11923076923077,26.8109281659144,0.42030649996532,64
W:36_L:5_NM:11_T:-1.3,36,5,11.07,38.3476048795749,180,11,-1.3,0.043,1.462,1.12461538461538,26.9093516883096,0.417575088188687,64
W:36_L:5_NM:11_T:-1.3,36,5,11.07,38.3476048795749,180,11,-1.3,0.043,1.47,1.13076923076923,26.9837420285895,0.415421581044194,64
W:36_L:5_NM:11_T:-1.3,36,5,11.07,38.3476048795749,180,11,-1.3,0.043,1.477,1.13615384615385,27.0188814596347,0.413780938621796,64
W:36_L:5_NM:11_T:-1.3,36,5,11.07,38.3476048795749,180,11,-1.3,0.043,1.485,1.14230769230769,27.0303902775467,0.412139676935255,64
W:36_L:5_NM:11_T:-1.3,36,5,11.07,38.3476048795749,180,11,-1.3,0.043,1.492,1.14769230769231,27.0248612190873,0.411207388307268,64
W:36_L:5_NM:11_T:-1.3,36,5,11.07,38.3476048795749,180,11,-1.3,0.043,1.5,1.15384615384615,27.0057279136293,0.411219876911253,64
W:36_L:9_NM:19_T:-1.3,36,9,20.91,38.3476048795749,324,19,-1.3,0.043,-1.5,-1.15384615384615,23.6304682971378,0.406508554570148,64
W:36_L:9_NM:19_T:-1.3,36,9,20.91,38.3476048795749,324,19,-1.3,0.043,-1.492,-1.14769230769231,23.6605273264028,0.406990903333416,64
W:36_L:9_NM:19_T:-1.3,36,9,20.91,38.3476048795749,324,19,-1.3,0.043,-1.485,-1.14230769230769,23.6774972709487,0.40868616774119,64
W:36_L:9_NM:19_T:-1.3,36,9,20.91,38.3476048795749,324,19,-1.3,0.043,-1.477,-1.13615384615385,23.6808478283724,0.411711031433411,64
W:36_L:9_NM:19_T:-1.3,36,9,20.91,38.3476048795749,324,19,-1.3,0.043,-1.47,-1.13076923076923,23.6559103493055,0.414946653229213,64
W:36_L:9_NM:19_T:-1.3,36,9,20.91,38.3476048795749,324,19,-1.3,0.043,-1.462,-1.12461538461538,23.5914716096424,0.419067291915847,64
W:36_L:9_NM:19_T:-1.3,36,9,20.91,38.3476048795749,324,19,-1.3,0.043,-1.455,-1.11923076923077,23.5019985315348,0.422976220454813,64
W:36_L:9_NM:19_T:-1.3,36,9,20.91,38.3476048795749,324,19,-1.3,0.043,-1.447,-1.11307692307692,23.3546945916258,0.428081362602954,64
W:36_L:9_NM:19_T:-1.3,36,9,20.91,38.3476048795749,324,19,-1.3,0.043,-1.44,-1.10769230769231,23.1985539719392,0.433994184665645,64
W:36_L:9_NM:19_T:-1.3,36,9,20.91,38.3476048795749,324,19,-1.3,0.043,-1.432,-1.10153846153846,23.0049774244172,0.444622554049508,64
W:36_L:9_NM:19_T:-1.3,36,9,20.91,38.3476048795749,324,19,-1.3,0.043,-1.425,-1.09615384615385,22.8630121147028,0.463045542916598,68
W:36_L:9_NM:19_T:-1.3,36,9,20.91,38.3476048795749,324,19,-1.3,0.043,-1.417,-1.09,23.2576560954717,0.499413609794943,68
W:36_L:9_NM:19_T:-1.3,36,9,20.91,38.3476048795749,324,19,-1.3,0.043,-1.41,-1.08461538461538,23.3424451917003,0.506044188897874,68
W:36_L:9_NM:19_T:-1.3,36,9,20.91,38.3476048795749,324,19,-1.3,0.043,-1.402,-1.07846153846154,23.4014906649245,0.50698030965245,68
W:36_L:9_NM:19_T:-1.3,36,9,20.91,38.3476048795749,324,19,-1.3,0.043,-1.395,-1.07307692307692,23.4412914390272,0.503488098440651,68
W:36_L:9_NM:19_T:-1.3,36,9,20.91,38.3476048795749,324,19,-1.3,0.043,-1.387,-1.06692307692308,23.457251888926,0.497567168217699,68
W:36_L:9_NM:19_T:-1.3,36,9,20.91,38.3476048795749,324,19,-1.3,0.043,-1.38,-1.06153846153846,23.4405352262728,0.493112614580338,68
W:36_L:9_NM:19_T:-1.3,36,9,20.91,38.3476048795749,324,19,-1.3,0.043,-1.372,-1.05538461538462,23.3808908541083,0.490292788075954,68
W:36_L:9_NM:19_T:-1.3,36,9,20.91,38.3476048795749,324,19,-1.3,0.043,-1.365,-1.05,23.3057512232403,0.490492718469576,68
W:36_L:9_NM:19_T:-1.3,36,9,20.91,38.3476048795749,324,19,-1.3,0.043,-1.357,-1.04384615384615,23.1849467138028,0.494217360626711,68
W:36_L:9_NM:19_T:-1.3,36,9,20.91,38.3476048795749,324,19,-1.3,0.043,-1.35,-1.03846153846154,23.0609185394128,0.501626338169156,68
W:36_L:9_NM:19_T:-1.3,36,9,20.91,38.3476048795749,324,19,-1.3,0.043,-1.342,-1.03230769230769,22.8885334378189,0.517782733940742,68
W:36_L:9_NM:19_T:-1.3,36,9,20.91,38.3476048795749,324,19,-1.3,0.043,-1.335,-1.02692307692308,22.7174876382403,0.547577344409447,70
W:36_L:9_NM:19_T:-1.3,36,9,20.91,38.3476048795749,324,19,-1.3,0.043,-1.327,-1.02076923076923,23.174375550361,0.591428392248719,72
W:36_L:9_NM:19_T:-1.3,36,9,20.91,38.3476048795749,324,19,-1.3,0.043,-1.32,-1.01538461538462,23.1528097743588,0.589937914010975,72
W:36_L:9_NM:19_T:-1.3,36,9,20.91,38.3476048795749,324,19,-1.3,0.043,-1.312,-1.00923076923077,22.9655338158878,0.587694044787878,72
W:36_L:9_NM:19_T:-1.3,36,9,20.91,38.3476048795749,324,19,-1.3,0.043,-1.305,-1.00384615384615,22.6573896951113,0.585959237260054,72
W:36_L:9_NM:19_T:-1.3,36,9,20.91,38.3476048795749,324,19,-1.3,0.043,-1.297,-0.997692307692308,21.8337211177463,0.579897790763311,72
W:36_L:9_NM:19_T:-1.3,36,9,20.91,38.3476048795749,324,19,-1.3,0.043,-1.289,-0.991538461538462,21.5347557596257,0.576037067113925,68
W:36_L:9_NM:19_T:-1.3,36,9,20.91,38.3476048795749,324,19,-1.3,0.043,-1.282,-0.986153846153846,20.6838841178144,0.552101590875582,68
W:36_L:9_NM:19_T:-1.3,36,9,20.91,38.3476048795749,324,19,-1.3,0.043,-1.274,-0.98,20.3415928851128,0.51712309595376,62
W:36_L:9_NM:19_T:-1.3,36,9,20.91,38.3476048795749,324,19,-1.3,0.043,-1.267,-0.974615384615385,20.2437646703171,0.508889657548132,60
W:36_L:9_NM:19_T:-1.3,36,9,20.91,38.3476048795749,324,19,-1.3,0.043,-1.259,-0.968461538461538,20.1104680780231,0.502719176164378,60
W:36_L:9_NM:19_T:-1.3,36,9,20.91,38.3476048795749,324,19,-1.3,0.043,-1.252,-0.963076923076923,19.9896841776054,0.497256062167291,60
W:36_L:9_NM:19_T:-1.3,36,9,20.91,38.3476048795749,324,19,-1.3,0.043,-1.244,-0.956923076923077,19.8435908181859,0.490899058607391,60
W:36_L:9_NM:19_T:-1.3,36,9,20.91,38.3476048795749,324,19,-1.3,0.043,-1.237,-0.951538461538462,19.6221622544482,0.486257279160768,60
W:36_L:9_NM:19_T:-1.3,36,9,20.91,38.3476048795749,324,19,-1.3,0.043,-1.229,-0.945384615384615,18.6889776414956,0.485709739978838,60
W:36_L:9_NM:19_T:-1.3,36,9,20.91,38.3476048795749,324,19,-1.3,0.043,-1.222,-0.94,17.7988643297993,0.472371429776718,56
W:36_L:9_NM:19_T:-1.3,36,9,20.91,38.3476048795749,324,19,-1.3,0.043,-1.214,-0.933846153846154,17.7894705341946,0.439114393144065,52
W:36_L:9_NM:19_T:-1.3,36,9,20.91,38.3476048795749,324,19,-1.3,0.043,-1.207,-0.928461538461538,17.8349105113166,0.428212904870683,52
W:36_L:9_NM:19_T:-1.3,36,9,20.91,38.3476048795749,324,19,-1.3,0.043,-1.199,-0.922307692307692,17.8519022441058,0.42339614098921,52
W:36_L:9_NM:19_T:-1.3,36,9,20.91,38.3476048795749,324,19,-1.3,0.043,-1.192,-0.916923076923077,17.8367004502627,0.422069467550811,52
W:36_L:9_NM:19_T:-1.3,36,9,20.91,38.3476048795749,324,19,-1.3,0.043,-1.184,-0.910769230769231,17.7880023506113,0.42146961168861,52
W:36_L:9_NM:19_T:-1.3,36,9,20.91,38.3476048795749,324,19,-1.3,0.043,-1.177,-0.905384615384615,17.7264489408844,0.420790537463319,52
W:36_L:9_NM:19_T:-1.3,36,9,20.91,38.3476048795749,324,19,-1.3,0.043,-1.169,-0.899230769230769,17.6325313153495,0.419159677823735,52
W:36_L:9_NM:19_T:-1.3,36,9,20.91,38.3476048795749,324,19,-1.3,0.043,-1.162,-0.893846153846154,17.5158119385105,0.416598701734913,52
W:36_L:9_NM:19_T:-1.3,36,9,20.91,38.3476048795749,324,19,-1.3,0.043,-1.154,-0.887692307692308,17.2960725912434,0.412771822645643,52
W:36_L:9_NM:19_T:-1.3,36,9,20.91,38.3476048795749,324,19,-1.3,0.043,-1.147,-0.882307692307692,16.7496290070348,0.409014409258877,52
W:36_L:9_NM:19_T:-1.3,36,9,20.91,38.3476048795749,324,19,-1.3,0.043,-1.139,-0.876153846153846,15.8444350354724,0.388063046481971,50
W:36_L:9_NM:19_T:-1.3,36,9,20.91,38.3476048795749,324,19,-1.3,0.043,-1.132,-0.870769230769231,15.6155695739858,0.378900673514796,46
W:36_L:9_NM:19_T:-1.3,36,9,20.91,38.3476048795749,324,19,-1.3,0.043,-1.124,-0.864615384615385,15.5268890343865,0.373794801553447,44
W:36_L:9_NM:19_T:-1.3,36,9,20.91,38.3476048795749,324,19,-1.3,0.043,-1.117,-0.859230769230769,15.5799355424182,0.364581200932174,44
W:36_L:9_NM:19_T:-1.3,36,9,20.91,38.3476048795749,324,19,-1.3,0.043,-1.109,-0.853076923076923,15.7267642236309,0.347097188949348,44
W:36_L:9_NM:19_T:-1.3,36,9,20.91,38.3476048795749,324,19,-1.3,0.043,-1.102,-0.847692307692308,15.8336233777817,0.334087004912328,44
W:36_L:9_NM:19_T:-1.3,36,9,20.91,38.3476048795749,324,19,-1.3,0.043,-1.094,-0.841538461538462,15.9004771955178,0.324038892127587,44
W:36_L:9_NM:19_T:-1.3,36,9,20.91,38.3476048795749,324,19,-1.3,0.043,-1.086,-0.835384615384615,15.9189570482498,0.317690016945581,44
W:36_L:9_NM:19_T:-1.3,36,9,20.91,38.3476048795749,324,19,-1.3,0.043,-1.079,-0.83,15.9059532041741,0.314180841495417,44
W:36_L:9_NM:19_T:-1.3,36,9,20.91,38.3476048795749,324,19,-1.3,0.043,-1.071,-0.823846153846154,15.8661479935631,0.311866841690063,44
W:36_L:9_NM:19_T:-1.3,36,9,20.91,38.3476048795749,324,19,-1.3,0.043,-1.064,-0.818461538461539,15.8100873005724,0.31104519699965,44
W:36_L:9_NM:19_T:-1.3,36,9,20.91,38.3476048795749,324,19,-1.3,0.043,-1.056,-0.812307692307692,15.7240511612089,0.311459082466469,44
W:36_L:9_NM:19_T:-1.3,36,9,20.91,38.3476048795749,324,19,-1.3,0.043,-1.049,-0.806923076923077,15.6227809886832,0.313106756008693,44
W:36_L:9_NM:19_T:-1.3,36,9,20.91,38.3476048795749,324,19,-1.3,0.043,-1.041,-0.800769230769231,15.4618219682752,0.317082973057474,44
W:36_L:9_NM:19_T:-1.3,36,9,20.91,38.3476048795749,324,19,-1.3,0.043,-1.034,-0.795384615384615,15.2183102684785,0.323933393040116,44
W:36_L:9_NM:19_T:-1.3,36,9,20.91,38.3476048795749,324,19,-1.3,0.043,-1.026,-0.789230769230769,14.1231304945831,0.355052648664632,44
W:36_L:9_NM:19_T:-1.3,36,9,20.91,38.3476048795749,324,19,-1.3,0.043,-1.019,-0.783846153846154,13.2584760965711,0.343833504432114,40
W:36_L:9_NM:19_T:-1.3,36,9,20.91,38.3476048795749,324,19,-1.3,0.043,-1.011,-0.777692307692308,12.6151845532914,0.324276961132225,36
W:36_L:9_NM:19_T:-1.3,36,9,20.91,38.3476048795749,324,19,-1.3,0.043,-1.004,-0.772307692307692,12.8095165279423,0.288092967335315,36
W:36_L:9_NM:19_T:-1.3,36,9,20.91,38.3476048795749,324,19,-1.3,0.043,-0.996,-0.766153846153846,13.123503791284,0.264468670549814,36
W:36_L:9_NM:19_T:-1.3,36,9,20.91,38.3476048795749,324,19,-1.3,0.043,-0.989,-0.760769230769231,13.357533227718,0.253391314796128,36
W:36_L:9_NM:19_T:-1.3,36,9,20.91,38.3476048795749,324,19,-1.3,0.043,-0.981,-0.754615384615385,13.5555094604752,0.246529069332672,36
W:36_L:9_NM:19_T:-1.3,36,9,20.91,38.3476048795749,324,19,-1.3,0.043,-0.974,-0.749230769230769,13.6757183685363,0.243302126026961,36
W:36_L:9_NM:19_T:-1.3,36,9,20.91,38.3476048795749,324,19,-1.3,0.043,-0.966,-0.743076923076923,13.7646788642813,0.24141714318237,36
W:36_L:9_NM:19_T:-1.3,36,9,20.91,38.3476048795749,324,19,-1.3,0.043,-0.959,-0.737692307692308,13.8069317684846,0.240766377194169,36
W:36_L:9_NM:19_T:-1.3,36,9,20.91,38.3476048795749,324,19,-1.3,0.043,-0.951,-0.731538461538462,13.8206464902995,0.240820300048514,36
W:36_L:9_NM:19_T:-1.3,36,9,20.91,38.3476048795749,324,19,-1.3,0.043,-0.944,-0.726153846153846,13.8061586206923,0.241404567952519,36
W:36_L:9_NM:19_T:-1.3,36,9,20.91,38.3476048795749,324,19,-1.3,0.043,-0.936,-0.72,13.7637786579436,0.24266972573155,36
W:36_L:9_NM:19_T:-1.3,36,9,20.91,38.3476048795749,324,19,-1.3,0.043,-0.929,-0.714615384615385,13.7047616149058,0.244260027509464,36
W:36_L:9_NM:19_T:-1.3,36,9,20.91,38.3476048795749,324,19,-1.3,0.043,-0.921,-0.708461538461539,13.6105626965766,0.246614739378512,36
W:36_L:9_NM:19_T:-1.3,36,9,20.91,38.3476048795749,324,19,-1.3,0.043,-0.914,-0.703076923076923,13.5038563777289,0.249315783336607,36
W:36_L:9_NM:19_T:-1.3,36,9,20.91,38.3476048795749,324,19,-1.3,0.043,-0.906,-0.696923076923077,13.3384623872931,0.253240161673642,36
W:36_L:9_NM:19_T:-1.3,36,9,20.91,38.3476048795749,324,19,-1.3,0.043,-0.898,-0.690769230769231,13.1091835955703,0.258578139080168,36
W:36_L:9_NM:19_T:-1.3,36,9,20.91,38.3476048795749,324,19,-1.3,0.043,-0.891,-0.685384615384615,12.7818527051858,0.265327519522631,36
W:36_L:9_NM:19_T:-1.3,36,9,20.91,38.3476048795749,324,19,-1.3,0.043,-0.883,-0.679230769230769,11.4915464044061,0.281011397252882,36
W:36_L:9_NM:19_T:-1.3,36,9,20.91,38.3476048795749,324,19,-1.3,0.043,-0.876,-0.673846153846154,10.9829007359094,0.319584373552096,36
W:36_L:9_NM:19_T:-1.3,36,9,20.91,38.3476048795749,324,19,-1.3,0.043,-0.868,-0.667692307692308,10.5889192225782,0.222370898734113,32
W:36_L:9_NM:19_T:-1.3,36,9,20.91,38.3476048795749,324,19,-1.3,0.043,-0.861,-0.662307692307692,10.6074918697647,0.200532009913007,28
W:36_L:9_NM:19_T:-1.3,36,9,20.91,38.3476048795749,324,19,-1.3,0.043,-0.853,-0.656153846153846,10.6394136817869,0.193339862940519,28
W:36_L:9_NM:19_T:-1.3,36,9,20.91,38.3476048795749,324,19,-1.3,0.043,-0.846,-0.650769230769231,10.7556639487579,0.188889935070428,28
W:36_L:9_NM:19_T:-1.3,36,9,20.91,38.3476048795749,324,19,-1.3,0.043,-0.838,-0.644615384615385,10.9598586237729,0.183848662730011,28
W:36_L:9_NM:19_T:-1.3,36,9,20.91,38.3476048795749,324,19,-1.3,0.043,-0.831,-0.639230769230769,11.1459217747947,0.180060962271719,28
W:36_L:9_NM:19_T:-1.3,36,9,20.91,38.3476048795749,324,19,-1.3,0.043,-0.823,-0.633076923076923,11.3318901199053,0.176961684955935,28
W:36_L:9_NM:19_T:-1.3,36,9,20.91,38.3476048795749,324,19,-1.3,0.043,-0.816,-0.627692307692308,11.464401120153,0.175315893228478,28
W:36_L:9_NM:19_T:-1.3,36,9,20.91,38.3476048795749,324,19,-1.3,0.043,-0.808,-0.621538461538462,11.586408264582,0.174457830036086,28
W:36_L:9_NM:19_T:-1.3,36,9,20.91,38.3476048795749,324,19,-1.3,0.043,-0.801,-0.616153846153846,11.6708505977993,0.174403757287134,28
W:36_L:9_NM:19_T:-1.3,36,9,20.91,38.3476048795749,324,19,-1.3,0.043,-0.793,-0.61,11.7479462971599,0.174992018448287,28
W:36_L:9_NM:19_T:-1.3,36,9,20.91,38.3476048795749,324,19,-1.3,0.043,-0.786,-0.604615384615385,11.8004719547129,0.175977225419096,28
W:36_L:9_NM:19_T:-1.3,36,9,20.91,38.3476048795749,324,19,-1.3,0.043,-0.778,-0.598461538461539,11.843420333359,0.177564543924896,28
W:36_L:9_NM:19_T:-1.3,36,9,20.91,38.3476048795749,324,19,-1.3,0.043,-0.771,-0.593076923076923,11.8672296766467,0.179349877642832,28
W:36_L:9_NM:19_T:-1.3,36,9,20.91,38.3476048795749,324,19,-1.3,0.043,-0.763,-0.586923076923077,11.8753911224515,0.181845529172997,28
W:36_L:9_NM:19_T:-1.3,36,9,20.91,38.3476048795749,324,19,-1.3,0.043,-0.756,-0.581538461538462,11.8628531558104,0.184484765182956,28
W:36_L:9_NM:19_T:-1.3,36,9,20.91,38.3476048795749,324,19,-1.3,0.043,-0.748,-0.575384615384615,11.8234305753221,0.188182357542451,28
W:36_L:9_NM:19_T:-1.3,36,9,20.91,38.3476048795749,324,19,-1.3,0.043,-0.741,-0.57,11.7521035141776,0.192243691501997,28
W:36_L:9_NM:19_T:-1.3,36,9,20.91,38.3476048795749,324,19,-1.3,0.043,-0.733,-0.563846153846154,11.6178633273234,0.198428550340846,28
W:36_L:9_NM:19_T:-1.3,36,9,20.91,38.3476048795749,324,19,-1.3,0.043,-0.726,-0.558461538461539,11.411542145991,0.206216898065519,28
W:36_L:9_NM:19_T:-1.3,36,9,20.91,38.3476048795749,324,19,-1.3,0.043,-0.718,-0.552307692307692,10.9304334926871,0.223173775596042,28
W:36_L:9_NM:19_T:-1.3,36,9,20.91,38.3476048795749,324,19,-1.3,0.043,-0.711,-0.546923076923077,9.17446453680842,0.3002126321722,28
W:36_L:9_NM:19_T:-1.3,36,9,20.91,38.3476048795749,324,19,-1.3,0.043,-0.703,-0.540769230769231,8.08150103506724,0.266801798276789,26
W:36_L:9_NM:19_T:-1.3,36,9,20.91,38.3476048795749,324,19,-1.3,0.043,-0.695,-0.534615384615385,8.056220725221,0.203603909085804,24
W:36_L:9_NM:19_T:-1.3,36,9,20.91,38.3476048795749,324,19,-1.3,0.043,-0.688,-0.529230769230769,8.49805165484058,0.161047382939768,20
W:36_L:9_NM:19_T:-1.3,36,9,20.91,38.3476048795749,324,19,-1.3,0.043,-0.68,-0.523076923076923,8.81830276154856,0.135138676342893,20
W:36_L:9_NM:19_T:-1.3,36,9,20.91,38.3476048795749,324,19,-1.3,0.043,-0.673,-0.517692307692308,8.92210217944015,0.125793999629974,20
W:36_L:9_NM:19_T:-1.3,36,9,20.91,38.3476048795749,324,19,-1.3,0.043,-0.665,-0.511538461538462,8.96852505206431,0.120511790412863,20
W:36_L:9_NM:19_T:-1.3,36,9,20.91,38.3476048795749,324,19,-1.3,0.043,-0.658,-0.506153846153846,8.98138001131144,0.117987544879432,20
W:36_L:9_NM:19_T:-1.3,36,9,20.91,38.3476048795749,324,19,-1.3,0.043,-0.65,-0.5,8.98277172021678,0.116354161260963,20
W:36_L:9_NM:19_T:-1.3,36,9,20.91,38.3476048795749,324,19,-1.3,0.043,-0.643,-0.494615384615385,8.97768414461128,0.115606704696925,20
W:36_L:9_NM:19_T:-1.3,36,9,20.91,38.3476048795749,324,19,-1.3,0.043,-0.635,-0.488461538461538,8.96871401895492,0.115300893631174,20
W:36_L:9_NM:19_T:-1.3,36,9,20.91,38.3476048795749,324,19,-1.3,0.043,-0.628,-0.483076923076923,8.96008345076356,0.115414654344739,20
W:36_L:9_NM:19_T:-1.3,36,9,20.91,38.3476048795749,324,19,-1.3,0.043,-0.62,-0.476923076923077,8.94946246261236,0.115912094433936,20
W:36_L:9_NM:19_T:-1.3,36,9,20.91,38.3476048795749,324,19,-1.3,0.043,-0.613,-0.471538461538462,8.94064833257183,0.116653532227929,20
W:36_L:9_NM:19_T:-1.3,36,9,20.91,38.3476048795749,324,19,-1.3,0.043,-0.605,-0.465384615384615,8.93091715957067,0.117843529179725,20
W:36_L:9_NM:19_T:-1.3,36,9,20.91,38.3476048795749,324,19,-1.3,0.043,-0.598,-0.46,8.92091459842648,0.119194755414173,20
W:36_L:9_NM:19_T:-1.3,36,9,20.91,38.3476048795749,324,19,-1.3,0.043,-0.59,-0.453846153846154,8.90830758270293,0.121124445918784,20
W:36_L:9_NM:19_T:-1.3,36,9,20.91,38.3476048795749,324,19,-1.3,0.043,-0.583,-0.448461538461538,8.89225478955642,0.123183616319619,20
W:36_L:9_NM:19_T:-1.3,36,9,20.91,38.3476048795749,324,19,-1.3,0.043,-0.575,-0.442307692307692,8.86922278722014,0.126036864614833,20
W:36_L:9_NM:19_T:-1.3,36,9,20.91,38.3476048795749,324,19,-1.3,0.043,-0.568,-0.436923076923077,8.83931458499055,0.129128513763748,20
W:36_L:9_NM:19_T:-1.3,36,9,20.91,38.3476048795749,324,19,-1.3,0.043,-0.56,-0.430769230769231,8.78643867056691,0.133481434228654,20
W:36_L:9_NM:19_T:-1.3,36,9,20.91,38.3476048795749,324,19,-1.3,0.043,-0.553,-0.425384615384615,8.71866760774404,0.138337947564489,20
W:36_L:9_NM:19_T:-1.3,36,9,20.91,38.3476048795749,324,19,-1.3,0.043,-0.545,-0.419230769230769,8.6049188214855,0.145684272128506,20
W:36_L:9_NM:19_T:-1.3,36,9,20.91,38.3476048795749,324,19,-1.3,0.043,-0.538,-0.413846153846154,8.43050875767645,0.155353878976624,20
W:36_L:9_NM:19_T:-1.3,36,9,20.91,38.3476048795749,324,19,-1.3,0.043,-0.53,-0.407692307692308,8.05495452158239,0.174887840177616,20
W:36_L:9_NM:19_T:-1.3,36,9,20.91,38.3476048795749,324,19,-1.3,0.043,-0.523,-0.402307692307692,6.48157401534854,0.210190612078449,20
W:36_L:9_NM:19_T:-1.3,36,9,20.91,38.3476048795749,324,19,-1.3,0.043,-0.515,-0.396153846153846,5.09966297206822,0.210423439403197,20
W:36_L:9_NM:19_T:-1.3,36,9,20.91,38.3476048795749,324,19,-1.3,0.043,-0.508,-0.390769230769231,4.97281464440316,0.217864058258286,18
W:36_L:9_NM:19_T:-1.3,36,9,20.91,38.3476048795749,324,19,-1.3,0.043,-0.5,-0.384615384615385,5.3009038902604,0.0883595424355079,14
W:36_L:9_NM:19_T:-1.3,36,9,20.91,38.3476048795749,324,19,-1.3,0.043,-0.492,-0.378461538461538,5.42394479101751,0.0699526493833381,12
W:36_L:9_NM:19_T:-1.3,36,9,20.91,38.3476048795749,324,19,-1.3,0.043,-0.485,-0.373076923076923,5.45884725609761,0.0661671330168243,12
W:36_L:9_NM:19_T:-1.3,36,9,20.91,38.3476048795749,324,19,-1.3,0.043,-0.477,-0.366923076923077,5.4807943660362,0.0644095354288395,12
W:36_L:9_NM:19_T:-1.3,36,9,20.91,38.3476048795749,324,19,-1.3,0.043,-0.47,-0.361538461538462,5.49356840922394,0.0637018805980123,12
W:36_L:9_NM:19_T:-1.3,36,9,20.91,38.3476048795749,324,19,-1.3,0.043,-0.462,-0.355384615384615,5.50509956800469,0.063355100868262,12
W:36_L:9_NM:19_T:-1.3,36,9,20.91,38.3476048795749,324,19,-1.3,0.043,-0.455,-0.35,5.51336131127072,0.063291379924441,12
W:36_L:9_NM:19_T:-1.3,36,9,20.91,38.3476048795749,324,19,-1.3,0.043,-0.447,-0.343846153846154,5.52094493254187,0.0634137222465962,12
W:36_L:9_NM:19_T:-1.3,36,9,20.91,38.3476048795749,324,19,-1.3,0.043,-0.44,-0.338461538461538,5.52707292598837,0.0636555130141618,12
W:36_L:9_NM:19_T:-1.3,36,9,20.91,38.3476048795749,324,19,-1.3,0.043,-0.432,-0.332307692307692,5.53310822146288,0.0640628219232861,12
W:36_L:9_NM:19_T:-1.3,36,9,20.91,38.3476048795749,324,19,-1.3,0.043,-0.425,-0.326923076923077,5.5378217076108,0.0645376723934626,12
W:36_L:9_NM:19_T:-1.3,36,9,20.91,38.3476048795749,324,19,-1.3,0.043,-0.417,-0.320769230769231,5.54146651378755,0.0652071326075453,12
W:36_L:9_NM:19_T:-1.3,36,9,20.91,38.3476048795749,324,19,-1.3,0.043,-0.41,-0.315384615384615,5.54424944937602,0.0659209052287524,12
W:36_L:9_NM:19_T:-1.3,36,9,20.91,38.3476048795749,324,19,-1.3,0.043,-0.402,-0.309230769230769,5.54613727821482,0.0668875727418287,12
W:36_L:9_NM:19_T:-1.3,36,9,20.91,38.3476048795749,324,19,-1.3,0.043,-0.395,-0.303846153846154,5.54609153253761,0.0679057517063179,12
W:36_L:9_NM:19_T:-1.3,36,9,20.91,38.3476048795749,324,19,-1.3,0.043,-0.387,-0.297692307692308,5.54389237350968,0.0692539501686799,12
W:36_L:9_NM:19_T:-1.3,36,9,20.91,38.3476048795749,324,19,-1.3,0.043,-0.38,-0.292307692307692,5.54005784622356,0.0707285157101028,12
W:36_L:9_NM:19_T:-1.3,36,9,20.91,38.3476048795749,324,19,-1.3,0.043,-0.372,-0.286153846153846,5.53258069721948,0.0727290331532446,12
W:36_L:9_NM:19_T:-1.3,36,9,20.91,38.3476048795749,324,19,-1.3,0.043,-0.365,-0.280769230769231,5.52279880870693,0.0748713413513385,12
W:36_L:9_NM:19_T:-1.3,36,9,20.91,38.3476048795749,324,19,-1.3,0.043,-0.357,-0.274615384615385,5.50656755038942,0.0780363551156976,12
W:36_L:9_NM:19_T:-1.3,36,9,20.91,38.3476048795749,324,19,-1.3,0.043,-0.35,-0.269230769230769,5.4884172127816,0.0816541280260058,12
W:36_L:9_NM:19_T:-1.3,36,9,20.91,38.3476048795749,324,19,-1.3,0.043,-0.342,-0.263076923076923,5.44656666398574,0.0873913266231656,12
W:36_L:9_NM:19_T:-1.3,36,9,20.91,38.3476048795749,324,19,-1.3,0.043,-0.335,-0.257692307692308,5.39712904618911,0.0948139776358737,12
W:36_L:9_NM:19_T:-1.3,36,9,20.91,38.3476048795749,324,19,-1.3,0.043,-0.327,-0.251538461538462,5.26936648965755,0.111094203937984,12
W:36_L:9_NM:19_T:-1.3,36,9,20.91,38.3476048795749,324,19,-1.3,0.043,-0.32,-0.246153846153846,4.92071894643898,0.152960648780665,12
W:36_L:9_NM:19_T:-1.3,36,9,20.91,38.3476048795749,324,19,-1.3,0.043,-0.312,-0.24,3.20782983155902,0.108415063966081,12
W:36_L:9_NM:19_T:-1.3,36,9,20.91,38.3476048795749,324,19,-1.3,0.043,-0.305,-0.234615384615385,1.95876235825093,0.0386454065186742,12
W:36_L:9_NM:19_T:-1.3,36,9,20.91,38.3476048795749,324,19,-1.3,0.043,-0.297,-0.228461538461538,1.97735732578862,0.0220854457253385,12
W:36_L:9_NM:19_T:-1.3,36,9,20.91,38.3476048795749,324,19,-1.3,0.043,-0.289,-0.222307692307692,1.98102726248592,0.0210100620299251,10
W:36_L:9_NM:19_T:-1.3,36,9,20.91,38.3476048795749,324,19,-1.3,0.043,-0.282,-0.216923076923077,1.98276831356695,0.0206540436751862,6
W:36_L:9_NM:19_T:-1.3,36,9,20.91,38.3476048795749,324,19,-1.3,0.043,-0.274,-0.210769230769231,1.98407894104218,0.020424285951803,4
W:36_L:9_NM:19_T:-1.3,36,9,20.91,38.3476048795749,324,19,-1.3,0.043,-0.267,-0.205384615384615,1.98455210827946,0.0203335833050434,4
W:36_L:9_NM:19_T:-1.3,36,9,20.91,38.3476048795749,324,19,-1.3,0.043,-0.259,-0.199230769230769,1.98456268818672,0.0202755766611637,4
W:36_L:9_NM:19_T:-1.3,36,9,20.91,38.3476048795749,324,19,-1.3,0.043,-0.252,-0.193846153846154,1.98408815451456,0.0202686134626118,4
W:36_L:9_NM:19_T:-1.3,36,9,20.91,38.3476048795749,324,19,-1.3,0.043,-0.244,-0.187692307692308,1.98332124445634,0.0202699473785466,4
W:36_L:9_NM:19_T:-1.3,36,9,20.91,38.3476048795749,324,19,-1.3,0.043,-0.237,-0.182307692307692,1.98237542450156,0.0202866387352077,4
W:36_L:9_NM:19_T:-1.3,36,9,20.91,38.3476048795749,324,19,-1.3,0.043,-0.229,-0.176153846153846,1.98104966045723,0.0203288813374444,4
W:36_L:9_NM:19_T:-1.3,36,9,20.91,38.3476048795749,324,19,-1.3,0.043,-0.222,-0.170769230769231,1.97977912299802,0.020372197275353,4
W:36_L:9_NM:19_T:-1.3,36,9,20.91,38.3476048795749,324,19,-1.3,0.043,-0.214,-0.164615384615385,1.97808926972568,0.0204589345181923,4
W:36_L:9_NM:19_T:-1.3,36,9,20.91,38.3476048795749,324,19,-1.3,0.043,-0.207,-0.159230769230769,1.97646364089135,0.0205554221679862,4
W:36_L:9_NM:19_T:-1.3,36,9,20.91,38.3476048795749,324,19,-1.3,0.043,-0.199,-0.153076923076923,1.97458146814808,0.0206882865180563,4
W:36_L:9_NM:19_T:-1.3,36,9,20.91,38.3476048795749,324,19,-1.3,0.043,-0.192,-0.147692307692308,1.97289163487011,0.0208319591758355,4
W:36_L:9_NM:19_T:-1.3,36,9,20.91,38.3476048795749,324,19,-1.3,0.043,-0.184,-0.141538461538462,1.97098423527578,0.0210196163797302,4
W:36_L:9_NM:19_T:-1.3,36,9,20.91,38.3476048795749,324,19,-1.3,0.043,-0.177,-0.136153846153846,1.96939723631376,0.0212124444651221,4
W:36_L:9_NM:19_T:-1.3,36,9,20.91,38.3476048795749,324,19,-1.3,0.043,-0.169,-0.13,1.96771194208199,0.0214807909708125,4
W:36_L:9_NM:19_T:-1.3,36,9,20.91,38.3476048795749,324,19,-1.3,0.043,-0.162,-0.124615384615385,1.96644689145431,0.0217483589703877,4
W:36_L:9_NM:19_T:-1.3,36,9,20.91,38.3476048795749,324,19,-1.3,0.043,-0.154,-0.118461538461538,1.96521221117022,0.0221244408397574,4
W:36_L:9_NM:19_T:-1.3,36,9,20.91,38.3476048795749,324,19,-1.3,0.043,-0.147,-0.113076923076923,1.96452093160434,0.022499293850941,4
W:36_L:9_NM:19_T:-1.3,36,9,20.91,38.3476048795749,324,19,-1.3,0.043,-0.139,-0.106923076923077,1.9641893363172,0.0230099140299144,4
W:36_L:9_NM:19_T:-1.3,36,9,20.91,38.3476048795749,324,19,-1.3,0.043,-0.132,-0.101538461538462,1.96440122513433,0.023540119105449,4
W:36_L:9_NM:19_T:-1.3,36,9,20.91,38.3476048795749,324,19,-1.3,0.043,-0.124,-0.0953846153846154,1.96530555788346,0.0242776489621789,4
W:36_L:9_NM:19_T:-1.3,36,9,20.91,38.3476048795749,324,19,-1.3,0.043,-0.117,-0.09,1.96675291519455,0.0250718354126208,4
W:36_L:9_NM:19_T:-1.3,36,9,20.91,38.3476048795749,324,19,-1.3,0.043,-0.109,-0.0838461538461539,1.96926277459251,0.0262091478149181,4
W:36_L:9_NM:19_T:-1.3,36,9,20.91,38.3476048795749,324,19,-1.3,0.043,-0.102,-0.0784615384615385,1.9723002233751,0.0274832761853517,4
W:36_L:9_NM:19_T:-1.3,36,9,20.91,38.3476048795749,324,19,-1.3,0.043,-0.094,-0.0723076923076923,1.97668372379095,0.0294203167003699,4
W:36_L:9_NM:19_T:-1.3,36,9,20.91,38.3476048795749,324,19,-1.3,0.043,-0.086,-0.0661538461538462,1.98178275348582,0.0321778194190218,4
W:36_L:9_NM:19_T:-1.3,36,9,20.91,38.3476048795749,324,19,-1.3,0.043,-0.079,-0.0607692307692308,1.98604524842358,0.0357894929807623,4
W:36_L:9_NM:19_T:-1.3,36,9,20.91,38.3476048795749,324,19,-1.3,0.043,-0.071,-0.0546153846153846,1.98755625687806,0.0425736965613017,4
W:36_L:9_NM:19_T:-1.3,36,9,20.91,38.3476048795749,324,19,-1.3,0.043,-0.064,-0.0492307692307692,1.97607697851149,0.0540203575795523,4
W:36_L:9_NM:19_T:-1.3,36,9,20.91,38.3476048795749,324,19,-1.3,0.043,-0.056,-0.0430769230769231,1.89078330106463,0.0872637800213031,4
W:36_L:9_NM:19_T:-1.3,36,9,20.91,38.3476048795749,324,19,-1.3,0.043,-0.049,-0.0376923076923077,1.5359318363153,0.168224239043786,4
W:36_L:9_NM:19_T:-1.3,36,9,20.91,38.3476048795749,324,19,-1.3,0.043,-0.041,-0.0315384615384615,1.46351520531313,0.178468950009797,4
W:36_L:9_NM:19_T:-1.3,36,9,20.91,38.3476048795749,324,19,-1.3,0.043,-0.034,-0.0261538461538462,1.39154278335274,0.247812195678879,4
W:36_L:9_NM:19_T:-1.3,36,9,20.91,38.3476048795749,324,19,-1.3,0.043,-0.026,-0.02,1.63148578481955,0.196331674074415,4
W:36_L:9_NM:19_T:-1.3,36,9,20.91,38.3476048795749,324,19,-1.3,0.043,-0.019,-0.0146153846153846,1.9337705679541,0.326930923447668,4
W:36_L:9_NM:19_T:-1.3,36,9,20.91,38.3476048795749,324,19,-1.3,0.043,-0.011,-0.00846153846153846,1.99987921537774,0.322511025475575,4
W:36_L:9_NM:19_T:-1.3,36,9,20.91,38.3476048795749,324,19,-1.3,0.043,-0.004,-0.00307692307692308,2.00000349537398,0.440694598929349,4
W:36_L:9_NM:19_T:-1.3,36,9,20.91,38.3476048795749,324,19,-1.3,0.043,0.004,0.00307692307692308,2.00000349567402,0.440696305544156,4
W:36_L:9_NM:19_T:-1.3,36,9,20.91,38.3476048795749,324,19,-1.3,0.043,0.011,0.00846153846153846,1.99987921805653,0.32251104450218,4
W:36_L:9_NM:19_T:-1.3,36,9,20.91,38.3476048795749,324,19,-1.3,0.043,0.019,0.0146153846153846,1.93377140433159,0.326931183634725,4
W:36_L:9_NM:19_T:-1.3,36,9,20.91,38.3476048795749,324,19,-1.3,0.043,0.026,0.02,1.63148606200415,0.196331896332532,4
W:36_L:9_NM:19_T:-1.3,36,9,20.91,38.3476048795749,324,19,-1.3,0.043,0.034,0.0261538461538462,1.39154299099377,0.24781202512932,4
W:36_L:9_NM:19_T:-1.3,36,9,20.91,38.3476048795749,324,19,-1.3,0.043,0.041,0.0315384615384615,1.46351576163385,0.178468976062658,4
W:36_L:9_NM:19_T:-1.3,36,9,20.91,38.3476048795749,324,19,-1.3,0.043,0.049,0.0376923076923077,1.535930408934,0.168224500165847,4
W:36_L:9_NM:19_T:-1.3,36,9,20.91,38.3476048795749,324,19,-1.3,0.043,0.056,0.0430769230769231,1.89078285597038,0.0872639171573447,4
W:36_L:9_NM:19_T:-1.3,36,9,20.91,38.3476048795749,324,19,-1.3,0.043,0.064,0.0492307692307692,1.97607690884237,0.0540204028661164,4
W:36_L:9_NM:19_T:-1.3,36,9,20.91,38.3476048795749,324,19,-1.3,0.043,0.071,0.0546153846153846,1.98755625025192,0.0425737185972504,4
W:36_L:9_NM:19_T:-1.3,36,9,20.91,38.3476048795749,324,19,-1.3,0.043,0.079,0.0607692307692308,1.98604525882614,0.0357895042861715,4
W:36_L:9_NM:19_T:-1.3,36,9,20.91,38.3476048795749,324,19,-1.3,0.043,0.086,0.0661538461538462,1.98178276551659,0.0321778274469148,4
W:36_L:9_NM:19_T:-1.3,36,9,20.91,38.3476048795749,324,19,-1.3,0.043,0.094,0.0723076923076923,1.97668373530178,0.0294203218998327,4
W:36_L:9_NM:19_T:-1.3,36,9,20.91,38.3476048795749,324,19,-1.3,0.043,0.102,0.0784615384615385,1.97230023246749,0.0274832799143146,4
W:36_L:9_NM:19_T:-1.3,36,9,20.91,38.3476048795749,324,19,-1.3,0.043,0.109,0.0838461538461539,1.96926278263811,0.02620915097491,4
W:36_L:9_NM:19_T:-1.3,36,9,20.91,38.3476048795749,324,19,-1.3,0.043,0.117,0.09,1.9667529185886,0.02507183823957,4
W:36_L:9_NM:19_T:-1.3,36,9,20.91,38.3476048795749,324,19,-1.3,0.043,0.124,0.0953846153846154,1.96530556093461,0.0242776508063289,4
W:36_L:9_NM:19_T:-1.3,36,9,20.91,38.3476048795749,324,19,-1.3,0.043,0.132,0.101538461538462,1.96440122731964,0.0235401205587428,4
W:36_L:9_NM:19_T:-1.3,36,9,20.91,38.3476048795749,324,19,-1.3,0.043,0.139,0.106923076923077,1.96418933720808,0.0230099151114296,4
W:36_L:9_NM:19_T:-1.3,36,9,20.91,38.3476048795749,324,19,-1.3,0.043,0.147,0.113076923076923,1.96452093154838,0.0224992946529581,4
W:36_L:9_NM:19_T:-1.3,36,9,20.91,38.3476048795749,324,19,-1.3,0.043,0.154,0.118461538461538,1.9652122090615,0.0221244416706792,4
W:36_L:9_NM:19_T:-1.3,36,9,20.91,38.3476048795749,324,19,-1.3,0.043,0.162,0.124615384615385,1.96644688811054,0.0217483599112466,4
W:36_L:9_NM:19_T:-1.3,36,9,20.91,38.3476048795749,324,19,-1.3,0.043,0.169,0.13,1.96771193877393,0.0214807913962512,4
W:36_L:9_NM:19_T:-1.3,36,9,20.91,38.3476048795749,324,19,-1.3,0.043,0.177,0.136153846153846,1.96939723391595,0.0212124448331704,4
W:36_L:9_NM:19_T:-1.3,36,9,20.91,38.3476048795749,324,19,-1.3,0.043,0.184,0.141538461538462,1.97098423109735,0.0210196166673808,4
W:36_L:9_NM:19_T:-1.3,36,9,20.91,38.3476048795749,324,19,-1.3,0.043,0.192,0.147692307692308,1.97289162940854,0.0208319596166848,4
W:36_L:9_NM:19_T:-1.3,36,9,20.91,38.3476048795749,324,19,-1.3,0.043,0.199,0.153076923076923,1.97458146225211,0.0206882869601345,4
W:36_L:9_NM:19_T:-1.3,36,9,20.91,38.3476048795749,324,19,-1.3,0.043,0.207,0.159230769230769,1.97646363492337,0.0205554228098538,4
W:36_L:9_NM:19_T:-1.3,36,9,20.91,38.3476048795749,324,19,-1.3,0.043,0.214,0.164615384615385,1.97808926385447,0.0204589348849929,4
W:36_L:9_NM:19_T:-1.3,36,9,20.91,38.3476048795749,324,19,-1.3,0.043,0.222,0.170769230769231,1.97977911827895,0.02037219756729,4
W:36_L:9_NM:19_T:-1.3,36,9,20.91,38.3476048795749,324,19,-1.3,0.043,0.229,0.176153846153846,1.98104965761531,0.020328881591887,4
W:36_L:9_NM:19_T:-1.3,36,9,20.91,38.3476048795749,324,19,-1.3,0.043,0.237,0.182307692307692,1.98237542019887,0.0202866388304226,4
W:36_L:9_NM:19_T:-1.3,36,9,20.91,38.3476048795749,324,19,-1.3,0.043,0.244,0.187692307692308,1.98332124524044,0.020269946938069,4
W:36_L:9_NM:19_T:-1.3,36,9,20.91,38.3476048795749,324,19,-1.3,0.043,0.252,0.193846153846154,1.98408815206055,0.0202686137559352,4
W:36_L:9_NM:19_T:-1.3,36,9,20.91,38.3476048795749,324,19,-1.3,0.043,0.259,0.199230769230769,1.98456268874602,0.0202755763182716,4
W:36_L:9_NM:19_T:-1.3,36,9,20.91,38.3476048795749,324,19,-1.3,0.043,0.267,0.205384615384615,1.98455210742403,0.0203335832518142,4
W:36_L:9_NM:19_T:-1.3,36,9,20.91,38.3476048795749,324,19,-1.3,0.043,0.274,0.210769230769231,1.9840789413482,0.0204242856201498,4
W:36_L:9_NM:19_T:-1.3,36,9,20.91,38.3476048795749,324,19,-1.3,0.043,0.282,0.216923076923077,1.98276831798112,0.0206540429713204,6
W:36_L:9_NM:19_T:-1.3,36,9,20.91,38.3476048795749,324,19,-1.3,0.043,0.289,0.222307692307692,1.9810272708613,0.0210100601999834,10
W:36_L:9_NM:19_T:-1.3,36,9,20.91,38.3476048795749,324,19,-1.3,0.043,0.297,0.228461538461538,1.97735732956253,0.0220854416973212,12
W:36_L:9_NM:19_T:-1.3,36,9,20.91,38.3476048795749,324,19,-1.3,0.043,0.305,0.234615384615385,1.95876259512612,0.0386451283401074,12
W:36_L:9_NM:19_T:-1.3,36,9,20.91,38.3476048795749,324,19,-1.3,0.043,0.312,0.24,3.2078456712994,0.108415414189725,12
W:36_L:9_NM:19_T:-1.3,36,9,20.91,38.3476048795749,324,19,-1.3,0.043,0.32,0.246153846153846,4.92072727864995,0.152960088778705,12
W:36_L:9_NM:19_T:-1.3,36,9,20.91,38.3476048795749,324,19,-1.3,0.043,0.327,0.251538461538462,5.26936703361826,0.111094296185488,12
W:36_L:9_NM:19_T:-1.3,36,9,20.91,38.3476048795749,324,19,-1.3,0.043,0.335,0.257692307692308,5.39712854577973,0.094813992610015,12
W:36_L:9_NM:19_T:-1.3,36,9,20.91,38.3476048795749,324,19,-1.3,0.043,0.342,0.263076923076923,5.44656652666127,0.0873913506675844,12
W:36_L:9_NM:19_T:-1.3,36,9,20.91,38.3476048795749,324,19,-1.3,0.043,0.35,0.269230769230769,5.48841713673405,0.0816541372030627,12
W:36_L:9_NM:19_T:-1.3,36,9,20.91,38.3476048795749,324,19,-1.3,0.043,0.357,0.274615384615385,5.50656747894144,0.0780363623920845,12
W:36_L:9_NM:19_T:-1.3,36,9,20.91,38.3476048795749,324,19,-1.3,0.043,0.365,0.280769230769231,5.52279877053927,0.0748713488490205,12
W:36_L:9_NM:19_T:-1.3,36,9,20.91,38.3476048795749,324,19,-1.3,0.043,0.372,0.286153846153846,5.53258071912784,0.0727290408364005,12
W:36_L:9_NM:19_T:-1.3,36,9,20.91,38.3476048795749,324,19,-1.3,0.043,0.38,0.292307692307692,5.5400578555055,0.0707285204403946,12
W:36_L:9_NM:19_T:-1.3,36,9,20.91,38.3476048795749,324,19,-1.3,0.043,0.387,0.297692307692308,5.54389235772405,0.0692539538997201,12
W:36_L:9_NM:19_T:-1.3,36,9,20.91,38.3476048795749,324,19,-1.3,0.043,0.395,0.303846153846154,5.54609153071639,0.0679057547597287,12
W:36_L:9_NM:19_T:-1.3,36,9,20.91,38.3476048795749,324,19,-1.3,0.043,0.402,0.309230769230769,5.54613726702942,0.0668875752533073,12
W:36_L:9_NM:19_T:-1.3,36,9,20.91,38.3476048795749,324,19,-1.3,0.043,0.41,0.315384615384615,5.54424945104612,0.0659209072811817,12
W:36_L:9_NM:19_T:-1.3,36,9,20.91,38.3476048795749,324,19,-1.3,0.043,0.417,0.320769230769231,5.54146651233095,0.0652071344619937,12
W:36_L:9_NM:19_T:-1.3,36,9,20.91,38.3476048795749,324,19,-1.3,0.043,0.425,0.326923076923077,5.53782170896235,0.0645376738063514,12
W:36_L:9_NM:19_T:-1.3,36,9,20.91,38.3476048795749,324,19,-1.3,0.043,0.432,0.332307692307692,5.53310822207465,0.0640628230607933,12
W:36_L:9_NM:19_T:-1.3,36,9,20.91,38.3476048795749,324,19,-1.3,0.043,0.44,0.338461538461538,5.52707293393821,0.0636555139948448,12
W:36_L:9_NM:19_T:-1.3,36,9,20.91,38.3476048795749,324,19,-1.3,0.043,0.447,0.343846153846154,5.52094496348386,0.063413723661988,12
W:36_L:9_NM:19_T:-1.3,36,9,20.91,38.3476048795749,324,19,-1.3,0.043,0.455,0.35,5.51336131463367,0.0632913799876633,12
W:36_L:9_NM:19_T:-1.3,36,9,20.91,38.3476048795749,324,19,-1.3,0.043,0.462,0.355384615384615,5.50509959442427,0.0633551006690118,12
W:36_L:9_NM:19_T:-1.3,36,9,20.91,38.3476048795749,324,19,-1.3,0.043,0.47,0.361538461538462,5.49356841489252,0.0637018793431624,12
W:36_L:9_NM:19_T:-1.3,36,9,20.91,38.3476048795749,324,19,-1.3,0.043,0.477,0.366923076923077,5.48079440432869,0.0644095329512333,12
W:36_L:9_NM:19_T:-1.3,36,9,20.91,38.3476048795749,324,19,-1.3,0.043,0.485,0.373076923076923,5.45884731415453,0.0661671267997899,12
W:36_L:9_NM:19_T:-1.3,36,9,20.91,38.3476048795749,324,19,-1.3,0.043,0.492,0.378461538461538,5.42394490168632,0.0699526329738337,12
W:36_L:9_NM:19_T:-1.3,36,9,20.91,38.3476048795749,324,19,-1.3,0.043,0.5,0.384615384615385,5.30090448832519,0.0883594360502716,14
W:36_L:9_NM:19_T:-1.3,36,9,20.91,38.3476048795749,324,19,-1.3,0.043,0.508,0.390769230769231,4.97280886269089,0.217865245922746,18
W:36_L:9_NM:19_T:-1.3,36,9,20.91,38.3476048795749,324,19,-1.3,0.043,0.515,0.396153846153846,5.09966728544756,0.210417737013997,20
W:36_L:9_NM:19_T:-1.3,36,9,20.91,38.3476048795749,324,19,-1.3,0.043,0.523,0.402307692307692,6.48157637356341,0.210189288519917,20
W:36_L:9_NM:19_T:-1.3,36,9,20.91,38.3476048795749,324,19,-1.3,0.043,0.53,0.407692307692308,8.05495164520086,0.174887999332664,20
W:36_L:9_NM:19_T:-1.3,36,9,20.91,38.3476048795749,324,19,-1.3,0.043,0.538,0.413846153846154,8.43050802369438,0.15535392612841,20
W:36_L:9_NM:19_T:-1.3,36,9,20.91,38.3476048795749,324,19,-1.3,0.043,0.545,0.419230769230769,8.60491848897746,0.145684288900514,20
W:36_L:9_NM:19_T:-1.3,36,9,20.91,38.3476048795749,324,19,-1.3,0.043,0.553,0.425384615384615,8.71866737754842,0.138337964012732,20
W:36_L:9_NM:19_T:-1.3,36,9,20.91,38.3476048795749,324,19,-1.3,0.043,0.56,0.430769230769231,8.78643851048176,0.133481446385642,20
W:36_L:9_NM:19_T:-1.3,36,9,20.91,38.3476048795749,324,19,-1.3,0.043,0.568,0.436923076923077,8.83931453733379,0.129128521715997,20
W:36_L:9_NM:19_T:-1.3,36,9,20.91,38.3476048795749,324,19,-1.3,0.043,0.575,0.442307692307692,8.86922265539032,0.126036871930702,20
W:36_L:9_NM:19_T:-1.3,36,9,20.91,38.3476048795749,324,19,-1.3,0.043,0.583,0.448461538461538,8.89225471173717,0.123183622802199,20
W:36_L:9_NM:19_T:-1.3,36,9,20.91,38.3476048795749,324,19,-1.3,0.043,0.59,0.453846153846154,8.90830751481012,0.121124451157638,20
W:36_L:9_NM:19_T:-1.3,36,9,20.91,38.3476048795749,324,19,-1.3,0.043,0.598,0.46,8.92091453921639,0.119194759715874,20
W:36_L:9_NM:19_T:-1.3,36,9,20.91,38.3476048795749,324,19,-1.3,0.043,0.605,0.465384615384615,8.93091712609035,0.117843532782167,20
W:36_L:9_NM:19_T:-1.3,36,9,20.91,38.3476048795749,324,19,-1.3,0.043,0.613,0.471538461538462,8.9406482825034,0.116653534888642,20
W:36_L:9_NM:19_T:-1.3,36,9,20.91,38.3476048795749,324,19,-1.3,0.043,0.62,0.476923076923077,8.94946241199222,0.115912096344354,20
W:36_L:9_NM:19_T:-1.3,36,9,20.91,38.3476048795749,324,19,-1.3,0.043,0.628,0.483076923076923,8.96008337105423,0.115414655233427,20
W:36_L:9_NM:19_T:-1.3,36,9,20.91,38.3476048795749,324,19,-1.3,0.043,0.635,0.488461538461538,8.96871397350667,0.115300893886764,20
W:36_L:9_NM:19_T:-1.3,36,9,20.91,38.3476048795749,324,19,-1.3,0.043,0.643,0.494615384615385,8.97768411164656,0.115606703842085,20
W:36_L:9_NM:19_T:-1.3,36,9,20.91,38.3476048795749,324,19,-1.3,0.043,0.65,0.5,8.98277166839886,0.116354158862297,20
W:36_L:9_NM:19_T:-1.3,36,9,20.91,38.3476048795749,324,19,-1.3,0.043,0.658,0.506153846153846,8.98137997167732,0.117987539931176,20
W:36_L:9_NM:19_T:-1.3,36,9,20.91,38.3476048795749,324,19,-1.3,0.043,0.665,0.511538461538462,8.96852507444369,0.120511782115287,20
W:36_L:9_NM:19_T:-1.3,36,9,20.91,38.3476048795749,324,19,-1.3,0.043,0.673,0.517692307692308,8.92210230963499,0.125793983025801,20
W:36_L:9_NM:19_T:-1.3,36,9,20.91,38.3476048795749,324,19,-1.3,0.043,0.68,0.523076923076923,8.81830314008971,0.135138641151291,20
W:36_L:9_NM:19_T:-1.3,36,9,20.91,38.3476048795749,324,19,-1.3,0.043,0.688,0.529230769230769,8.49805279847216,0.161047286413441,20
W:36_L:9_NM:19_T:-1.3,36,9,20.91,38.3476048795749,324,19,-1.3,0.043,0.695,0.534615384615385,8.05622103454738,0.203603818256368,24
W:36_L:9_NM:19_T:-1.3,36,9,20.91,38.3476048795749,324,19,-1.3,0.043,0.703,0.540769230769231,8.08150208732384,0.266801405603432,26
W:36_L:9_NM:19_T:-1.3,36,9,20.91,38.3476048795749,324,19,-1.3,0.043,0.711,0.546923076923077,9.17446091922015,0.300212569634775,28
W:36_L:9_NM:19_T:-1.3,36,9,20.91,38.3476048795749,324,19,-1.3,0.043,0.718,0.552307692307692,10.9304319949741,0.223173755955809,28
W:36_L:9_NM:19_T:-1.3,36,9,20.91,38.3476048795749,324,19,-1.3,0.043,0.726,0.558461538461539,11.4115409623063,0.206216929598526,28
W:36_L:9_NM:19_T:-1.3,36,9,20.91,38.3476048795749,324,19,-1.3,0.043,0.733,0.563846153846154,11.6178630548999,0.198428566795429,28
W:36_L:9_NM:19_T:-1.3,36,9,20.91,38.3476048795749,324,19,-1.3,0.043,0.741,0.57,11.7521032058043,0.192243703709951,28
W:36_L:9_NM:19_T:-1.3,36,9,20.91,38.3476048795749,324,19,-1.3,0.043,0.748,0.575384615384615,11.8234304482955,0.188182367158606,28
W:36_L:9_NM:19_T:-1.3,36,9,20.91,38.3476048795749,324,19,-1.3,0.043,0.756,0.581538461538462,11.8628529785972,0.184484772976907,28
W:36_L:9_NM:19_T:-1.3,36,9,20.91,38.3476048795749,324,19,-1.3,0.043,0.763,0.586923076923077,11.8753910349839,0.181845535782052,28
W:36_L:9_NM:19_T:-1.3,36,9,20.91,38.3476048795749,324,19,-1.3,0.043,0.771,0.593076923076923,11.8672296468892,0.179349883100202,28
W:36_L:9_NM:19_T:-1.3,36,9,20.91,38.3476048795749,324,19,-1.3,0.043,0.778,0.598461538461539,11.843420344187,0.17756454841915,28
W:36_L:9_NM:19_T:-1.3,36,9,20.91,38.3476048795749,324,19,-1.3,0.043,0.786,0.604615384615385,11.8004719942959,0.175977228858358,28
W:36_L:9_NM:19_T:-1.3,36,9,20.91,38.3476048795749,324,19,-1.3,0.043,0.793,0.61,11.7479463958748,0.174992020954758,28
W:36_L:9_NM:19_T:-1.3,36,9,20.91,38.3476048795749,324,19,-1.3,0.043,0.801,0.616153846153846,11.6708507295994,0.174403758244883,28
W:36_L:9_NM:19_T:-1.3,36,9,20.91,38.3476048795749,324,19,-1.3,0.043,0.808,0.621538461538462,11.586408434943,0.174457829430742,28
W:36_L:9_NM:19_T:-1.3,36,9,20.91,38.3476048795749,324,19,-1.3,0.043,0.816,0.627692307692308,11.4644013520014,0.17531589022689,28
W:36_L:9_NM:19_T:-1.3,36,9,20.91,38.3476048795749,324,19,-1.3,0.043,0.823,0.633076923076923,11.3318903518255,0.176961678333993,28
W:36_L:9_NM:19_T:-1.3,36,9,20.91,38.3476048795749,324,19,-1.3,0.043,0.831,0.639230769230769,11.1459221647046,0.180060953574493,28
W:36_L:9_NM:19_T:-1.3,36,9,20.91,38.3476048795749,324,19,-1.3,0.043,0.838,0.644615384615385,10.9598590654525,0.183848651780718,28
W:36_L:9_NM:19_T:-1.3,36,9,20.91,38.3476048795749,324,19,-1.3,0.043,0.846,0.650769230769231,10.755664303981,0.188889922493102,28
W:36_L:9_NM:19_T:-1.3,36,9,20.91,38.3476048795749,324,19,-1.3,0.043,0.853,0.656153846153846,10.6394138279583,0.193339849628769,28
W:36_L:9_NM:19_T:-1.3,36,9,20.91,38.3476048795749,324,19,-1.3,0.043,0.861,0.662307692307692,10.6074918012887,0.200531981769334,28
W:36_L:9_NM:19_T:-1.3,36,9,20.91,38.3476048795749,324,19,-1.3,0.043,0.868,0.667692307692308,10.588919384617,0.222370773474363,32
W:36_L:9_NM:19_T:-1.3,36,9,20.91,38.3476048795749,324,19,-1.3,0.043,0.876,0.673846153846154,10.9829047371043,0.319584140608468,36
W:36_L:9_NM:19_T:-1.3,36,9,20.91,38.3476048795749,324,19,-1.3,0.043,0.883,0.679230769230769,11.4915452780843,0.281011310122079,36
W:36_L:9_NM:19_T:-1.3,36,9,20.91,38.3476048795749,324,19,-1.3,0.043,0.891,0.685384615384615,12.7818519894345,0.265327545921004,36
W:36_L:9_NM:19_T:-1.3,36,9,20.91,38.3476048795749,324,19,-1.3,0.043,0.898,0.690769230769231,13.1091827382844,0.258578156906987,36
W:36_L:9_NM:19_T:-1.3,36,9,20.91,38.3476048795749,324,19,-1.3,0.043,0.906,0.696923076923077,13.3384618949664,0.253240171772497,36
W:36_L:9_NM:19_T:-1.3,36,9,20.91,38.3476048795749,324,19,-1.3,0.043,0.914,0.703076923076923,13.5038560107322,0.249315792276618,36
W:36_L:9_NM:19_T:-1.3,36,9,20.91,38.3476048795749,324,19,-1.3,0.043,0.921,0.708461538461539,13.6105623649276,0.246614745759874,36
W:36_L:9_NM:19_T:-1.3,36,9,20.91,38.3476048795749,324,19,-1.3,0.043,0.929,0.714615384615385,13.704761321353,0.244260032633783,36
W:36_L:9_NM:19_T:-1.3,36,9,20.91,38.3476048795749,324,19,-1.3,0.043,0.936,0.72,13.7637784524649,0.242669730737493,36
W:36_L:9_NM:19_T:-1.3,36,9,20.91,38.3476048795749,324,19,-1.3,0.043,0.944,0.726153846153846,13.8061584557529,0.241404570293399,36
W:36_L:9_NM:19_T:-1.3,36,9,20.91,38.3476048795749,324,19,-1.3,0.043,0.951,0.731538461538462,13.8206464052611,0.240820301490568,36
W:36_L:9_NM:19_T:-1.3,36,9,20.91,38.3476048795749,324,19,-1.3,0.043,0.959,0.737692307692308,13.806931762675,0.240766376983948,36
W:36_L:9_NM:19_T:-1.3,36,9,20.91,38.3476048795749,324,19,-1.3,0.043,0.966,0.743076923076923,13.7646789317862,0.241417140841663,36
W:36_L:9_NM:19_T:-1.3,36,9,20.91,38.3476048795749,324,19,-1.3,0.043,0.974,0.749230769230769,13.6757185415943,0.243302120109091,36
W:36_L:9_NM:19_T:-1.3,36,9,20.91,38.3476048795749,324,19,-1.3,0.043,0.981,0.754615384615385,13.5555097606808,0.246529058088431,36
W:36_L:9_NM:19_T:-1.3,36,9,20.91,38.3476048795749,324,19,-1.3,0.043,0.989,0.760769230769231,13.3575336899481,0.253391292891696,36
W:36_L:9_NM:19_T:-1.3,36,9,20.91,38.3476048795749,324,19,-1.3,0.043,0.996,0.766153846153846,13.1235044090406,0.26446863081118,36
W:36_L:9_NM:19_T:-1.3,36,9,20.91,38.3476048795749,324,19,-1.3,0.043,1.004,0.772307692307692,12.8095171619865,0.288092888966719,36
W:36_L:9_NM:19_T:-1.3,36,9,20.91,38.3476048795749,324,19,-1.3,0.043,1.011,0.777692307692308,12.6151846501335,0.324276838683148,36
W:36_L:9_NM:19_T:-1.3,36,9,20.91,38.3476048795749,324,19,-1.3,0.043,1.019,0.783846153846154,13.2584727282974,0.343833604064407,40
W:36_L:9_NM:19_T:-1.3,36,9,20.91,38.3476048795749,324,19,-1.3,0.043,1.026,0.789230769230769,14.1231292967168,0.355052559488869,44
W:36_L:9_NM:19_T:-1.3,36,9,20.91,38.3476048795749,324,19,-1.3,0.043,1.034,0.795384615384615,15.2183086449185,0.323933438968709,44
W:36_L:9_NM:19_T:-1.3,36,9,20.91,38.3476048795749,324,19,-1.3,0.043,1.041,0.800769230769231,15.4618212458172,0.317082987078638,44
W:36_L:9_NM:19_T:-1.3,36,9,20.91,38.3476048795749,324,19,-1.3,0.043,1.049,0.806923076923077,15.6227805874207,0.313106762334813,44
W:36_L:9_NM:19_T:-1.3,36,9,20.91,38.3476048795749,324,19,-1.3,0.043,1.056,0.812307692307692,15.7240508172975,0.311459085413871,44
W:36_L:9_NM:19_T:-1.3,36,9,20.91,38.3476048795749,324,19,-1.3,0.043,1.064,0.818461538461539,15.8100870230013,0.311045196523027,44
W:36_L:9_NM:19_T:-1.3,36,9,20.91,38.3476048795749,324,19,-1.3,0.043,1.071,0.823846153846154,15.8661477627896,0.311866838238833,44
W:36_L:9_NM:19_T:-1.3,36,9,20.91,38.3476048795749,324,19,-1.3,0.043,1.079,0.83,15.9059530347518,0.314180834420898,44
W:36_L:9_NM:19_T:-1.3,36,9,20.91,38.3476048795749,324,19,-1.3,0.043,1.086,0.835384615384615,15.9189569417184,0.317690005496305,44
W:36_L:9_NM:19_T:-1.3,36,9,20.91,38.3476048795749,324,19,-1.3,0.043,1.094,0.841538461538462,15.9004771840224,0.324038873514131,44
W:36_L:9_NM:19_T:-1.3,36,9,20.91,38.3476048795749,324,19,-1.3,0.043,1.102,0.847692307692308,15.8336234942736,0.334086975344777,44
W:36_L:9_NM:19_T:-1.3,36,9,20.91,38.3476048795749,324,19,-1.3,0.043,1.109,0.853076923076923,15.7267644559182,0.347097147737113,44
W:36_L:9_NM:19_T:-1.3,36,9,20.91,38.3476048795749,324,19,-1.3,0.043,1.117,0.859230769230769,15.5799357412342,0.364581163242984,44
W:36_L:9_NM:19_T:-1.3,36,9,20.91,38.3476048795749,324,19,-1.3,0.043,1.124,0.864615384615385,15.5268889132117,0.373794787299508,44
W:36_L:9_NM:19_T:-1.3,36,9,20.91,38.3476048795749,324,19,-1.3,0.043,1.132,0.870769230769231,15.6155690749168,0.378900657769943,46
W:36_L:9_NM:19_T:-1.3,36,9,20.91,38.3476048795749,324,19,-1.3,0.043,1.139,0.876153846153846,15.8444335467159,0.388062977426661,50
W:36_L:9_NM:19_T:-1.3,36,9,20.91,38.3476048795749,324,19,-1.3,0.043,1.147,0.882307692307692,16.7496270884619,0.409014592913368,52
W:36_L:9_NM:19_T:-1.3,36,9,20.91,38.3476048795749,324,19,-1.3,0.043,1.154,0.887692307692308,17.2960713919034,0.412771819101616,52
W:36_L:9_NM:19_T:-1.3,36,9,20.91,38.3476048795749,324,19,-1.3,0.043,1.162,0.893846153846154,17.5158114103607,0.416598693402633,52
W:36_L:9_NM:19_T:-1.3,36,9,20.91,38.3476048795749,324,19,-1.3,0.043,1.169,0.899230769230769,17.6325309352195,0.419159672262253,52
W:36_L:9_NM:19_T:-1.3,36,9,20.91,38.3476048795749,324,19,-1.3,0.043,1.177,0.905384615384615,17.7264486584048,0.420790534805347,52
W:36_L:9_NM:19_T:-1.3,36,9,20.91,38.3476048795749,324,19,-1.3,0.043,1.184,0.910769230769231,17.7880020830512,0.421469609401495,52
W:36_L:9_NM:19_T:-1.3,36,9,20.91,38.3476048795749,324,19,-1.3,0.043,1.192,0.916923076923077,17.8367002767173,0.422069465123434,52
W:36_L:9_NM:19_T:-1.3,36,9,20.91,38.3476048795749,324,19,-1.3,0.043,1.199,0.922307692307692,17.8519021764016,0.42339613424413,52
W:36_L:9_NM:19_T:-1.3,36,9,20.91,38.3476048795749,324,19,-1.3,0.043,1.207,0.928461538461538,17.8349105634456,0.428212885020722,52
W:36_L:9_NM:19_T:-1.3,36,9,20.91,38.3476048795749,324,19,-1.3,0.043,1.214,0.933846153846154,17.7894705516621,0.439114345255567,52
W:36_L:9_NM:19_T:-1.3,36,9,20.91,38.3476048795749,324,19,-1.3,0.043,1.222,0.94,17.7988638773949,0.472371299766288,56
W:36_L:9_NM:19_T:-1.3,36,9,20.91,38.3476048795749,324,19,-1.3,0.043,1.229,0.945384615384615,18.6889755349669,0.485709740119984,60
W:36_L:9_NM:19_T:-1.3,36,9,20.91,38.3476048795749,324,19,-1.3,0.043,1.237,0.951538461538462,19.6221612122689,0.486257267822228,60
W:36_L:9_NM:19_T:-1.3,36,9,20.91,38.3476048795749,324,19,-1.3,0.043,1.244,0.956923076923077,19.8435903623114,0.490899042881199,60
W:36_L:9_NM:19_T:-1.3,36,9,20.91,38.3476048795749,324,19,-1.3,0.043,1.252,0.963076923076923,19.9896839133615,0.497256047180597,60
W:36_L:9_NM:19_T:-1.3,36,9,20.91,38.3476048795749,324,19,-1.3,0.043,1.259,0.968461538461538,20.1104678428992,0.502719160135664,60
W:36_L:9_NM:19_T:-1.3,36,9,20.91,38.3476048795749,324,19,-1.3,0.043,1.267,0.974615384615385,20.2437643539697,0.508889637145057,60
W:36_L:9_NM:19_T:-1.3,36,9,20.91,38.3476048795749,324,19,-1.3,0.043,1.274,0.98,20.3415922592031,0.517123059937571,62
W:36_L:9_NM:19_T:-1.3,36,9,20.91,38.3476048795749,324,19,-1.3,0.043,1.282,0.986153846153846,20.6838790866707,0.552101434441982,68
W:36_L:9_NM:19_T:-1.3,36,9,20.91,38.3476048795749,324,19,-1.3,0.043,1.289,0.991538461538462,21.5347518624645,0.576036986868486,68
W:36_L:9_NM:19_T:-1.3,36,9,20.91,38.3476048795749,324,19,-1.3,0.043,1.297,0.997692307692308,21.8337219574488,0.579897676575705,72
W:36_L:9_NM:19_T:-1.3,36,9,20.91,38.3476048795749,324,19,-1.3,0.043,1.305,1.00384615384615,22.6573660715355,0.585958963772719,72
W:36_L:9_NM:19_T:-1.3,36,9,20.91,38.3476048795749,324,19,-1.3,0.043,1.312,1.00923076923077,22.9655304058439,0.587694040797521,72
W:36_L:9_NM:19_T:-1.3,36,9,20.91,38.3476048795749,324,19,-1.3,0.043,1.32,1.01538461538462,23.1527953166925,0.589937793378583,72
W:36_L:9_NM:19_T:-1.3,36,9,20.91,38.3476048795749,324,19,-1.3,0.043,1.327,1.02076923076923,23.1743766384087,0.591428388427646,72
W:36_L:9_NM:19_T:-1.3,36,9,20.91,38.3476048795749,324,19,-1.3,0.043,1.335,1.02692307692308,22.717486669217,0.547577472342074,70
W:36_L:9_NM:19_T:-1.3,36,9,20.91,38.3476048795749,324,19,-1.3,0.043,1.342,1.03230769230769,22.8885331025024,0.517782793977694,68
W:36_L:9_NM:19_T:-1.3,36,9,20.91,38.3476048795749,324,19,-1.3,0.043,1.35,1.03846153846154,23.0609182118024,0.501626368799958,68
W:36_L:9_NM:19_T:-1.3,36,9,20.91,38.3476048795749,324,19,-1.3,0.043,1.357,1.04384615384615,23.1849464398786,0.494217376569979,68
W:36_L:9_NM:19_T:-1.3,36,9,20.91,38.3476048795749,324,19,-1.3,0.043,1.365,1.05,23.3057510154586,0.49049272319415,68
W:36_L:9_NM:19_T:-1.3,36,9,20.91,38.3476048795749,324,19,-1.3,0.043,1.372,1.05538461538462,23.3808906518049,0.490292785451461,68
W:36_L:9_NM:19_T:-1.3,36,9,20.91,38.3476048795749,324,19,-1.3,0.043,1.38,1.06153846153846,23.4405351697207,0.493112604891863,68
W:36_L:9_NM:19_T:-1.3,36,9,20.91,38.3476048795749,324,19,-1.3,0.043,1.387,1.06692307692308,23.4572518415786,0.497567153634531,68
W:36_L:9_NM:19_T:-1.3,36,9,20.91,38.3476048795749,324,19,-1.3,0.043,1.395,1.07307692307692,23.441291610847,0.503488086313472,68
W:36_L:9_NM:19_T:-1.3,36,9,20.91,38.3476048795749,324,19,-1.3,0.043,1.402,1.07846153846154,23.4014908520434,0.506980305200541,68
W:36_L:9_NM:19_T:-1.3,36,9,20.91,38.3476048795749,324,19,-1.3,0.043,1.41,1.08461538461538,23.3424453787008,0.506044199263787,68
W:36_L:9_NM:19_T:-1.3,36,9,20.91,38.3476048795749,324,19,-1.3,0.043,1.417,1.09,23.2576565537066,0.499413637916903,68
W:36_L:9_NM:19_T:-1.3,36,9,20.91,38.3476048795749,324,19,-1.3,0.043,1.425,1.09615384615385,22.8630118900185,0.463045626375782,68
W:36_L:9_NM:19_T:-1.3,36,9,20.91,38.3476048795749,324,19,-1.3,0.043,1.432,1.10153846153846,23.0049770115329,0.444622589338213,64
W:36_L:9_NM:19_T:-1.3,36,9,20.91,38.3476048795749,324,19,-1.3,0.043,1.44,1.10769230769231,23.198553564157,0.433994204758132,64
W:36_L:9_NM:19_T:-1.3,36,9,20.91,38.3476048795749,324,19,-1.3,0.043,1.447,1.11307692307692,23.3546942205727,0.428081376734293,64
W:36_L:9_NM:19_T:-1.3,36,9,20.91,38.3476048795749,324,19,-1.3,0.043,1.455,1.11923076923077,23.5019983010925,0.422976232373995,64
W:36_L:9_NM:19_T:-1.3,36,9,20.91,38.3476048795749,324,19,-1.3,0.043,1.462,1.12461538461538,23.5914714531977,0.419067302509846,64
W:36_L:9_NM:19_T:-1.3,36,9,20.91,38.3476048795749,324,19,-1.3,0.043,1.47,1.13076923076923,23.655910325991,0.41494666328744,64
W:36_L:9_NM:19_T:-1.3,36,9,20.91,38.3476048795749,324,19,-1.3,0.043,1.477,1.13615384615385,23.6808478632479,0.41171104021598,64
W:36_L:9_NM:19_T:-1.3,36,9,20.91,38.3476048795749,324,19,-1.3,0.043,1.485,1.14230769230769,23.6774973518427,0.408686173970183,64
W:36_L:9_NM:19_T:-1.3,36,9,20.91,38.3476048795749,324,19,-1.3,0.043,1.492,1.14769230769231,23.6605274570384,0.40699090690837,64
W:36_L:9_NM:19_T:-1.3,36,9,20.91,38.3476048795749,324,19,-1.3,0.043,1.5,1.15384615384615,23.6304684313818,0.406508553907036,64
W:14_L:5_NM:4_T:-1.6,14,5,10.575,14.246117892254,70,4,-1.6,0.0039,-1.5,-0.9375,8.67521667280903,0.279213697799262,20
W:14_L:5_NM:4_T:-1.6,14,5,10.575,14.246117892254,70,4,-1.6,0.0039,-1.492,-0.9325,8.65054218267153,0.277916465273328,20
W:14_L:5_NM:4_T:-1.6,14,5,10.575,14.246117892254,70,4,-1.6,0.0039,-1.485,-0.928125,8.62545890486811,0.277090816873136,20
W:14_L:5_NM:4_T:-1.6,14,5,10.575,14.246117892254,70,4,-1.6,0.0039,-1.477,-0.923125,8.59362042985445,0.276461979142768,20
W:14_L:5_NM:4_T:-1.6,14,5,10.575,14.246117892254,70,4,-1.6,0.0039,-1.47,-0.91875,8.56270767664086,0.276135283208347,20
W:14_L:5_NM:4_T:-1.6,14,5,10.575,14.246117892254,70,4,-1.6,0.0039,-1.462,-0.91375,8.52544054997807,0.276050324232751,20
W:14_L:5_NM:4_T:-1.6,14,5,10.575,14.246117892254,70,4,-1.6,0.0039,-1.455,-0.909375,8.48955467961854,0.276165085015953,20
W:14_L:5_NM:4_T:-1.6,14,5,10.575,14.246117892254,70,4,-1.6,0.0039,-1.447,-0.904375,8.44560353530622,0.276547380992943,20
W:14_L:5_NM:4_T:-1.6,14,5,10.575,14.246117892254,70,4,-1.6,0.0039,-1.44,-0.9,8.40473915121716,0.277109343521556,20
W:14_L:5_NM:4_T:-1.6,14,5,10.575,14.246117892254,70,4,-1.6,0.0039,-1.432,-0.895,8.35401398634445,0.27798931277267,20
W:14_L:5_NM:4_T:-1.6,14,5,10.575,14.246117892254,70,4,-1.6,0.0039,-1.425,-0.890625,8.30587621005922,0.278989411375859,20
W:14_L:5_NM:4_T:-1.6,14,5,10.575,14.246117892254,70,4,-1.6,0.0039,-1.417,-0.885625,8.24648086171434,0.280431902126524,20
W:14_L:5_NM:4_T:-1.6,14,5,10.575,14.246117892254,70,4,-1.6,0.0039,-1.41,-0.88125,8.19002275987707,0.281980772205809,20
W:14_L:5_NM:4_T:-1.6,14,5,10.575,14.246117892254,70,4,-1.6,0.0039,-1.402,-0.87625,8.11878567694189,0.284106350846353,20
W:14_L:5_NM:4_T:-1.6,14,5,10.575,14.246117892254,70,4,-1.6,0.0039,-1.395,-0.871875,8.0497450161426,0.286329379435848,20
W:14_L:5_NM:4_T:-1.6,14,5,10.575,14.246117892254,70,4,-1.6,0.0039,-1.387,-0.866875,7.96112079117309,0.289364332948003,20
W:14_L:5_NM:4_T:-1.6,14,5,10.575,14.246117892254,70,4,-1.6,0.0039,-1.38,-0.8625,7.87260170505283,0.292522022602995,20
W:14_L:5_NM:4_T:-1.6,14,5,10.575,14.246117892254,70,4,-1.6,0.0039,-1.372,-0.8575,7.7547562981965,0.296837340028148,20
W:14_L:5_NM:4_T:-1.6,14,5,10.575,14.246117892254,70,4,-1.6,0.0039,-1.365,-0.853125,7.63252379553407,0.301400477606294,20
W:14_L:5_NM:4_T:-1.6,14,5,10.575,14.246117892254,70,4,-1.6,0.0039,-1.357,-0.848125,7.4565090034923,0.307821897994228,20
W:14_L:5_NM:4_T:-1.6,14,5,10.575,14.246117892254,70,4,-1.6,0.0039,-1.35,-0.84375,7.26025274257965,0.314679082385252,20
W:14_L:5_NM:4_T:-1.6,14,5,10.575,14.246117892254,70,4,-1.6,0.0039,-1.342,-0.83875,6.95668802779016,0.32436553789191,20
W:14_L:5_NM:4_T:-1.6,14,5,10.575,14.246117892254,70,4,-1.6,0.0039,-1.335,-0.834375,6.53110685866678,0.334701855060356,20
W:14_L:5_NM:4_T:-1.6,14,5,10.575,14.246117892254,70,4,-1.6,0.0039,-1.327,-0.829375,5.47118222300172,0.338633327728211,20
W:14_L:5_NM:4_T:-1.6,14,5,10.575,14.246117892254,70,4,-1.6,0.0039,-1.32,-0.825,4.65584253813822,0.34958973993513,20
W:14_L:5_NM:4_T:-1.6,14,5,10.575,14.246117892254,70,4,-1.6,0.0039,-1.312,-0.82,4.20939160863416,0.483413709233694,12
W:14_L:5_NM:4_T:-1.6,14,5,10.575,14.246117892254,70,4,-1.6,0.0039,-1.305,-0.815625,4.26365388256335,0.348667656586815,12
W:14_L:5_NM:4_T:-1.6,14,5,10.575,14.246117892254,70,4,-1.6,0.0039,-1.297,-0.810625,4.68802257805453,0.24447097958081,12
W:14_L:5_NM:4_T:-1.6,14,5,10.575,14.246117892254,70,4,-1.6,0.0039,-1.289,-0.805625,4.93370061980253,0.20582790153477,12
W:14_L:5_NM:4_T:-1.6,14,5,10.575,14.246117892254,70,4,-1.6,0.0039,-1.282,-0.80125,5.06864617533326,0.188800158608565,12
W:14_L:5_NM:4_T:-1.6,14,5,10.575,14.246117892254,70,4,-1.6,0.0039,-1.274,-0.79625,5.17455999522537,0.17703281438857,12
W:14_L:5_NM:4_T:-1.6,14,5,10.575,14.246117892254,70,4,-1.6,0.0039,-1.267,-0.791875,5.24223144381279,0.170181000652928,12
W:14_L:5_NM:4_T:-1.6,14,5,10.575,14.246117892254,70,4,-1.6,0.0039,-1.259,-0.786875,5.30078835489641,0.164562068903415,12
W:14_L:5_NM:4_T:-1.6,14,5,10.575,14.246117892254,70,4,-1.6,0.0039,-1.252,-0.7825,5.34086625167232,0.160877598428123,12
W:14_L:5_NM:4_T:-1.6,14,5,10.575,14.246117892254,70,4,-1.6,0.0039,-1.244,-0.7775,5.37802185781609,0.157617532277399,12
W:14_L:5_NM:4_T:-1.6,14,5,10.575,14.246117892254,70,4,-1.6,0.0039,-1.237,-0.773125,5.40488295578637,0.155357862605447,12
W:14_L:5_NM:4_T:-1.6,14,5,10.575,14.246117892254,70,4,-1.6,0.0039,-1.229,-0.768125,5.43097891614187,0.153277145642686,12
W:14_L:5_NM:4_T:-1.6,14,5,10.575,14.246117892254,70,4,-1.6,0.0039,-1.222,-0.76375,5.44993653428038,0.15177919041933,12
W:14_L:5_NM:4_T:-1.6,14,5,10.575,14.246117892254,70,4,-1.6,0.0039,-1.214,-0.75875,5.46910979672182,0.150376225288711,12
W:14_L:5_NM:4_T:-1.6,14,5,10.575,14.246117892254,70,4,-1.6,0.0039,-1.207,-0.754375,5.4837051598879,0.149359364696895,12
W:14_L:5_NM:4_T:-1.6,14,5,10.575,14.246117892254,70,4,-1.6,0.0039,-1.199,-0.749375,5.49861824341519,0.148399981631013,12
W:14_L:5_NM:4_T:-1.6,14,5,10.575,14.246117892254,70,4,-1.6,0.0039,-1.192,-0.745,5.51038261122875,0.147710632786939,12
W:14_L:5_NM:4_T:-1.6,14,5,10.575,14.246117892254,70,4,-1.6,0.0039,-1.184,-0.74,5.52263553018846,0.147070246768269,12
W:14_L:5_NM:4_T:-1.6,14,5,10.575,14.246117892254,70,4,-1.6,0.0039,-1.177,-0.735625,5.53236296052149,0.146621066523906,12
W:14_L:5_NM:4_T:-1.6,14,5,10.575,14.246117892254,70,4,-1.6,0.0039,-1.169,-0.730625,5.54286588481252,0.146227133333702,12
W:14_L:5_NM:4_T:-1.6,14,5,10.575,14.246117892254,70,4,-1.6,0.0039,-1.162,-0.72625,5.5511742545288,0.145969699657395,12
W:14_L:5_NM:4_T:-1.6,14,5,10.575,14.246117892254,70,4,-1.6,0.0039,-1.154,-0.72125,5.56020890241249,0.145774426580688,12
W:14_L:5_NM:4_T:-1.6,14,5,10.575,14.246117892254,70,4,-1.6,0.0039,-1.147,-0.716875,5.56767023810522,0.145682915330616,12
W:14_L:5_NM:4_T:-1.6,14,5,10.575,14.246117892254,70,4,-1.6,0.0039,-1.139,-0.711875,5.57547901582051,0.1456602823387,12
W:14_L:5_NM:4_T:-1.6,14,5,10.575,14.246117892254,70,4,-1.6,0.0039,-1.132,-0.7075,5.58239660882601,0.145719987084249,12
W:14_L:5_NM:4_T:-1.6,14,5,10.575,14.246117892254,70,4,-1.6,0.0039,-1.124,-0.7025,5.58957115821664,0.145861402988785,12
W:14_L:5_NM:4_T:-1.6,14,5,10.575,14.246117892254,70,4,-1.6,0.0039,-1.117,-0.698125,5.5958161930012,0.146056364068868,12
W:14_L:5_NM:4_T:-1.6,14,5,10.575,14.246117892254,70,4,-1.6,0.0039,-1.109,-0.693125,5.60265866589838,0.146370740733443,12
W:14_L:5_NM:4_T:-1.6,14,5,10.575,14.246117892254,70,4,-1.6,0.0039,-1.102,-0.68875,5.60845707714689,0.146713114888162,12
W:14_L:5_NM:4_T:-1.6,14,5,10.575,14.246117892254,70,4,-1.6,0.0039,-1.094,-0.68375,5.61481831327217,0.147177711706826,12
W:14_L:5_NM:4_T:-1.6,14,5,10.575,14.246117892254,70,4,-1.6,0.0039,-1.086,-0.67875,5.62083789786922,0.147731023621615,12
W:14_L:5_NM:4_T:-1.6,14,5,10.575,14.246117892254,70,4,-1.6,0.0039,-1.079,-0.674375,5.62633414404614,0.148313477824202,12
W:14_L:5_NM:4_T:-1.6,14,5,10.575,14.246117892254,70,4,-1.6,0.0039,-1.071,-0.669375,5.63171611987965,0.149059404815403,12
W:14_L:5_NM:4_T:-1.6,14,5,10.575,14.246117892254,70,4,-1.6,0.0039,-1.064,-0.665,5.63650392924352,0.149781293797907,12
W:14_L:5_NM:4_T:-1.6,14,5,10.575,14.246117892254,70,4,-1.6,0.0039,-1.056,-0.66,5.64195925093387,0.150726344698014,12
W:14_L:5_NM:4_T:-1.6,14,5,10.575,14.246117892254,70,4,-1.6,0.0039,-1.049,-0.655625,5.64608822905186,0.151665609937978,12
W:14_L:5_NM:4_T:-1.6,14,5,10.575,14.246117892254,70,4,-1.6,0.0039,-1.041,-0.650625,5.65113176966312,0.152853184115733,12
W:14_L:5_NM:4_T:-1.6,14,5,10.575,14.246117892254,70,4,-1.6,0.0039,-1.034,-0.64625,5.65484778312486,0.15400138109314,12
W:14_L:5_NM:4_T:-1.6,14,5,10.575,14.246117892254,70,4,-1.6,0.0039,-1.026,-0.64125,5.65894904262089,0.155519852400836,12
W:14_L:5_NM:4_T:-1.6,14,5,10.575,14.246117892254,70,4,-1.6,0.0039,-1.019,-0.636875,5.66208537911039,0.156958996611196,12
W:14_L:5_NM:4_T:-1.6,14,5,10.575,14.246117892254,70,4,-1.6,0.0039,-1.011,-0.631875,5.66483332644186,0.158767648643237,12
W:14_L:5_NM:4_T:-1.6,14,5,10.575,14.246117892254,70,4,-1.6,0.0039,-1.004,-0.6275,5.66713950761218,0.160512058746092,12
W:14_L:5_NM:4_T:-1.6,14,5,10.575,14.246117892254,70,4,-1.6,0.0039,-0.996,-0.6225,5.66947632973585,0.162774866903597,12
W:14_L:5_NM:4_T:-1.6,14,5,10.575,14.246117892254,70,4,-1.6,0.0039,-0.989,-0.618125,5.67043366759345,0.164987708439382,12
W:14_L:5_NM:4_T:-1.6,14,5,10.575,14.246117892254,70,4,-1.6,0.0039,-0.981,-0.613125,5.6702275252454,0.167829330620327,12
W:14_L:5_NM:4_T:-1.6,14,5,10.575,14.246117892254,70,4,-1.6,0.0039,-0.974,-0.60875,5.66948373947225,0.17074533396768,12
W:14_L:5_NM:4_T:-1.6,14,5,10.575,14.246117892254,70,4,-1.6,0.0039,-0.966,-0.60375,5.66748744932286,0.174291028240582,12
W:14_L:5_NM:4_T:-1.6,14,5,10.575,14.246117892254,70,4,-1.6,0.0039,-0.959,-0.599375,5.66325592923574,0.178045549399068,12
W:14_L:5_NM:4_T:-1.6,14,5,10.575,14.246117892254,70,4,-1.6,0.0039,-0.951,-0.594375,5.65690447435731,0.18268007215847,12
W:14_L:5_NM:4_T:-1.6,14,5,10.575,14.246117892254,70,4,-1.6,0.0039,-0.944,-0.59,5.64942243848697,0.187662400178544,12
W:14_L:5_NM:4_T:-1.6,14,5,10.575,14.246117892254,70,4,-1.6,0.0039,-0.936,-0.585,5.63666490698155,0.194116319584493,12
W:14_L:5_NM:4_T:-1.6,14,5,10.575,14.246117892254,70,4,-1.6,0.0039,-0.929,-0.580625,5.61989407588325,0.200855148577877,12
W:14_L:5_NM:4_T:-1.6,14,5,10.575,14.246117892254,70,4,-1.6,0.0039,-0.921,-0.575625,5.59440501315835,0.210633753175157,12
W:14_L:5_NM:4_T:-1.6,14,5,10.575,14.246117892254,70,4,-1.6,0.0039,-0.914,-0.57125,5.56432335910669,0.220630891209173,12
W:14_L:5_NM:4_T:-1.6,14,5,10.575,14.246117892254,70,4,-1.6,0.0039,-0.906,-0.56625,5.51131481701061,0.235713953871255,12
W:14_L:5_NM:4_T:-1.6,14,5,10.575,14.246117892254,70,4,-1.6,0.0039,-0.898,-0.56125,5.42580691923339,0.256683537569103,12
W:14_L:5_NM:4_T:-1.6,14,5,10.575,14.246117892254,70,4,-1.6,0.0039,-0.891,-0.556875,5.30238738788082,0.283264337146593,12
W:14_L:5_NM:4_T:-1.6,14,5,10.575,14.246117892254,70,4,-1.6,0.0039,-0.883,-0.551875,5.00807324514959,0.334317119503717,12
W:14_L:5_NM:4_T:-1.6,14,5,10.575,14.246117892254,70,4,-1.6,0.0039,-0.876,-0.5475,4.21255932951115,0.430214822266511,12
W:14_L:5_NM:4_T:-1.6,14,5,10.575,14.246117892254,70,4,-1.6,0.0039,-0.868,-0.5425,1.8679815052333,0.783323186983322,12
W:14_L:5_NM:4_T:-1.6,14,5,10.575,14.246117892254,70,4,-1.6,0.0039,-0.861,-0.538125,1.89562368920425,0.0647799588531806,12
W:14_L:5_NM:4_T:-1.6,14,5,10.575,14.246117892254,70,4,-1.6,0.0039,-0.853,-0.533125,1.91228737803904,0.0522270197111808,4
W:14_L:5_NM:4_T:-1.6,14,5,10.575,14.246117892254,70,4,-1.6,0.0039,-0.846,-0.52875,1.91888481128704,0.0493912555794644,4
W:14_L:5_NM:4_T:-1.6,14,5,10.575,14.246117892254,70,4,-1.6,0.0039,-0.838,-0.52375,1.92377351589634,0.0476160258791708,4
W:14_L:5_NM:4_T:-1.6,14,5,10.575,14.246117892254,70,4,-1.6,0.0039,-0.831,-0.519375,1.92712616162359,0.0468310533577698,4
W:14_L:5_NM:4_T:-1.6,14,5,10.575,14.246117892254,70,4,-1.6,0.0039,-0.823,-0.514375,1.93027987613163,0.0460901683590064,4
W:14_L:5_NM:4_T:-1.6,14,5,10.575,14.246117892254,70,4,-1.6,0.0039,-0.816,-0.51,1.93275038070648,0.0456447798035488,4
W:14_L:5_NM:4_T:-1.6,14,5,10.575,14.246117892254,70,4,-1.6,0.0039,-0.808,-0.505,1.93533440936162,0.0452617130157437,4
W:14_L:5_NM:4_T:-1.6,14,5,10.575,14.246117892254,70,4,-1.6,0.0039,-0.801,-0.500625,1.93743092471774,0.0449931956785412,4
W:14_L:5_NM:4_T:-1.6,14,5,10.575,14.246117892254,70,4,-1.6,0.0039,-0.793,-0.495625,1.93971234146577,0.0447389378070713,4
W:14_L:5_NM:4_T:-1.6,14,5,10.575,14.246117892254,70,4,-1.6,0.0039,-0.786,-0.49125,1.94163572961288,0.0445499057051649,4
W:14_L:5_NM:4_T:-1.6,14,5,10.575,14.246117892254,70,4,-1.6,0.0039,-0.778,-0.48625,1.94379373676474,0.0443582542421528,4
W:14_L:5_NM:4_T:-1.6,14,5,10.575,14.246117892254,70,4,-1.6,0.0039,-0.771,-0.481875,1.94562430077364,0.0442127824461864,4
W:14_L:5_NM:4_T:-1.6,14,5,10.575,14.246117892254,70,4,-1.6,0.0039,-0.763,-0.476875,1.947690629402,0.0440618091630939,4
W:14_L:5_NM:4_T:-1.6,14,5,10.575,14.246117892254,70,4,-1.6,0.0039,-0.756,-0.4725,1.94944654449322,0.0439498408387876,4
W:14_L:5_NM:4_T:-1.6,14,5,10.575,14.246117892254,70,4,-1.6,0.0039,-0.748,-0.4675,1.9514686589532,0.0438229255270713,4
W:14_L:5_NM:4_T:-1.6,14,5,10.575,14.246117892254,70,4,-1.6,0.0039,-0.741,-0.463125,1.95315632220509,0.0437395749456666,4
W:14_L:5_NM:4_T:-1.6,14,5,10.575,14.246117892254,70,4,-1.6,0.0039,-0.733,-0.458125,1.95511281400926,0.0436392037744467,4
W:14_L:5_NM:4_T:-1.6,14,5,10.575,14.246117892254,70,4,-1.6,0.0039,-0.726,-0.45375,1.9568113042351,0.0435578864052879,4
W:14_L:5_NM:4_T:-1.6,14,5,10.575,14.246117892254,70,4,-1.6,0.0039,-0.718,-0.44875,1.9586834149899,0.043489398425758,4
W:14_L:5_NM:4_T:-1.6,14,5,10.575,14.246117892254,70,4,-1.6,0.0039,-0.711,-0.444375,1.96035331426476,0.0434188072758838,4
W:14_L:5_NM:4_T:-1.6,14,5,10.575,14.246117892254,70,4,-1.6,0.0039,-0.703,-0.439375,1.96219242316143,0.0433629259892628,4
W:14_L:5_NM:4_T:-1.6,14,5,10.575,14.246117892254,70,4,-1.6,0.0039,-0.695,-0.434375,1.96403211674602,0.0433057966844346,4
W:14_L:5_NM:4_T:-1.6,14,5,10.575,14.246117892254,70,4,-1.6,0.0039,-0.688,-0.43,1.96560895919032,0.0432684486471414,4
W:14_L:5_NM:4_T:-1.6,14,5,10.575,14.246117892254,70,4,-1.6,0.0039,-0.68,-0.425,1.96740037163526,0.0432259611817881,4
W:14_L:5_NM:4_T:-1.6,14,5,10.575,14.246117892254,70,4,-1.6,0.0039,-0.673,-0.420625,1.96894644305016,0.0431950943917375,4
W:14_L:5_NM:4_T:-1.6,14,5,10.575,14.246117892254,70,4,-1.6,0.0039,-0.665,-0.415625,1.97069081542383,0.0431638332413105,4
W:14_L:5_NM:4_T:-1.6,14,5,10.575,14.246117892254,70,4,-1.6,0.0039,-0.658,-0.41125,1.97218780166078,0.0431442830913049,4
W:14_L:5_NM:4_T:-1.6,14,5,10.575,14.246117892254,70,4,-1.6,0.0039,-0.65,-0.40625,1.97388616291137,0.0431183926218707,4
W:14_L:5_NM:4_T:-1.6,14,5,10.575,14.246117892254,70,4,-1.6,0.0039,-0.643,-0.401875,1.975314159236,0.0431182853710177,4
W:14_L:5_NM:4_T:-1.6,14,5,10.575,14.246117892254,70,4,-1.6,0.0039,-0.635,-0.396875,1.97694465421031,0.0431074784104596,4
W:14_L:5_NM:4_T:-1.6,14,5,10.575,14.246117892254,70,4,-1.6,0.0039,-0.628,-0.3925,1.97831592029778,0.0431129540413246,4
W:14_L:5_NM:4_T:-1.6,14,5,10.575,14.246117892254,70,4,-1.6,0.0039,-0.62,-0.3875,1.97986312592421,0.0431202471791914,4
W:14_L:5_NM:4_T:-1.6,14,5,10.575,14.246117892254,70,4,-1.6,0.0039,-0.613,-0.383125,1.98120098025363,0.0431255955102352,4
W:14_L:5_NM:4_T:-1.6,14,5,10.575,14.246117892254,70,4,-1.6,0.0039,-0.605,-0.378125,1.98266006403163,0.0431520278083468,4
W:14_L:5_NM:4_T:-1.6,14,5,10.575,14.246117892254,70,4,-1.6,0.0039,-0.598,-0.37375,1.98390179673322,0.0431773264706926,4
W:14_L:5_NM:4_T:-1.6,14,5,10.575,14.246117892254,70,4,-1.6,0.0039,-0.59,-0.36875,1.98527700965945,0.0432118204813794,4
W:14_L:5_NM:4_T:-1.6,14,5,10.575,14.246117892254,70,4,-1.6,0.0039,-0.583,-0.364375,1.98644645466852,0.0432445780207865,4
W:14_L:5_NM:4_T:-1.6,14,5,10.575,14.246117892254,70,4,-1.6,0.0039,-0.575,-0.359375,1.98771691660386,0.043295213578037,4
W:14_L:5_NM:4_T:-1.6,14,5,10.575,14.246117892254,70,4,-1.6,0.0039,-0.568,-0.355,1.98879336985688,0.0433399533348118,4
W:14_L:5_NM:4_T:-1.6,14,5,10.575,14.246117892254,70,4,-1.6,0.0039,-0.56,-0.35,1.98996222774295,0.0433967026762403,4
W:14_L:5_NM:4_T:-1.6,14,5,10.575,14.246117892254,70,4,-1.6,0.0039,-0.553,-0.345625,1.99092287783742,0.0434570891837257,4
W:14_L:5_NM:4_T:-1.6,14,5,10.575,14.246117892254,70,4,-1.6,0.0039,-0.545,-0.340625,1.99195558003342,0.0435379788540601,4
W:14_L:5_NM:4_T:-1.6,14,5,10.575,14.246117892254,70,4,-1.6,0.0039,-0.538,-0.33625,1.99280493871917,0.0436148720602713,4
W:14_L:5_NM:4_T:-1.6,14,5,10.575,14.246117892254,70,4,-1.6,0.0039,-0.53,-0.33125,1.99368713606199,0.0437161716678972,4
W:14_L:5_NM:4_T:-1.6,14,5,10.575,14.246117892254,70,4,-1.6,0.0039,-0.523,-0.326875,1.99440102241738,0.0438092107711141,4
W:14_L:5_NM:4_T:-1.6,14,5,10.575,14.246117892254,70,4,-1.6,0.0039,-0.515,-0.321875,1.99512910239878,0.0439268941645121,4
W:14_L:5_NM:4_T:-1.6,14,5,10.575,14.246117892254,70,4,-1.6,0.0039,-0.508,-0.3175,1.99567920641774,0.0440430989939433,4
W:14_L:5_NM:4_T:-1.6,14,5,10.575,14.246117892254,70,4,-1.6,0.0039,-0.5,-0.3125,1.99621807799967,0.0441859568460771,4
W:14_L:5_NM:4_T:-1.6,14,5,10.575,14.246117892254,70,4,-1.6,0.0039,-0.492,-0.3075,1.99663958416091,0.0443419750594443,4
W:14_L:5_NM:4_T:-1.6,14,5,10.575,14.246117892254,70,4,-1.6,0.0039,-0.485,-0.303125,1.99690719028746,0.0444959886520421,4
W:14_L:5_NM:4_T:-1.6,14,5,10.575,14.246117892254,70,4,-1.6,0.0039,-0.477,-0.298125,1.99709197533965,0.0446789822898528,4
W:14_L:5_NM:4_T:-1.6,14,5,10.575,14.246117892254,70,4,-1.6,0.0039,-0.47,-0.29375,1.99712524419698,0.0448649917811371,4
W:14_L:5_NM:4_T:-1.6,14,5,10.575,14.246117892254,70,4,-1.6,0.0039,-0.462,-0.28875,1.9970220795052,0.0450880127939563,4
W:14_L:5_NM:4_T:-1.6,14,5,10.575,14.246117892254,70,4,-1.6,0.0039,-0.455,-0.284375,1.99680117749293,0.0452926888619866,4
W:14_L:5_NM:4_T:-1.6,14,5,10.575,14.246117892254,70,4,-1.6,0.0039,-0.447,-0.279375,1.9963699376807,0.0455508424411073,4
W:14_L:5_NM:4_T:-1.6,14,5,10.575,14.246117892254,70,4,-1.6,0.0039,-0.44,-0.275,1.99581436959289,0.0458016054698767,4
W:14_L:5_NM:4_T:-1.6,14,5,10.575,14.246117892254,70,4,-1.6,0.0039,-0.432,-0.27,1.9949607892098,0.0461143726073523,4
W:14_L:5_NM:4_T:-1.6,14,5,10.575,14.246117892254,70,4,-1.6,0.0039,-0.425,-0.265625,1.99398985821636,0.046418715805838,4
W:14_L:5_NM:4_T:-1.6,14,5,10.575,14.246117892254,70,4,-1.6,0.0039,-0.417,-0.260625,1.99263634969722,0.0467897554072449,4
W:14_L:5_NM:4_T:-1.6,14,5,10.575,14.246117892254,70,4,-1.6,0.0039,-0.41,-0.25625,1.99117586925769,0.0471455678394981,4
W:14_L:5_NM:4_T:-1.6,14,5,10.575,14.246117892254,70,4,-1.6,0.0039,-0.402,-0.25125,1.98915013267183,0.0476030569951714,4
W:14_L:5_NM:4_T:-1.6,14,5,10.575,14.246117892254,70,4,-1.6,0.0039,-0.395,-0.246875,1.98703234907282,0.0480403861021423,4
W:14_L:5_NM:4_T:-1.6,14,5,10.575,14.246117892254,70,4,-1.6,0.0039,-0.387,-0.241875,1.98417602452815,0.048586383229814,4
W:14_L:5_NM:4_T:-1.6,14,5,10.575,14.246117892254,70,4,-1.6,0.0039,-0.38,-0.2375,1.98119808431492,0.0491236890373232,4
W:14_L:5_NM:4_T:-1.6,14,5,10.575,14.246117892254,70,4,-1.6,0.0039,-0.372,-0.2325,1.9771478209064,0.0498154107157622,4
W:14_L:5_NM:4_T:-1.6,14,5,10.575,14.246117892254,70,4,-1.6,0.0039,-0.365,-0.228125,1.97309819396636,0.0504602645870396,4
W:14_L:5_NM:4_T:-1.6,14,5,10.575,14.246117892254,70,4,-1.6,0.0039,-0.357,-0.223125,1.9675163042888,0.0513205383025769,4
W:14_L:5_NM:4_T:-1.6,14,5,10.575,14.246117892254,70,4,-1.6,0.0039,-0.35,-0.21875,1.96184647091616,0.0521478331629771,4
W:14_L:5_NM:4_T:-1.6,14,5,10.575,14.246117892254,70,4,-1.6,0.0039,-0.342,-0.21375,1.95404216500172,0.053250057197851,4
W:14_L:5_NM:4_T:-1.6,14,5,10.575,14.246117892254,70,4,-1.6,0.0039,-0.335,-0.209375,1.94610456750742,0.0543212801800307,4
W:14_L:5_NM:4_T:-1.6,14,5,10.575,14.246117892254,70,4,-1.6,0.0039,-0.327,-0.204375,1.93531046436261,0.0557215328569905,4
W:14_L:5_NM:4_T:-1.6,14,5,10.575,14.246117892254,70,4,-1.6,0.0039,-0.32,-0.2,1.9237199802571,0.0571806199004212,4
W:14_L:5_NM:4_T:-1.6,14,5,10.575,14.246117892254,70,4,-1.6,0.0039,-0.312,-0.195,1.90826237365471,0.0590656187973586,4
W:14_L:5_NM:4_T:-1.6,14,5,10.575,14.246117892254,70,4,-1.6,0.0039,-0.305,-0.190625,1.8918551973966,0.0609938712803973,4
W:14_L:5_NM:4_T:-1.6,14,5,10.575,14.246117892254,70,4,-1.6,0.0039,-0.297,-0.185625,1.86868647386891,0.063648268253622,4
W:14_L:5_NM:4_T:-1.6,14,5,10.575,14.246117892254,70,4,-1.6,0.0039,-0.289,-0.180625,1.83983874252529,0.0668326945434936,4
W:14_L:5_NM:4_T:-1.6,14,5,10.575,14.246117892254,70,4,-1.6,0.0039,-0.282,-0.17625,1.80911613768489,0.0701440217829793,4
W:14_L:5_NM:4_T:-1.6,14,5,10.575,14.246117892254,70,4,-1.6,0.0039,-0.274,-0.17125,1.7649411400232,0.0747463995217381,4
W:14_L:5_NM:4_T:-1.6,14,5,10.575,14.246117892254,70,4,-1.6,0.0039,-0.267,-0.166875,1.71697024626769,0.0796158082549426,4
W:14_L:5_NM:4_T:-1.6,14,5,10.575,14.246117892254,70,4,-1.6,0.0039,-0.259,-0.161875,1.64837059398195,0.0863966284505426,4
W:14_L:5_NM:4_T:-1.6,14,5,10.575,14.246117892254,70,4,-1.6,0.0039,-0.252,-0.1575,1.5738575447311,0.0935444059814355,4
W:14_L:5_NM:4_T:-1.6,14,5,10.575,14.246117892254,70,4,-1.6,0.0039,-0.244,-0.1525,1.46996829156272,0.103210776071419,4
W:14_L:5_NM:4_T:-1.6,14,5,10.575,14.246117892254,70,4,-1.6,0.0039,-0.237,-0.148125,1.36298211237573,0.112856576017093,4
W:14_L:5_NM:4_T:-1.6,14,5,10.575,14.246117892254,70,4,-1.6,0.0039,-0.229,-0.143125,1.22974075409559,0.124354516017569,4
W:14_L:5_NM:4_T:-1.6,14,5,10.575,14.246117892254,70,4,-1.6,0.0039,-0.222,-0.13875,1.11692055281781,0.133561475355854,4
W:14_L:5_NM:4_T:-1.6,14,5,10.575,14.246117892254,70,4,-1.6,0.0039,-0.214,-0.13375,1.02110538335634,0.140485580078835,4
W:14_L:5_NM:4_T:-1.6,14,5,10.575,14.246117892254,70,4,-1.6,0.0039,-0.207,-0.129375,0.988278882867167,0.141657061207686,4
W:14_L:5_NM:4_T:-1.6,14,5,10.575,14.246117892254,70,4,-1.6,0.0039,-0.199,-0.124375,1.02040943801527,0.136874045092834,4
W:14_L:5_NM:4_T:-1.6,14,5,10.575,14.246117892254,70,4,-1.6,0.0039,-0.192,-0.12,1.09710471213581,0.128795750299563,4
W:14_L:5_NM:4_T:-1.6,14,5,10.575,14.246117892254,70,4,-1.6,0.0039,-0.184,-0.115,1.21423062131236,0.117623205074986,4
W:14_L:5_NM:4_T:-1.6,14,5,10.575,14.246117892254,70,4,-1.6,0.0039,-0.177,-0.110625,1.32027427820568,0.108141936365994,4
W:14_L:5_NM:4_T:-1.6,14,5,10.575,14.246117892254,70,4,-1.6,0.0039,-0.169,-0.105625,1.43183887469849,0.0986828231162944,4
W:14_L:5_NM:4_T:-1.6,14,5,10.575,14.246117892254,70,4,-1.6,0.0039,-0.162,-0.10125,1.51577031667261,0.0919596687139163,4
W:14_L:5_NM:4_T:-1.6,14,5,10.575,14.246117892254,70,4,-1.6,0.0039,-0.154,-0.09625,1.59546715478104,0.0860135276484978,4
W:14_L:5_NM:4_T:-1.6,14,5,10.575,14.246117892254,70,4,-1.6,0.0039,-0.147,-0.091875,1.65228664645501,0.0821362320880572,4
W:14_L:5_NM:4_T:-1.6,14,5,10.575,14.246117892254,70,4,-1.6,0.0039,-0.139,-0.086875,1.70471245877351,0.0789885296935226,4
W:14_L:5_NM:4_T:-1.6,14,5,10.575,14.246117892254,70,4,-1.6,0.0039,-0.132,-0.0825,1.74208336917971,0.0771461740605875,4
W:14_L:5_NM:4_T:-1.6,14,5,10.575,14.246117892254,70,4,-1.6,0.0039,-0.124,-0.0775,1.77656840366402,0.0759434725166295,4
W:14_L:5_NM:4_T:-1.6,14,5,10.575,14.246117892254,70,4,-1.6,0.0039,-0.117,-0.073125,1.80132307505782,0.0755450284105517,4
W:14_L:5_NM:4_T:-1.6,14,5,10.575,14.246117892254,70,4,-1.6,0.0039,-0.109,-0.068125,1.8242611075977,0.0757989205540199,4
W:14_L:5_NM:4_T:-1.6,14,5,10.575,14.246117892254,70,4,-1.6,0.0039,-0.102,-0.06375,1.84038449172652,0.0766231303295277,4
W:14_L:5_NM:4_T:-1.6,14,5,10.575,14.246117892254,70,4,-1.6,0.0039,-0.094,-0.05875,1.85564741773792,0.0781905572884948,4
W:14_L:5_NM:4_T:-1.6,14,5,10.575,14.246117892254,70,4,-1.6,0.0039,-0.086,-0.05375,1.86775625686863,0.0805150404264134,4
W:14_L:5_NM:4_T:-1.6,14,5,10.575,14.246117892254,70,4,-1.6,0.0039,-0.079,-0.049375,1.87639034036748,0.0832055425036438,4
W:14_L:5_NM:4_T:-1.6,14,5,10.575,14.246117892254,70,4,-1.6,0.0039,-0.071,-0.044375,1.88395801319679,0.0872368227489252,4
W:14_L:5_NM:4_T:-1.6,14,5,10.575,14.246117892254,70,4,-1.6,0.0039,-0.064,-0.04,1.88906500386479,0.0917421158058352,4
W:14_L:5_NM:4_T:-1.6,14,5,10.575,14.246117892254,70,4,-1.6,0.0039,-0.056,-0.035,1.89290825122652,0.0984405623945929,4
W:14_L:5_NM:4_T:-1.6,14,5,10.575,14.246117892254,70,4,-1.6,0.0039,-0.049,-0.030625,1.89474096640893,0.10611054191663,4
W:14_L:5_NM:4_T:-1.6,14,5,10.575,14.246117892254,70,4,-1.6,0.0039,-0.041,-0.025625,1.89497789654706,0.117962743089253,4
W:14_L:5_NM:4_T:-1.6,14,5,10.575,14.246117892254,70,4,-1.6,0.0039,-0.034,-0.02125,1.89342435176252,0.132484728916486,4
W:14_L:5_NM:4_T:-1.6,14,5,10.575,14.246117892254,70,4,-1.6,0.0039,-0.026,-0.01625,1.88899283657153,0.15760640962997,4
W:14_L:5_NM:4_T:-1.6,14,5,10.575,14.246117892254,70,4,-1.6,0.0039,-0.019,-0.011875,1.8814301806559,0.194853708996672,4
W:14_L:5_NM:4_T:-1.6,14,5,10.575,14.246117892254,70,4,-1.6,0.0039,-0.011,-0.006875,1.86533819457126,0.287713073314021,4
W:14_L:5_NM:4_T:-1.6,14,5,10.575,14.246117892254,70,4,-1.6,0.0039,-0.004,-0.0025,1.83187309828541,0.675433321520216,4
W:14_L:5_NM:4_T:-1.6,14,5,10.575,14.246117892254,70,4,-1.6,0.0039,0.004,0.0025,1.83187296434454,0.675436745645323,4
W:14_L:5_NM:4_T:-1.6,14,5,10.575,14.246117892254,70,4,-1.6,0.0039,0.011,0.006875,1.86533816740326,0.287713466344765,4
W:14_L:5_NM:4_T:-1.6,14,5,10.575,14.246117892254,70,4,-1.6,0.0039,0.019,0.011875,1.88143015000601,0.194853852676345,4
W:14_L:5_NM:4_T:-1.6,14,5,10.575,14.246117892254,70,4,-1.6,0.0039,0.026,0.01625,1.88899282166278,0.157606490644569,4
W:14_L:5_NM:4_T:-1.6,14,5,10.575,14.246117892254,70,4,-1.6,0.0039,0.034,0.02125,1.89342434402399,0.132484779257166,4
W:14_L:5_NM:4_T:-1.6,14,5,10.575,14.246117892254,70,4,-1.6,0.0039,0.041,0.025625,1.89497789835165,0.117962778984948,4
W:14_L:5_NM:4_T:-1.6,14,5,10.575,14.246117892254,70,4,-1.6,0.0039,0.049,0.030625,1.89474096866987,0.106110568429515,4
W:14_L:5_NM:4_T:-1.6,14,5,10.575,14.246117892254,70,4,-1.6,0.0039,0.056,0.035,1.89290825662198,0.0984405823333635,4
W:14_L:5_NM:4_T:-1.6,14,5,10.575,14.246117892254,70,4,-1.6,0.0039,0.064,0.04,1.88906501303503,0.0917421311785543,4
W:14_L:5_NM:4_T:-1.6,14,5,10.575,14.246117892254,70,4,-1.6,0.0039,0.071,0.044375,1.88395802919918,0.0872368342500529,4
W:14_L:5_NM:4_T:-1.6,14,5,10.575,14.246117892254,70,4,-1.6,0.0039,0.079,0.049375,1.87639035817041,0.0832055518252699,4
W:14_L:5_NM:4_T:-1.6,14,5,10.575,14.246117892254,70,4,-1.6,0.0039,0.086,0.05375,1.86775628686512,0.0805150471117859,4
W:14_L:5_NM:4_T:-1.6,14,5,10.575,14.246117892254,70,4,-1.6,0.0039,0.094,0.05875,1.85564746084403,0.0781905613772429,4
W:14_L:5_NM:4_T:-1.6,14,5,10.575,14.246117892254,70,4,-1.6,0.0039,0.102,0.06375,1.84038453188264,0.0766231338290055,4
W:14_L:5_NM:4_T:-1.6,14,5,10.575,14.246117892254,70,4,-1.6,0.0039,0.109,0.068125,1.82426114585744,0.0757989235942592,4
W:14_L:5_NM:4_T:-1.6,14,5,10.575,14.246117892254,70,4,-1.6,0.0039,0.117,0.073125,1.80132313662062,0.0755450286717608,4
W:14_L:5_NM:4_T:-1.6,14,5,10.575,14.246117892254,70,4,-1.6,0.0039,0.124,0.0775,1.77656847957802,0.0759434711940263,4
W:14_L:5_NM:4_T:-1.6,14,5,10.575,14.246117892254,70,4,-1.6,0.0039,0.132,0.0825,1.74208345742227,0.0771461712441092,4
W:14_L:5_NM:4_T:-1.6,14,5,10.575,14.246117892254,70,4,-1.6,0.0039,0.139,0.086875,1.70471257509237,0.0789885243203854,4
W:14_L:5_NM:4_T:-1.6,14,5,10.575,14.246117892254,70,4,-1.6,0.0039,0.147,0.091875,1.65228677279492,0.0821362249732147,4
W:14_L:5_NM:4_T:-1.6,14,5,10.575,14.246117892254,70,4,-1.6,0.0039,0.154,0.09625,1.595467299127,0.0860135182837073,4
W:14_L:5_NM:4_T:-1.6,14,5,10.575,14.246117892254,70,4,-1.6,0.0039,0.162,0.10125,1.51577049603041,0.0919596561534743,4
W:14_L:5_NM:4_T:-1.6,14,5,10.575,14.246117892254,70,4,-1.6,0.0039,0.169,0.105625,1.43183910019493,0.0986828062367797,4
W:14_L:5_NM:4_T:-1.6,14,5,10.575,14.246117892254,70,4,-1.6,0.0039,0.177,0.110625,1.3202745299261,0.108141916061788,4
W:14_L:5_NM:4_T:-1.6,14,5,10.575,14.246117892254,70,4,-1.6,0.0039,0.184,0.115,1.21423088352946,0.117623181296857,4
W:14_L:5_NM:4_T:-1.6,14,5,10.575,14.246117892254,70,4,-1.6,0.0039,0.192,0.12,1.09710493763603,0.128795730751446,4
W:14_L:5_NM:4_T:-1.6,14,5,10.575,14.246117892254,70,4,-1.6,0.0039,0.199,0.124375,1.02040957636618,0.136874030441062,4
W:14_L:5_NM:4_T:-1.6,14,5,10.575,14.246117892254,70,4,-1.6,0.0039,0.207,0.129375,0.988278872892775,0.141657061317932,4
W:14_L:5_NM:4_T:-1.6,14,5,10.575,14.246117892254,70,4,-1.6,0.0039,0.214,0.13375,1.02110524569371,0.140485590536612,4
W:14_L:5_NM:4_T:-1.6,14,5,10.575,14.246117892254,70,4,-1.6,0.0039,0.222,0.13875,1.11692031855246,0.133561493427239,4
W:14_L:5_NM:4_T:-1.6,14,5,10.575,14.246117892254,70,4,-1.6,0.0039,0.229,0.143125,1.22974048867783,0.124354540531494,4
W:14_L:5_NM:4_T:-1.6,14,5,10.575,14.246117892254,70,4,-1.6,0.0039,0.237,0.148125,1.36298185962657,0.112856597884899,4
W:14_L:5_NM:4_T:-1.6,14,5,10.575,14.246117892254,70,4,-1.6,0.0039,0.244,0.1525,1.46996807606298,0.103210796224803,4
W:14_L:5_NM:4_T:-1.6,14,5,10.575,14.246117892254,70,4,-1.6,0.0039,0.252,0.1575,1.57385736841735,0.0935444242963869,4
W:14_L:5_NM:4_T:-1.6,14,5,10.575,14.246117892254,70,4,-1.6,0.0039,0.259,0.161875,1.64837043768893,0.0863966440692814,4
W:14_L:5_NM:4_T:-1.6,14,5,10.575,14.246117892254,70,4,-1.6,0.0039,0.267,0.166875,1.71697013822775,0.0796158196499377,4
W:14_L:5_NM:4_T:-1.6,14,5,10.575,14.246117892254,70,4,-1.6,0.0039,0.274,0.17125,1.76494104476478,0.0747464093804901,4
W:14_L:5_NM:4_T:-1.6,14,5,10.575,14.246117892254,70,4,-1.6,0.0039,0.282,0.17625,1.80911605888121,0.0701440307274196,4
W:14_L:5_NM:4_T:-1.6,14,5,10.575,14.246117892254,70,4,-1.6,0.0039,0.289,0.180625,1.83983868415824,0.0668327014547417,4
W:14_L:5_NM:4_T:-1.6,14,5,10.575,14.246117892254,70,4,-1.6,0.0039,0.297,0.185625,1.86868642250586,0.0636482747135039,4
W:14_L:5_NM:4_T:-1.6,14,5,10.575,14.246117892254,70,4,-1.6,0.0039,0.305,0.190625,1.89185517582764,0.0609938741974063,4
W:14_L:5_NM:4_T:-1.6,14,5,10.575,14.246117892254,70,4,-1.6,0.0039,0.312,0.195,1.90826233895042,0.0590656230661251,4
W:14_L:5_NM:4_T:-1.6,14,5,10.575,14.246117892254,70,4,-1.6,0.0039,0.32,0.2,1.92371995965855,0.0571806227390298,4
W:14_L:5_NM:4_T:-1.6,14,5,10.575,14.246117892254,70,4,-1.6,0.0039,0.327,0.204375,1.93531044403776,0.0557215359473148,4
W:14_L:5_NM:4_T:-1.6,14,5,10.575,14.246117892254,70,4,-1.6,0.0039,0.335,0.209375,1.94610455128098,0.0543212826034992,4
W:14_L:5_NM:4_T:-1.6,14,5,10.575,14.246117892254,70,4,-1.6,0.0039,0.342,0.21375,1.95404214946429,0.0532500595538643,4
W:14_L:5_NM:4_T:-1.6,14,5,10.575,14.246117892254,70,4,-1.6,0.0039,0.35,0.21875,1.9618464556425,0.0521478358011988,4
W:14_L:5_NM:4_T:-1.6,14,5,10.575,14.246117892254,70,4,-1.6,0.0039,0.357,0.223125,1.96751629433431,0.0513205399266314,4
W:14_L:5_NM:4_T:-1.6,14,5,10.575,14.246117892254,70,4,-1.6,0.0039,0.365,0.228125,1.97309818519527,0.0504602662130384,4
W:14_L:5_NM:4_T:-1.6,14,5,10.575,14.246117892254,70,4,-1.6,0.0039,0.372,0.2325,1.97714781505054,0.0498154117624459,4
W:14_L:5_NM:4_T:-1.6,14,5,10.575,14.246117892254,70,4,-1.6,0.0039,0.38,0.2375,1.98119807695639,0.049123690544549,4
W:14_L:5_NM:4_T:-1.6,14,5,10.575,14.246117892254,70,4,-1.6,0.0039,0.387,0.241875,1.98417601986592,0.0485863844552857,4
W:14_L:5_NM:4_T:-1.6,14,5,10.575,14.246117892254,70,4,-1.6,0.0039,0.395,0.246875,1.98703234376639,0.0480403874425727,4
W:14_L:5_NM:4_T:-1.6,14,5,10.575,14.246117892254,70,4,-1.6,0.0039,0.402,0.25125,1.98915012989923,0.0476030577257051,4
W:14_L:5_NM:4_T:-1.6,14,5,10.575,14.246117892254,70,4,-1.6,0.0039,0.41,0.25625,1.9911758662662,0.0471455688041211,4
W:14_L:5_NM:4_T:-1.6,14,5,10.575,14.246117892254,70,4,-1.6,0.0039,0.417,0.260625,1.99263634747327,0.0467897561405685,4
W:14_L:5_NM:4_T:-1.6,14,5,10.575,14.246117892254,70,4,-1.6,0.0039,0.425,0.265625,1.99398985712695,0.0464187162376996,4
W:14_L:5_NM:4_T:-1.6,14,5,10.575,14.246117892254,70,4,-1.6,0.0039,0.432,0.27,1.99496078848669,0.0461143730109245,4
W:14_L:5_NM:4_T:-1.6,14,5,10.575,14.246117892254,70,4,-1.6,0.0039,0.44,0.275,1.99581436836764,0.0458016063809383,4
W:14_L:5_NM:4_T:-1.6,14,5,10.575,14.246117892254,70,4,-1.6,0.0039,0.447,0.279375,1.9963699373038,0.0455508430234514,4
W:14_L:5_NM:4_T:-1.6,14,5,10.575,14.246117892254,70,4,-1.6,0.0039,0.455,0.284375,1.99680117739161,0.0452926894640522,4
W:14_L:5_NM:4_T:-1.6,14,5,10.575,14.246117892254,70,4,-1.6,0.0039,0.462,0.28875,1.99702208000647,0.0450880131454459,4
W:14_L:5_NM:4_T:-1.6,14,5,10.575,14.246117892254,70,4,-1.6,0.0039,0.47,0.29375,1.9971252452462,0.0448649919037721,4
W:14_L:5_NM:4_T:-1.6,14,5,10.575,14.246117892254,70,4,-1.6,0.0039,0.477,0.298125,1.99709197632398,0.0446789826546332,4
W:14_L:5_NM:4_T:-1.6,14,5,10.575,14.246117892254,70,4,-1.6,0.0039,0.485,0.303125,1.99690719183398,0.0444959886277779,4
W:14_L:5_NM:4_T:-1.6,14,5,10.575,14.246117892254,70,4,-1.6,0.0039,0.492,0.3075,1.99663958580258,0.0443419751921129,4
W:14_L:5_NM:4_T:-1.6,14,5,10.575,14.246117892254,70,4,-1.6,0.0039,0.5,0.3125,1.99621807986684,0.0441859569034947,4
W:14_L:5_NM:4_T:-1.6,14,5,10.575,14.246117892254,70,4,-1.6,0.0039,0.508,0.3175,1.99567920819169,0.0440430992844729,4
W:14_L:5_NM:4_T:-1.6,14,5,10.575,14.246117892254,70,4,-1.6,0.0039,0.515,0.321875,1.99512910393721,0.0439268948293767,4
W:14_L:5_NM:4_T:-1.6,14,5,10.575,14.246117892254,70,4,-1.6,0.0039,0.523,0.326875,1.9944010246114,0.0438092110343426,4
W:14_L:5_NM:4_T:-1.6,14,5,10.575,14.246117892254,70,4,-1.6,0.0039,0.53,0.33125,1.99368713846974,0.0437161719092933,4
W:14_L:5_NM:4_T:-1.6,14,5,10.575,14.246117892254,70,4,-1.6,0.0039,0.538,0.33625,1.99280494098849,0.0436148724814193,4
W:14_L:5_NM:4_T:-1.6,14,5,10.575,14.246117892254,70,4,-1.6,0.0039,0.545,0.340625,1.99195558237683,0.043537979232182,4
W:14_L:5_NM:4_T:-1.6,14,5,10.575,14.246117892254,70,4,-1.6,0.0039,0.553,0.345625,1.9909228803538,0.0434570895899182,4
W:14_L:5_NM:4_T:-1.6,14,5,10.575,14.246117892254,70,4,-1.6,0.0039,0.56,0.35,1.9899622301867,0.0433967029829904,4
W:14_L:5_NM:4_T:-1.6,14,5,10.575,14.246117892254,70,4,-1.6,0.0039,0.568,0.355,1.98879337238609,0.0433399537104056,4
W:14_L:5_NM:4_T:-1.6,14,5,10.575,14.246117892254,70,4,-1.6,0.0039,0.575,0.359375,1.98771691923318,0.0432952139312575,4
W:14_L:5_NM:4_T:-1.6,14,5,10.575,14.246117892254,70,4,-1.6,0.0039,0.583,0.364375,1.9864464576589,0.0432445782420957,4
W:14_L:5_NM:4_T:-1.6,14,5,10.575,14.246117892254,70,4,-1.6,0.0039,0.59,0.36875,1.98527701281923,0.0432118204938951,4
W:14_L:5_NM:4_T:-1.6,14,5,10.575,14.246117892254,70,4,-1.6,0.0039,0.598,0.37375,1.98390179982728,0.0431773267224087,4
W:14_L:5_NM:4_T:-1.6,14,5,10.575,14.246117892254,70,4,-1.6,0.0039,0.605,0.378125,1.98266006728333,0.0431520278161389,4
W:14_L:5_NM:4_T:-1.6,14,5,10.575,14.246117892254,70,4,-1.6,0.0039,0.613,0.383125,1.98120098359834,0.0431255957052639,4
W:14_L:5_NM:4_T:-1.6,14,5,10.575,14.246117892254,70,4,-1.6,0.0039,0.62,0.3875,1.97986312893889,0.0431202474657713,4
W:14_L:5_NM:4_T:-1.6,14,5,10.575,14.246117892254,70,4,-1.6,0.0039,0.628,0.3925,1.97831592352105,0.0431129542148038,4
W:14_L:5_NM:4_T:-1.6,14,5,10.575,14.246117892254,70,4,-1.6,0.0039,0.635,0.396875,1.97694465733773,0.0431074785889582,4
W:14_L:5_NM:4_T:-1.6,14,5,10.575,14.246117892254,70,4,-1.6,0.0039,0.643,0.401875,1.9753141630568,0.0431182853326127,4
W:14_L:5_NM:4_T:-1.6,14,5,10.575,14.246117892254,70,4,-1.6,0.0039,0.65,0.40625,1.97388616598939,0.0431183928773085,4
W:14_L:5_NM:4_T:-1.6,14,5,10.575,14.246117892254,70,4,-1.6,0.0039,0.658,0.41125,1.97218780537391,0.0431442829443051,4
W:14_L:5_NM:4_T:-1.6,14,5,10.575,14.246117892254,70,4,-1.6,0.0039,0.665,0.415625,1.97069081848979,0.0431638334844944,4
W:14_L:5_NM:4_T:-1.6,14,5,10.575,14.246117892254,70,4,-1.6,0.0039,0.673,0.420625,1.96894644684942,0.0431950942235008,4
W:14_L:5_NM:4_T:-1.6,14,5,10.575,14.246117892254,70,4,-1.6,0.0039,0.68,0.425,1.96740037580641,0.0432259610067949,4
W:14_L:5_NM:4_T:-1.6,14,5,10.575,14.246117892254,70,4,-1.6,0.0039,0.688,0.43,1.96560896305073,0.0432684485595476,4
W:14_L:5_NM:4_T:-1.6,14,5,10.575,14.246117892254,70,4,-1.6,0.0039,0.695,0.434375,1.96403212079268,0.0433057964454748,4
W:14_L:5_NM:4_T:-1.6,14,5,10.575,14.246117892254,70,4,-1.6,0.0039,0.703,0.439375,1.96219242750016,0.0433629256486194,4
W:14_L:5_NM:4_T:-1.6,14,5,10.575,14.246117892254,70,4,-1.6,0.0039,0.711,0.444375,1.96035331756214,0.0434188073022759,4
W:14_L:5_NM:4_T:-1.6,14,5,10.575,14.246117892254,70,4,-1.6,0.0039,0.718,0.44875,1.95868341889532,0.0434893981959053,4
W:14_L:5_NM:4_T:-1.6,14,5,10.575,14.246117892254,70,4,-1.6,0.0039,0.726,0.45375,1.95681130762472,0.0435578863689289,4
W:14_L:5_NM:4_T:-1.6,14,5,10.575,14.246117892254,70,4,-1.6,0.0039,0.733,0.458125,1.9551128182664,0.0436392034324616,4
W:14_L:5_NM:4_T:-1.6,14,5,10.575,14.246117892254,70,4,-1.6,0.0039,0.741,0.463125,1.95315632579551,0.043739574791083,4
W:14_L:5_NM:4_T:-1.6,14,5,10.575,14.246117892254,70,4,-1.6,0.0039,0.748,0.4675,1.95146866325245,0.0438229251518042,4
W:14_L:5_NM:4_T:-1.6,14,5,10.575,14.246117892254,70,4,-1.6,0.0039,0.756,0.4725,1.94944654878078,0.0439498404326507,4
W:14_L:5_NM:4_T:-1.6,14,5,10.575,14.246117892254,70,4,-1.6,0.0039,0.763,0.476875,1.94769063328437,0.0440618088332007,4
W:14_L:5_NM:4_T:-1.6,14,5,10.575,14.246117892254,70,4,-1.6,0.0039,0.771,0.481875,1.94562430414401,0.0442127821969073,4
W:14_L:5_NM:4_T:-1.6,14,5,10.575,14.246117892254,70,4,-1.6,0.0039,0.778,0.48625,1.94379373963756,0.0443582541773194,4
W:14_L:5_NM:4_T:-1.6,14,5,10.575,14.246117892254,70,4,-1.6,0.0039,0.786,0.49125,1.94163573319611,0.0445499053613512,4
W:14_L:5_NM:4_T:-1.6,14,5,10.575,14.246117892254,70,4,-1.6,0.0039,0.793,0.495625,1.93971234456675,0.0447389375744011,4
W:14_L:5_NM:4_T:-1.6,14,5,10.575,14.246117892254,70,4,-1.6,0.0039,0.801,0.500625,1.93743092836531,0.0449931950540834,4
W:14_L:5_NM:4_T:-1.6,14,5,10.575,14.246117892254,70,4,-1.6,0.0039,0.808,0.505,1.93533441369119,0.0452617122762372,4
W:14_L:5_NM:4_T:-1.6,14,5,10.575,14.246117892254,70,4,-1.6,0.0039,0.816,0.51,1.93275038546984,0.0456447787723628,4
W:14_L:5_NM:4_T:-1.6,14,5,10.575,14.246117892254,70,4,-1.6,0.0039,0.823,0.514375,1.93027988171898,0.0460901666980887,4
W:14_L:5_NM:4_T:-1.6,14,5,10.575,14.246117892254,70,4,-1.6,0.0039,0.831,0.519375,1.92712616815154,0.0468310529083557,4
W:14_L:5_NM:4_T:-1.6,14,5,10.575,14.246117892254,70,4,-1.6,0.0039,0.838,0.52375,1.92377352383756,0.047616022292188,4
W:14_L:5_NM:4_T:-1.6,14,5,10.575,14.246117892254,70,4,-1.6,0.0039,0.846,0.52875,1.91888482062208,0.0493912587226087,4
W:14_L:5_NM:4_T:-1.6,14,5,10.575,14.246117892254,70,4,-1.6,0.0039,0.853,0.533125,1.91228739763123,0.0522270098259827,4
W:14_L:5_NM:4_T:-1.6,14,5,10.575,14.246117892254,70,4,-1.6,0.0039,0.861,0.538125,1.89562375810936,0.0647798932240343,12
W:14_L:5_NM:4_T:-1.6,14,5,10.575,14.246117892254,70,4,-1.6,0.0039,0.868,0.5425,1.86797784966501,0.783350685089001,12
W:14_L:5_NM:4_T:-1.6,14,5,10.575,14.246117892254,70,4,-1.6,0.0039,0.876,0.5475,4.21256329332343,0.430215182514322,12
W:14_L:5_NM:4_T:-1.6,14,5,10.575,14.246117892254,70,4,-1.6,0.0039,0.883,0.551875,5.00807305093994,0.33431719749003,12
W:14_L:5_NM:4_T:-1.6,14,5,10.575,14.246117892254,70,4,-1.6,0.0039,0.891,0.556875,5.30238686631872,0.283264418511623,12
W:14_L:5_NM:4_T:-1.6,14,5,10.575,14.246117892254,70,4,-1.6,0.0039,0.898,0.56125,5.42580651022317,0.256683616145452,12
W:14_L:5_NM:4_T:-1.6,14,5,10.575,14.246117892254,70,4,-1.6,0.0039,0.906,0.56625,5.51131459734515,0.23571399974401,12
W:14_L:5_NM:4_T:-1.6,14,5,10.575,14.246117892254,70,4,-1.6,0.0039,0.914,0.57125,5.56432315907162,0.220630930620321,12
W:14_L:5_NM:4_T:-1.6,14,5,10.575,14.246117892254,70,4,-1.6,0.0039,0.921,0.575625,5.59440493247383,0.210633766456208,12
W:14_L:5_NM:4_T:-1.6,14,5,10.575,14.246117892254,70,4,-1.6,0.0039,0.929,0.580625,5.61989401103099,0.200855172640327,12
W:14_L:5_NM:4_T:-1.6,14,5,10.575,14.246117892254,70,4,-1.6,0.0039,0.936,0.585,5.63666486692719,0.19411633549767,12
W:14_L:5_NM:4_T:-1.6,14,5,10.575,14.246117892254,70,4,-1.6,0.0039,0.944,0.59,5.64942241775595,0.187662410879585,12
W:14_L:5_NM:4_T:-1.6,14,5,10.575,14.246117892254,70,4,-1.6,0.0039,0.951,0.594375,5.65690445178802,0.182680088892285,12
W:14_L:5_NM:4_T:-1.6,14,5,10.575,14.246117892254,70,4,-1.6,0.0039,0.959,0.599375,5.66325590909451,0.17804556008638,12
W:14_L:5_NM:4_T:-1.6,14,5,10.575,14.246117892254,70,4,-1.6,0.0039,0.966,0.60375,5.66748743492035,0.174291038348312,12
W:14_L:5_NM:4_T:-1.6,14,5,10.575,14.246117892254,70,4,-1.6,0.0039,0.974,0.60875,5.66948376155472,0.170745339907455,12
W:14_L:5_NM:4_T:-1.6,14,5,10.575,14.246117892254,70,4,-1.6,0.0039,0.981,0.613125,5.67022750438467,0.167829339959917,12
W:14_L:5_NM:4_T:-1.6,14,5,10.575,14.246117892254,70,4,-1.6,0.0039,0.989,0.618125,5.67043364329887,0.164987714000802,12
W:14_L:5_NM:4_T:-1.6,14,5,10.575,14.246117892254,70,4,-1.6,0.0039,0.996,0.6225,5.66947631986575,0.162774872229542,12
W:14_L:5_NM:4_T:-1.6,14,5,10.575,14.246117892254,70,4,-1.6,0.0039,1.004,0.6275,5.66713949887397,0.160512063350262,12
W:14_L:5_NM:4_T:-1.6,14,5,10.575,14.246117892254,70,4,-1.6,0.0039,1.011,0.631875,5.66483332256197,0.158767653574554,12
W:14_L:5_NM:4_T:-1.6,14,5,10.575,14.246117892254,70,4,-1.6,0.0039,1.019,0.636875,5.66208537565083,0.156959000210105,12
W:14_L:5_NM:4_T:-1.6,14,5,10.575,14.246117892254,70,4,-1.6,0.0039,1.026,0.64125,5.658949041233,0.155519855966575,12
W:14_L:5_NM:4_T:-1.6,14,5,10.575,14.246117892254,70,4,-1.6,0.0039,1.034,0.64625,5.65484778281935,0.154001384820945,12
W:14_L:5_NM:4_T:-1.6,14,5,10.575,14.246117892254,70,4,-1.6,0.0039,1.041,0.650625,5.6511317744522,0.152853186098158,12
W:14_L:5_NM:4_T:-1.6,14,5,10.575,14.246117892254,70,4,-1.6,0.0039,1.049,0.655625,5.64608822361117,0.151665612189349,12
W:14_L:5_NM:4_T:-1.6,14,5,10.575,14.246117892254,70,4,-1.6,0.0039,1.056,0.66,5.64195923968445,0.150726347099211,12
W:14_L:5_NM:4_T:-1.6,14,5,10.575,14.246117892254,70,4,-1.6,0.0039,1.064,0.665,5.63650390651544,0.149781294136269,12
W:14_L:5_NM:4_T:-1.6,14,5,10.575,14.246117892254,70,4,-1.6,0.0039,1.071,0.669375,5.63171611631155,0.149059408249434,12
W:14_L:5_NM:4_T:-1.6,14,5,10.575,14.246117892254,70,4,-1.6,0.0039,1.079,0.674375,5.62633414739532,0.148313479403252,12
W:14_L:5_NM:4_T:-1.6,14,5,10.575,14.246117892254,70,4,-1.6,0.0039,1.086,0.67875,5.62083789048413,0.147731025199776,12
W:14_L:5_NM:4_T:-1.6,14,5,10.575,14.246117892254,70,4,-1.6,0.0039,1.094,0.68375,5.61481832211828,0.147177712968227,12
W:14_L:5_NM:4_T:-1.6,14,5,10.575,14.246117892254,70,4,-1.6,0.0039,1.102,0.68875,5.60845709817715,0.146713115891568,12
W:14_L:5_NM:4_T:-1.6,14,5,10.575,14.246117892254,70,4,-1.6,0.0039,1.109,0.693125,5.60265867248229,0.146370741823982,12
W:14_L:5_NM:4_T:-1.6,14,5,10.575,14.246117892254,70,4,-1.6,0.0039,1.117,0.698125,5.59581620314306,0.146056364534517,12
W:14_L:5_NM:4_T:-1.6,14,5,10.575,14.246117892254,70,4,-1.6,0.0039,1.124,0.7025,5.58957115791355,0.145861403359108,12
W:14_L:5_NM:4_T:-1.6,14,5,10.575,14.246117892254,70,4,-1.6,0.0039,1.132,0.7075,5.58239660413521,0.14571998725775,12
W:14_L:5_NM:4_T:-1.6,14,5,10.575,14.246117892254,70,4,-1.6,0.0039,1.139,0.711875,5.57547900777612,0.145660282147927,12
W:14_L:5_NM:4_T:-1.6,14,5,10.575,14.246117892254,70,4,-1.6,0.0039,1.147,0.716875,5.5676702368916,0.145682915082687,12
W:14_L:5_NM:4_T:-1.6,14,5,10.575,14.246117892254,70,4,-1.6,0.0039,1.154,0.72125,5.56020890372228,0.145774426182698,12
W:14_L:5_NM:4_T:-1.6,14,5,10.575,14.246117892254,70,4,-1.6,0.0039,1.162,0.72625,5.5511742556012,0.145969699014878,12
W:14_L:5_NM:4_T:-1.6,14,5,10.575,14.246117892254,70,4,-1.6,0.0039,1.169,0.730625,5.54286588026393,0.146227132365815,12
W:14_L:5_NM:4_T:-1.6,14,5,10.575,14.246117892254,70,4,-1.6,0.0039,1.177,0.735625,5.53236296267107,0.146621065373288,12
W:14_L:5_NM:4_T:-1.6,14,5,10.575,14.246117892254,70,4,-1.6,0.0039,1.184,0.74,5.52263553217954,0.147070245331432,12
W:14_L:5_NM:4_T:-1.6,14,5,10.575,14.246117892254,70,4,-1.6,0.0039,1.192,0.745,5.51038262825161,0.14771063124199,12
W:14_L:5_NM:4_T:-1.6,14,5,10.575,14.246117892254,70,4,-1.6,0.0039,1.199,0.749375,5.49861825296946,0.148399979568761,12
W:14_L:5_NM:4_T:-1.6,14,5,10.575,14.246117892254,70,4,-1.6,0.0039,1.207,0.754375,5.48370518474471,0.149359362398514,12
W:14_L:5_NM:4_T:-1.6,14,5,10.575,14.246117892254,70,4,-1.6,0.0039,1.214,0.75875,5.46910980573241,0.150376222142755,12
W:14_L:5_NM:4_T:-1.6,14,5,10.575,14.246117892254,70,4,-1.6,0.0039,1.222,0.76375,5.4499365640458,0.151779186918419,12
W:14_L:5_NM:4_T:-1.6,14,5,10.575,14.246117892254,70,4,-1.6,0.0039,1.229,0.768125,5.43097893937313,0.153277141113183,12
W:14_L:5_NM:4_T:-1.6,14,5,10.575,14.246117892254,70,4,-1.6,0.0039,1.237,0.773125,5.40488300116388,0.155357857287129,12
W:14_L:5_NM:4_T:-1.6,14,5,10.575,14.246117892254,70,4,-1.6,0.0039,1.244,0.7775,5.37802191852744,0.15761752581462,12
W:14_L:5_NM:4_T:-1.6,14,5,10.575,14.246117892254,70,4,-1.6,0.0039,1.252,0.7825,5.3408663244292,0.160877589843595,12
W:14_L:5_NM:4_T:-1.6,14,5,10.575,14.246117892254,70,4,-1.6,0.0039,1.259,0.786875,5.30078845153015,0.164562057882365,12
W:14_L:5_NM:4_T:-1.6,14,5,10.575,14.246117892254,70,4,-1.6,0.0039,1.267,0.791875,5.24223157089696,0.170180985049487,12
W:14_L:5_NM:4_T:-1.6,14,5,10.575,14.246117892254,70,4,-1.6,0.0039,1.274,0.79625,5.17456016557946,0.17703279239429,12
W:14_L:5_NM:4_T:-1.6,14,5,10.575,14.246117892254,70,4,-1.6,0.0039,1.282,0.80125,5.06864644961232,0.188800123673266,12
W:14_L:5_NM:4_T:-1.6,14,5,10.575,14.246117892254,70,4,-1.6,0.0039,1.289,0.805625,4.9337010342371,0.205827841793544,12
W:14_L:5_NM:4_T:-1.6,14,5,10.575,14.246117892254,70,4,-1.6,0.0039,1.297,0.810625,4.68802331105305,0.244470840343108,12
W:14_L:5_NM:4_T:-1.6,14,5,10.575,14.246117892254,70,4,-1.6,0.0039,1.305,0.815625,4.26365504893897,0.348667240893781,12
W:14_L:5_NM:4_T:-1.6,14,5,10.575,14.246117892254,70,4,-1.6,0.0039,1.312,0.82,4.20938994817918,0.483413734421072,12
W:14_L:5_NM:4_T:-1.6,14,5,10.575,14.246117892254,70,4,-1.6,0.0039,1.32,0.825,4.65584239273793,0.349589954942049,20
W:14_L:5_NM:4_T:-1.6,14,5,10.575,14.246117892254,70,4,-1.6,0.0039,1.327,0.829375,5.47117617527241,0.338633295999221,20
W:14_L:5_NM:4_T:-1.6,14,5,10.575,14.246117892254,70,4,-1.6,0.0039,1.335,0.834375,6.53110517151643,0.334701880171704,20
W:14_L:5_NM:4_T:-1.6,14,5,10.575,14.246117892254,70,4,-1.6,0.0039,1.342,0.83875,6.95668698488574,0.32436556959236,20
W:14_L:5_NM:4_T:-1.6,14,5,10.575,14.246117892254,70,4,-1.6,0.0039,1.35,0.84375,7.26025209637519,0.314679100350295,20
W:14_L:5_NM:4_T:-1.6,14,5,10.575,14.246117892254,70,4,-1.6,0.0039,1.357,0.848125,7.45650850001288,0.307821914329883,20
W:14_L:5_NM:4_T:-1.6,14,5,10.575,14.246117892254,70,4,-1.6,0.0039,1.365,0.853125,7.63252337907186,0.301400493276875,20
W:14_L:5_NM:4_T:-1.6,14,5,10.575,14.246117892254,70,4,-1.6,0.0039,1.372,0.8575,7.75475597524263,0.29683735201754,20
W:14_L:5_NM:4_T:-1.6,14,5,10.575,14.246117892254,70,4,-1.6,0.0039,1.38,0.8625,7.87260143368745,0.292522032389006,20
W:14_L:5_NM:4_T:-1.6,14,5,10.575,14.246117892254,70,4,-1.6,0.0039,1.387,0.866875,7.96112055218771,0.289364341183125,20
W:14_L:5_NM:4_T:-1.6,14,5,10.575,14.246117892254,70,4,-1.6,0.0039,1.395,0.871875,8.04974481176653,0.286329386435026,20
W:14_L:5_NM:4_T:-1.6,14,5,10.575,14.246117892254,70,4,-1.6,0.0039,1.402,0.87625,8.11878549622798,0.284106356682099,20
W:14_L:5_NM:4_T:-1.6,14,5,10.575,14.246117892254,70,4,-1.6,0.0039,1.41,0.88125,8.19002260039208,0.281980777256757,20
W:14_L:5_NM:4_T:-1.6,14,5,10.575,14.246117892254,70,4,-1.6,0.0039,1.417,0.885625,8.24648070138778,0.28043190612469,20
W:14_L:5_NM:4_T:-1.6,14,5,10.575,14.246117892254,70,4,-1.6,0.0039,1.425,0.890625,8.30587605812033,0.278989414369531,20
W:14_L:5_NM:4_T:-1.6,14,5,10.575,14.246117892254,70,4,-1.6,0.0039,1.432,0.895,8.35401385199779,0.277989315368136,20
W:14_L:5_NM:4_T:-1.6,14,5,10.575,14.246117892254,70,4,-1.6,0.0039,1.44,0.9,8.40473902908544,0.277109345474499,20
W:14_L:5_NM:4_T:-1.6,14,5,10.575,14.246117892254,70,4,-1.6,0.0039,1.447,0.904375,8.44560342077554,0.276547382456004,20
W:14_L:5_NM:4_T:-1.6,14,5,10.575,14.246117892254,70,4,-1.6,0.0039,1.455,0.909375,8.48955456642106,0.276165085654639,20
W:14_L:5_NM:4_T:-1.6,14,5,10.575,14.246117892254,70,4,-1.6,0.0039,1.462,0.91375,8.52544045008802,0.276050324371061,20
W:14_L:5_NM:4_T:-1.6,14,5,10.575,14.246117892254,70,4,-1.6,0.0039,1.47,0.91875,8.56270758260209,0.276135282889173,20
W:14_L:5_NM:4_T:-1.6,14,5,10.575,14.246117892254,70,4,-1.6,0.0039,1.477,0.923125,8.59362034918808,0.276461978202986,20
W:14_L:5_NM:4_T:-1.6,14,5,10.575,14.246117892254,70,4,-1.6,0.0039,1.485,0.928125,8.62545882632366,0.27709081494991,20
W:14_L:5_NM:4_T:-1.6,14,5,10.575,14.246117892254,70,4,-1.6,0.0039,1.492,0.9325,8.65054210548326,0.277916462482675,20
W:14_L:5_NM:4_T:-1.6,14,5,10.575,14.246117892254,70,4,-1.6,0.0039,1.5,0.9375,8.67521661060651,0.279213694555011,20
W:14_L:9_NM:8_T:-1.6,14,9,19.975,14.246117892254,126,8,-1.6,0.0039,-1.5,-0.9375,7.94230776787857,0.294180015740125,20
W:14_L:9_NM:8_T:-1.6,14,9,19.975,14.246117892254,126,8,-1.6,0.0039,-1.492,-0.9325,7.97111327993957,0.291272819652075,20
W:14_L:9_NM:8_T:-1.6,14,9,19.975,14.246117892254,126,8,-1.6,0.0039,-1.485,-0.928125,7.99255092871509,0.28962355000186,20
W:14_L:9_NM:8_T:-1.6,14,9,19.975,14.246117892254,126,8,-1.6,0.0039,-1.477,-0.923125,8.01261751441457,0.288559985441511,20
W:14_L:9_NM:8_T:-1.6,14,9,19.975,14.246117892254,126,8,-1.6,0.0039,-1.47,-0.91875,8.02735358388585,0.288219690488322,20
W:14_L:9_NM:8_T:-1.6,14,9,19.975,14.246117892254,126,8,-1.6,0.0039,-1.462,-0.91375,8.03824942034089,0.288378035579918,20
W:14_L:9_NM:8_T:-1.6,14,9,19.975,14.246117892254,126,8,-1.6,0.0039,-1.455,-0.909375,8.04593083360262,0.288947279409079,20
W:14_L:9_NM:8_T:-1.6,14,9,19.975,14.246117892254,126,8,-1.6,0.0039,-1.447,-0.904375,8.05109517968165,0.290027977880153,20
W:14_L:9_NM:8_T:-1.6,14,9,19.975,14.246117892254,126,8,-1.6,0.0039,-1.44,-0.9,8.05083857311424,0.291289081163555,20
W:14_L:9_NM:8_T:-1.6,14,9,19.975,14.246117892254,126,8,-1.6,0.0039,-1.432,-0.895,8.04668557927197,0.293077876196637,20
W:14_L:9_NM:8_T:-1.6,14,9,19.975,14.246117892254,126,8,-1.6,0.0039,-1.425,-0.890625,8.03903820144069,0.294932622744169,20
W:14_L:9_NM:8_T:-1.6,14,9,19.975,14.246117892254,126,8,-1.6,0.0039,-1.417,-0.885625,8.02397546852587,0.297360502276292,20
W:14_L:9_NM:8_T:-1.6,14,9,19.975,14.246117892254,126,8,-1.6,0.0039,-1.41,-0.88125,8.0041937784489,0.299748780688432,20
W:14_L:9_NM:8_T:-1.6,14,9,19.975,14.246117892254,126,8,-1.6,0.0039,-1.402,-0.87625,7.97405902956031,0.302806402955698,20
W:14_L:9_NM:8_T:-1.6,14,9,19.975,14.246117892254,126,8,-1.6,0.0039,-1.395,-0.871875,7.938885281522,0.305777154849586,20
W:14_L:9_NM:8_T:-1.6,14,9,19.975,14.246117892254,126,8,-1.6,0.0039,-1.387,-0.866875,7.8869014370213,0.309554148531353,20
W:14_L:9_NM:8_T:-1.6,14,9,19.975,14.246117892254,126,8,-1.6,0.0039,-1.38,-0.8625,7.82870382167387,0.313232933964134,20
W:14_L:9_NM:8_T:-1.6,14,9,19.975,14.246117892254,126,8,-1.6,0.0039,-1.372,-0.8575,7.74422736105577,0.31794751421777,20
W:14_L:9_NM:8_T:-1.6,14,9,19.975,14.246117892254,126,8,-1.6,0.0039,-1.365,-0.853125,7.64842248694276,0.322565206488023,20
W:14_L:9_NM:8_T:-1.6,14,9,19.975,14.246117892254,126,8,-1.6,0.0039,-1.357,-0.848125,7.50094777225235,0.328548262631793,20
W:14_L:9_NM:8_T:-1.6,14,9,19.975,14.246117892254,126,8,-1.6,0.0039,-1.35,-0.84375,7.32849440588562,0.33439047278662,20
W:14_L:9_NM:8_T:-1.6,14,9,19.975,14.246117892254,126,8,-1.6,0.0039,-1.342,-0.83875,7.05300236761341,0.341548892036409,20
W:14_L:9_NM:8_T:-1.6,14,9,19.975,14.246117892254,126,8,-1.6,0.0039,-1.335,-0.834375,6.65655152984122,0.347173874736069,20
W:14_L:9_NM:8_T:-1.6,14,9,19.975,14.246117892254,126,8,-1.6,0.0039,-1.327,-0.829375,5.69472604639296,0.33679245204581,20
W:14_L:9_NM:8_T:-1.6,14,9,19.975,14.246117892254,126,8,-1.6,0.0039,-1.32,-0.825,4.00091864851108,0.486040026733573,20
W:14_L:9_NM:8_T:-1.6,14,9,19.975,14.246117892254,126,8,-1.6,0.0039,-1.312,-0.82,4.32646407876364,0.894852729859582,12
W:14_L:9_NM:8_T:-1.6,14,9,19.975,14.246117892254,126,8,-1.6,0.0039,-1.305,-0.815625,4.15047854196208,0.326889845713867,12
W:14_L:9_NM:8_T:-1.6,14,9,19.975,14.246117892254,126,8,-1.6,0.0039,-1.297,-0.810625,4.54832153052134,0.219615945989018,12
W:14_L:9_NM:8_T:-1.6,14,9,19.975,14.246117892254,126,8,-1.6,0.0039,-1.289,-0.805625,4.75936797690262,0.189344276810232,12
W:14_L:9_NM:8_T:-1.6,14,9,19.975,14.246117892254,126,8,-1.6,0.0039,-1.282,-0.80125,4.87690339527242,0.176477773832752,12
W:14_L:9_NM:8_T:-1.6,14,9,19.975,14.246117892254,126,8,-1.6,0.0039,-1.274,-0.79625,4.97147601028067,0.167877741010591,12
W:14_L:9_NM:8_T:-1.6,14,9,19.975,14.246117892254,126,8,-1.6,0.0039,-1.267,-0.791875,5.03307801842243,0.163057670550036,12
W:14_L:9_NM:8_T:-1.6,14,9,19.975,14.246117892254,126,8,-1.6,0.0039,-1.259,-0.786875,5.08791243573336,0.15927488625546,12
W:14_L:9_NM:8_T:-1.6,14,9,19.975,14.246117892254,126,8,-1.6,0.0039,-1.252,-0.7825,5.12611959052018,0.15689403469355,12
W:14_L:9_NM:8_T:-1.6,14,9,19.975,14.246117892254,126,8,-1.6,0.0039,-1.244,-0.7775,5.1611312473806,0.154854667736134,12
W:14_L:9_NM:8_T:-1.6,14,9,19.975,14.246117892254,126,8,-1.6,0.0039,-1.237,-0.773125,5.18564980733253,0.153476990218106,12
W:14_L:9_NM:8_T:-1.6,14,9,19.975,14.246117892254,126,8,-1.6,0.0039,-1.229,-0.768125,5.20758806974949,0.152219562913152,12
W:14_L:9_NM:8_T:-1.6,14,9,19.975,14.246117892254,126,8,-1.6,0.0039,-1.222,-0.76375,5.22250662453487,0.151325097130013,12
W:14_L:9_NM:8_T:-1.6,14,9,19.975,14.246117892254,126,8,-1.6,0.0039,-1.214,-0.75875,5.23468026720872,0.15046480662766,12
W:14_L:9_NM:8_T:-1.6,14,9,19.975,14.246117892254,126,8,-1.6,0.0039,-1.207,-0.754375,5.2417288256642,0.14982122379237,12
W:14_L:9_NM:8_T:-1.6,14,9,19.975,14.246117892254,126,8,-1.6,0.0039,-1.199,-0.749375,5.24573744789326,0.149173494978249,12
W:14_L:9_NM:8_T:-1.6,14,9,19.975,14.246117892254,126,8,-1.6,0.0039,-1.192,-0.745,5.24601925547024,0.148665772209384,12
W:14_L:9_NM:8_T:-1.6,14,9,19.975,14.246117892254,126,8,-1.6,0.0039,-1.184,-0.74,5.24307548576072,0.148138934017784,12
W:14_L:9_NM:8_T:-1.6,14,9,19.975,14.246117892254,126,8,-1.6,0.0039,-1.177,-0.735625,5.23802025693808,0.147717358528486,12
W:14_L:9_NM:8_T:-1.6,14,9,19.975,14.246117892254,126,8,-1.6,0.0039,-1.169,-0.730625,5.22932834997563,0.147268438482616,12
W:14_L:9_NM:8_T:-1.6,14,9,19.975,14.246117892254,126,8,-1.6,0.0039,-1.162,-0.72625,5.21978032053639,0.146906490060076,12
W:14_L:9_NM:8_T:-1.6,14,9,19.975,14.246117892254,126,8,-1.6,0.0039,-1.154,-0.72125,5.20682354006865,0.14652376833962,12
W:14_L:9_NM:8_T:-1.6,14,9,19.975,14.246117892254,126,8,-1.6,0.0039,-1.147,-0.716875,5.1939894654615,0.146216898478348,12
W:14_L:9_NM:8_T:-1.6,14,9,19.975,14.246117892254,126,8,-1.6,0.0039,-1.139,-0.711875,5.17801762131456,0.145901457615452,12
W:14_L:9_NM:8_T:-1.6,14,9,19.975,14.246117892254,126,8,-1.6,0.0039,-1.132,-0.7075,5.1629849426743,0.145658705298546,12
W:14_L:9_NM:8_T:-1.6,14,9,19.975,14.246117892254,126,8,-1.6,0.0039,-1.124,-0.7025,5.14504090397313,0.145417411647439,12
W:14_L:9_NM:8_T:-1.6,14,9,19.975,14.246117892254,126,8,-1.6,0.0039,-1.117,-0.698125,5.12882193470608,0.14524468286204,12
W:14_L:9_NM:8_T:-1.6,14,9,19.975,14.246117892254,126,8,-1.6,0.0039,-1.109,-0.693125,5.11015038427908,0.145106547475547,12
W:14_L:9_NM:8_T:-1.6,14,9,19.975,14.246117892254,126,8,-1.6,0.0039,-1.102,-0.68875,5.09353616752947,0.145021563156011,12
W:14_L:9_NM:8_T:-1.6,14,9,19.975,14.246117892254,126,8,-1.6,0.0039,-1.094,-0.68375,5.07500537466651,0.144993307287178,12
W:14_L:9_NM:8_T:-1.6,14,9,19.975,14.246117892254,126,8,-1.6,0.0039,-1.086,-0.67875,5.05701302334869,0.145045330694087,12
W:14_L:9_NM:8_T:-1.6,14,9,19.975,14.246117892254,126,8,-1.6,0.0039,-1.079,-0.674375,5.04124599735368,0.145134870552322,12
W:14_L:9_NM:8_T:-1.6,14,9,19.975,14.246117892254,126,8,-1.6,0.0039,-1.071,-0.669375,5.02467290839803,0.14534695201014,12
W:14_L:9_NM:8_T:-1.6,14,9,19.975,14.246117892254,126,8,-1.6,0.0039,-1.064,-0.665,5.01085391003934,0.145602639270233,12
W:14_L:9_NM:8_T:-1.6,14,9,19.975,14.246117892254,126,8,-1.6,0.0039,-1.056,-0.66,4.99582821647455,0.145986560674879,12
W:14_L:9_NM:8_T:-1.6,14,9,19.975,14.246117892254,126,8,-1.6,0.0039,-1.049,-0.655625,4.98390241848175,0.146429229391416,12
W:14_L:9_NM:8_T:-1.6,14,9,19.975,14.246117892254,126,8,-1.6,0.0039,-1.041,-0.650625,4.97117138456941,0.147041285564698,12
W:14_L:9_NM:8_T:-1.6,14,9,19.975,14.246117892254,126,8,-1.6,0.0039,-1.034,-0.64625,4.96157543397365,0.14770585811645,12
W:14_L:9_NM:8_T:-1.6,14,9,19.975,14.246117892254,126,8,-1.6,0.0039,-1.026,-0.64125,4.9514056092547,0.148605442615189,12
W:14_L:9_NM:8_T:-1.6,14,9,19.975,14.246117892254,126,8,-1.6,0.0039,-1.019,-0.636875,4.94414173020592,0.14954472772439,12
W:14_L:9_NM:8_T:-1.6,14,9,19.975,14.246117892254,126,8,-1.6,0.0039,-1.011,-0.631875,4.93770276547208,0.150810469205558,12
W:14_L:9_NM:8_T:-1.6,14,9,19.975,14.246117892254,126,8,-1.6,0.0039,-1.004,-0.6275,4.93339104256163,0.152102360120875,12
W:14_L:9_NM:8_T:-1.6,14,9,19.975,14.246117892254,126,8,-1.6,0.0039,-0.996,-0.6225,4.92961613366764,0.153825586156482,12
W:14_L:9_NM:8_T:-1.6,14,9,19.975,14.246117892254,126,8,-1.6,0.0039,-0.989,-0.618125,4.92783978526939,0.155579598084792,12
W:14_L:9_NM:8_T:-1.6,14,9,19.975,14.246117892254,126,8,-1.6,0.0039,-0.981,-0.613125,4.92735410327083,0.157905744938484,12
W:14_L:9_NM:8_T:-1.6,14,9,19.975,14.246117892254,126,8,-1.6,0.0039,-0.974,-0.60875,4.9271026780969,0.160294786532498,12
W:14_L:9_NM:8_T:-1.6,14,9,19.975,14.246117892254,126,8,-1.6,0.0039,-0.966,-0.60375,4.929634621435,0.163470105172718,12
W:14_L:9_NM:8_T:-1.6,14,9,19.975,14.246117892254,126,8,-1.6,0.0039,-0.959,-0.599375,4.93112918170227,0.166724483496866,12
W:14_L:9_NM:8_T:-1.6,14,9,19.975,14.246117892254,126,8,-1.6,0.0039,-0.951,-0.594375,4.93514992840601,0.171072597069548,12
W:14_L:9_NM:8_T:-1.6,14,9,19.975,14.246117892254,126,8,-1.6,0.0039,-0.944,-0.59,4.93642192618912,0.175681800091543,12
W:14_L:9_NM:8_T:-1.6,14,9,19.975,14.246117892254,126,8,-1.6,0.0039,-0.936,-0.585,4.93774215520791,0.181886225053693,12
W:14_L:9_NM:8_T:-1.6,14,9,19.975,14.246117892254,126,8,-1.6,0.0039,-0.929,-0.580625,4.93564794574588,0.188353166387641,12
W:14_L:9_NM:8_T:-1.6,14,9,19.975,14.246117892254,126,8,-1.6,0.0039,-0.921,-0.575625,4.92409657688782,0.19769330407709,12
W:14_L:9_NM:8_T:-1.6,14,9,19.975,14.246117892254,126,8,-1.6,0.0039,-0.914,-0.57125,4.90793842111428,0.207635172595558,12
W:14_L:9_NM:8_T:-1.6,14,9,19.975,14.246117892254,126,8,-1.6,0.0039,-0.906,-0.56625,4.86703743076119,0.222161259890983,12
W:14_L:9_NM:8_T:-1.6,14,9,19.975,14.246117892254,126,8,-1.6,0.0039,-0.898,-0.56125,4.78534443276263,0.241839052741898,12
W:14_L:9_NM:8_T:-1.6,14,9,19.975,14.246117892254,126,8,-1.6,0.0039,-0.891,-0.556875,4.65223303959329,0.266419885128804,12
W:14_L:9_NM:8_T:-1.6,14,9,19.975,14.246117892254,126,8,-1.6,0.0039,-0.883,-0.551875,4.32783327274979,0.312449755636771,12
W:14_L:9_NM:8_T:-1.6,14,9,19.975,14.246117892254,126,8,-1.6,0.0039,-0.876,-0.5475,3.52001893352175,0.406666558338015,12
W:14_L:9_NM:8_T:-1.6,14,9,19.975,14.246117892254,126,8,-1.6,0.0039,-0.868,-0.5425,0.658758244273259,0.360624975450614,12
W:14_L:9_NM:8_T:-1.6,14,9,19.975,14.246117892254,126,8,-1.6,0.0039,-0.861,-0.538125,1.44286086558348,0.124141493720212,12
W:14_L:9_NM:8_T:-1.6,14,9,19.975,14.246117892254,126,8,-1.6,0.0039,-0.853,-0.533125,1.66266545130303,0.0832487224446134,4
W:14_L:9_NM:8_T:-1.6,14,9,19.975,14.246117892254,126,8,-1.6,0.0039,-0.846,-0.52875,1.74323316938419,0.0700595312590018,4
W:14_L:9_NM:8_T:-1.6,14,9,19.975,14.246117892254,126,8,-1.6,0.0039,-0.838,-0.52375,1.7949224664061,0.062201195256791,4
W:14_L:9_NM:8_T:-1.6,14,9,19.975,14.246117892254,126,8,-1.6,0.0039,-0.831,-0.519375,1.82465817867358,0.0581927711594933,4
W:14_L:9_NM:8_T:-1.6,14,9,19.975,14.246117892254,126,8,-1.6,0.0039,-0.823,-0.514375,1.84906585184923,0.0550979704646357,4
W:14_L:9_NM:8_T:-1.6,14,9,19.975,14.246117892254,126,8,-1.6,0.0039,-0.816,-0.51,1.86578784927364,0.0532001115948083,4
W:14_L:9_NM:8_T:-1.6,14,9,19.975,14.246117892254,126,8,-1.6,0.0039,-0.808,-0.505,1.88136616837622,0.0516155871422996,4
W:14_L:9_NM:8_T:-1.6,14,9,19.975,14.246117892254,126,8,-1.6,0.0039,-0.801,-0.500625,1.89292873694373,0.0505547142953646,4
W:14_L:9_NM:8_T:-1.6,14,9,19.975,14.246117892254,126,8,-1.6,0.0039,-0.793,-0.495625,1.9044730032109,0.0496092757364886,4
W:14_L:9_NM:8_T:-1.6,14,9,19.975,14.246117892254,126,8,-1.6,0.0039,-0.786,-0.49125,1.91351338664029,0.0489492525628306,4
W:14_L:9_NM:8_T:-1.6,14,9,19.975,14.246117892254,126,8,-1.6,0.0039,-0.778,-0.48625,1.92293819450135,0.0483341471770594,4
W:14_L:9_NM:8_T:-1.6,14,9,19.975,14.246117892254,126,8,-1.6,0.0039,-0.771,-0.481875,1.93050918251898,0.0478920711288733,4
W:14_L:9_NM:8_T:-1.6,14,9,19.975,14.246117892254,126,8,-1.6,0.0039,-0.763,-0.476875,1.9385226185513,0.047468881284831,4
W:14_L:9_NM:8_T:-1.6,14,9,19.975,14.246117892254,126,8,-1.6,0.0039,-0.756,-0.4725,1.9450040025531,0.0471601640641237,4
W:14_L:9_NM:8_T:-1.6,14,9,19.975,14.246117892254,126,8,-1.6,0.0039,-0.748,-0.4675,1.95194757275522,0.0468558256360516,4
W:14_L:9_NM:8_T:-1.6,14,9,19.975,14.246117892254,126,8,-1.6,0.0039,-0.741,-0.463125,1.95747141647015,0.0466347389756676,4
W:14_L:9_NM:8_T:-1.6,14,9,19.975,14.246117892254,126,8,-1.6,0.0039,-0.733,-0.458125,1.96333679841168,0.0464104544509884,4
W:14_L:9_NM:8_T:-1.6,14,9,19.975,14.246117892254,126,8,-1.6,0.0039,-0.726,-0.45375,1.96801258881185,0.0462392293734067,4
W:14_L:9_NM:8_T:-1.6,14,9,19.975,14.246117892254,126,8,-1.6,0.0039,-0.718,-0.44875,1.97274384650173,0.0460742997329675,4
W:14_L:9_NM:8_T:-1.6,14,9,19.975,14.246117892254,126,8,-1.6,0.0039,-0.711,-0.444375,1.97642542148735,0.0459384582028438,4
W:14_L:9_NM:8_T:-1.6,14,9,19.975,14.246117892254,126,8,-1.6,0.0039,-0.703,-0.439375,1.97997811431774,0.045807181108816,4
W:14_L:9_NM:8_T:-1.6,14,9,19.975,14.246117892254,126,8,-1.6,0.0039,-0.695,-0.434375,1.98286179555551,0.0456849775797104,4
W:14_L:9_NM:8_T:-1.6,14,9,19.975,14.246117892254,126,8,-1.6,0.0039,-0.688,-0.43,1.98478942888491,0.0455906597708676,4
W:14_L:9_NM:8_T:-1.6,14,9,19.975,14.246117892254,126,8,-1.6,0.0039,-0.68,-0.425,1.98628281643399,0.0454866948442575,4
W:14_L:9_NM:8_T:-1.6,14,9,19.975,14.246117892254,126,8,-1.6,0.0039,-0.673,-0.420625,1.98694156178621,0.0454013400084089,4
W:14_L:9_NM:8_T:-1.6,14,9,19.975,14.246117892254,126,8,-1.6,0.0039,-0.665,-0.415625,1.98692341015376,0.0453064057421738,4
W:14_L:9_NM:8_T:-1.6,14,9,19.975,14.246117892254,126,8,-1.6,0.0039,-0.658,-0.41125,1.98621841409871,0.0452269379874063,4
W:14_L:9_NM:8_T:-1.6,14,9,19.975,14.246117892254,126,8,-1.6,0.0039,-0.65,-0.40625,1.98459046628954,0.0451319203952916,4
W:14_L:9_NM:8_T:-1.6,14,9,19.975,14.246117892254,126,8,-1.6,0.0039,-0.643,-0.401875,1.98248127151181,0.0450592225296747,4
W:14_L:9_NM:8_T:-1.6,14,9,19.975,14.246117892254,126,8,-1.6,0.0039,-0.635,-0.396875,1.97921000840518,0.0449662265219601,4
W:14_L:9_NM:8_T:-1.6,14,9,19.975,14.246117892254,126,8,-1.6,0.0039,-0.628,-0.3925,1.97567825101185,0.0448891069997336,4
W:14_L:9_NM:8_T:-1.6,14,9,19.975,14.246117892254,126,8,-1.6,0.0039,-0.62,-0.3875,1.97079621212767,0.0447973058537153,4
W:14_L:9_NM:8_T:-1.6,14,9,19.975,14.246117892254,126,8,-1.6,0.0039,-0.613,-0.383125,1.96577120547752,0.0447121502469862,4
W:14_L:9_NM:8_T:-1.6,14,9,19.975,14.246117892254,126,8,-1.6,0.0039,-0.605,-0.378125,1.95932456208517,0.0446211411643426,4
W:14_L:9_NM:8_T:-1.6,14,9,19.975,14.246117892254,126,8,-1.6,0.0039,-0.598,-0.37375,1.95303266256061,0.0445379402371259,4
W:14_L:9_NM:8_T:-1.6,14,9,19.975,14.246117892254,126,8,-1.6,0.0039,-0.59,-0.36875,1.94512899276469,0.044440890352993,4
W:14_L:9_NM:8_T:-1.6,14,9,19.975,14.246117892254,126,8,-1.6,0.0039,-0.583,-0.364375,1.93759063084834,0.0443530781406329,4
W:14_L:9_NM:8_T:-1.6,14,9,19.975,14.246117892254,126,8,-1.6,0.0039,-0.575,-0.359375,1.92842271946949,0.0442558554431554,4
W:14_L:9_NM:8_T:-1.6,14,9,19.975,14.246117892254,126,8,-1.6,0.0039,-0.568,-0.355,1.91984997249836,0.0441672367020724,4
W:14_L:9_NM:8_T:-1.6,14,9,19.975,14.246117892254,126,8,-1.6,0.0039,-0.56,-0.35,1.90959396605326,0.0440656419461072,4
W:14_L:9_NM:8_T:-1.6,14,9,19.975,14.246117892254,126,8,-1.6,0.0039,-0.553,-0.345625,1.90028888823472,0.0439806690461964,4
W:14_L:9_NM:8_T:-1.6,14,9,19.975,14.246117892254,126,8,-1.6,0.0039,-0.545,-0.340625,1.88925767993464,0.0438883524326839,4
W:14_L:9_NM:8_T:-1.6,14,9,19.975,14.246117892254,126,8,-1.6,0.0039,-0.538,-0.33625,1.87928509970093,0.0438097541593424,4
W:14_L:9_NM:8_T:-1.6,14,9,19.975,14.246117892254,126,8,-1.6,0.0039,-0.53,-0.33125,1.86779986347312,0.0437278714904528,4
W:14_L:9_NM:8_T:-1.6,14,9,19.975,14.246117892254,126,8,-1.6,0.0039,-0.523,-0.326875,1.85753082630479,0.0436589376244527,4
W:14_L:9_NM:8_T:-1.6,14,9,19.975,14.246117892254,126,8,-1.6,0.0039,-0.515,-0.321875,1.84576165145813,0.0435885957272995,4
W:14_L:9_NM:8_T:-1.6,14,9,19.975,14.246117892254,126,8,-1.6,0.0039,-0.508,-0.3175,1.83555067794316,0.0435375381469474,4
W:14_L:9_NM:8_T:-1.6,14,9,19.975,14.246117892254,126,8,-1.6,0.0039,-0.5,-0.3125,1.82386408302724,0.043488534582944,4
W:14_L:9_NM:8_T:-1.6,14,9,19.975,14.246117892254,126,8,-1.6,0.0039,-0.492,-0.3075,1.81250770521351,0.043453701391124,4
W:14_L:9_NM:8_T:-1.6,14,9,19.975,14.246117892254,126,8,-1.6,0.0039,-0.485,-0.303125,1.80265222995067,0.0434383685177302,4
W:14_L:9_NM:8_T:-1.6,14,9,19.975,14.246117892254,126,8,-1.6,0.0039,-0.477,-0.298125,1.79199547462799,0.0434350116137017,4
W:14_L:9_NM:8_T:-1.6,14,9,19.975,14.246117892254,126,8,-1.6,0.0039,-0.47,-0.29375,1.78283480040354,0.0434541299212295,4
W:14_L:9_NM:8_T:-1.6,14,9,19.975,14.246117892254,126,8,-1.6,0.0039,-0.462,-0.28875,1.77305502613865,0.0434951642954668,4
W:14_L:9_NM:8_T:-1.6,14,9,19.975,14.246117892254,126,8,-1.6,0.0039,-0.455,-0.284375,1.76508820086467,0.0435496011955684,4
W:14_L:9_NM:8_T:-1.6,14,9,19.975,14.246117892254,126,8,-1.6,0.0039,-0.447,-0.279375,1.7567806583606,0.0436423989047327,4
W:14_L:9_NM:8_T:-1.6,14,9,19.975,14.246117892254,126,8,-1.6,0.0039,-0.44,-0.275,1.75009514019457,0.0437536737666037,4
W:14_L:9_NM:8_T:-1.6,14,9,19.975,14.246117892254,126,8,-1.6,0.0039,-0.432,-0.27,1.7433536913877,0.0439180473129384,4
W:14_L:9_NM:8_T:-1.6,14,9,19.975,14.246117892254,126,8,-1.6,0.0039,-0.425,-0.265625,1.73826836596581,0.0441012104584327,4
W:14_L:9_NM:8_T:-1.6,14,9,19.975,14.246117892254,126,8,-1.6,0.0039,-0.417,-0.260625,1.73380372276702,0.0443553862798472,4
W:14_L:9_NM:8_T:-1.6,14,9,19.975,14.246117892254,126,8,-1.6,0.0039,-0.41,-0.25625,1.73084550843835,0.0446268336065268,4
W:14_L:9_NM:8_T:-1.6,14,9,19.975,14.246117892254,126,8,-1.6,0.0039,-0.402,-0.25125,1.72883453946605,0.045005877477461,4
W:14_L:9_NM:8_T:-1.6,14,9,19.975,14.246117892254,126,8,-1.6,0.0039,-0.395,-0.246875,1.72835198273639,0.0454032795761857,4
W:14_L:9_NM:8_T:-1.6,14,9,19.975,14.246117892254,126,8,-1.6,0.0039,-0.387,-0.241875,1.72951230332863,0.0459458478475305,4
W:14_L:9_NM:8_T:-1.6,14,9,19.975,14.246117892254,126,8,-1.6,0.0039,-0.38,-0.2375,1.73203079587217,0.0465178423135746,4
W:14_L:9_NM:8_T:-1.6,14,9,19.975,14.246117892254,126,8,-1.6,0.0039,-0.372,-0.2325,1.73680611777779,0.0473063725734946,4
W:14_L:9_NM:8_T:-1.6,14,9,19.975,14.246117892254,126,8,-1.6,0.0039,-0.365,-0.228125,1.74325925558581,0.0481252897813715,4
W:14_L:9_NM:8_T:-1.6,14,9,19.975,14.246117892254,126,8,-1.6,0.0039,-0.357,-0.223125,1.75274184793778,0.0492714105804662,4
W:14_L:9_NM:8_T:-1.6,14,9,19.975,14.246117892254,126,8,-1.6,0.0039,-0.35,-0.21875,1.76360186899059,0.0504867574203866,4
W:14_L:9_NM:8_T:-1.6,14,9,19.975,14.246117892254,126,8,-1.6,0.0039,-0.342,-0.21375,1.77865719457243,0.0522069035327963,4
W:14_L:9_NM:8_T:-1.6,14,9,19.975,14.246117892254,126,8,-1.6,0.0039,-0.335,-0.209375,1.79483034493623,0.0540631267714846,4
W:14_L:9_NM:8_T:-1.6,14,9,19.975,14.246117892254,126,8,-1.6,0.0039,-0.327,-0.204375,1.81657769223899,0.0567339886356473,4
W:14_L:9_NM:8_T:-1.6,14,9,19.975,14.246117892254,126,8,-1.6,0.0039,-0.32,-0.2,1.83790615543686,0.0597272731444889,4
W:14_L:9_NM:8_T:-1.6,14,9,19.975,14.246117892254,126,8,-1.6,0.0039,-0.312,-0.195,1.86466554546312,0.0640784268107331,4
W:14_L:9_NM:8_T:-1.6,14,9,19.975,14.246117892254,126,8,-1.6,0.0039,-0.305,-0.190625,1.888047062258,0.0690294733146699,4
W:14_L:9_NM:8_T:-1.6,14,9,19.975,14.246117892254,126,8,-1.6,0.0039,-0.297,-0.185625,1.90946054853333,0.0763934746343797,4
W:14_L:9_NM:8_T:-1.6,14,9,19.975,14.246117892254,126,8,-1.6,0.0039,-0.289,-0.180625,1.91480470444367,0.0859779697501973,4
W:14_L:9_NM:8_T:-1.6,14,9,19.975,14.246117892254,126,8,-1.6,0.0039,-0.282,-0.17625,1.89106237875623,0.0960882498754829,4
W:14_L:9_NM:8_T:-1.6,14,9,19.975,14.246117892254,126,8,-1.6,0.0039,-0.274,-0.17125,1.80692136435623,0.108601171541361,4
W:14_L:9_NM:8_T:-1.6,14,9,19.975,14.246117892254,126,8,-1.6,0.0039,-0.267,-0.166875,1.6691698179219,0.117767756304533,4
W:14_L:9_NM:8_T:-1.6,14,9,19.975,14.246117892254,126,8,-1.6,0.0039,-0.259,-0.161875,1.45480307912116,0.122248827725288,4
W:14_L:9_NM:8_T:-1.6,14,9,19.975,14.246117892254,126,8,-1.6,0.0039,-0.252,-0.1575,1.26453134670671,0.119386562796483,4
W:14_L:9_NM:8_T:-1.6,14,9,19.975,14.246117892254,126,8,-1.6,0.0039,-0.244,-0.1525,1.09988936049153,0.110776084430157,4
W:14_L:9_NM:8_T:-1.6,14,9,19.975,14.246117892254,126,8,-1.6,0.0039,-0.237,-0.148125,1.0154033840069,0.102050092180232,4
W:14_L:9_NM:8_T:-1.6,14,9,19.975,14.246117892254,126,8,-1.6,0.0039,-0.229,-0.143125,0.971717405734865,0.0934887253463295,4
W:14_L:9_NM:8_T:-1.6,14,9,19.975,14.246117892254,126,8,-1.6,0.0039,-0.222,-0.13875,0.961221144841053,0.0882895724093578,4
W:14_L:9_NM:8_T:-1.6,14,9,19.975,14.246117892254,126,8,-1.6,0.0039,-0.214,-0.13375,0.963954560967887,0.0852893275286123,4
W:14_L:9_NM:8_T:-1.6,14,9,19.975,14.246117892254,126,8,-1.6,0.0039,-0.207,-0.129375,0.970141463129586,0.085680536972376,4
W:14_L:9_NM:8_T:-1.6,14,9,19.975,14.246117892254,126,8,-1.6,0.0039,-0.199,-0.124375,0.975484267523375,0.0910265933549855,4
W:14_L:9_NM:8_T:-1.6,14,9,19.975,14.246117892254,126,8,-1.6,0.0039,-0.192,-0.12,0.978213574079607,0.103324073424672,4
W:14_L:9_NM:8_T:-1.6,14,9,19.975,14.246117892254,126,8,-1.6,0.0039,-0.184,-0.115,0.998640169927966,0.138420930632529,4
W:14_L:9_NM:8_T:-1.6,14,9,19.975,14.246117892254,126,8,-1.6,0.0039,-0.177,-0.110625,1.13731556835496,0.214080561823962,4
W:14_L:9_NM:8_T:-1.6,14,9,19.975,14.246117892254,126,8,-1.6,0.0039,-0.169,-0.105625,1.73820628484074,0.309670896738798,4
W:14_L:9_NM:8_T:-1.6,14,9,19.975,14.246117892254,126,8,-1.6,0.0039,-0.162,-0.10125,1.94221588493452,0.21635126796235,4
W:14_L:9_NM:8_T:-1.6,14,9,19.975,14.246117892254,126,8,-1.6,0.0039,-0.154,-0.09625,1.7832125244697,0.129569419601368,4
W:14_L:9_NM:8_T:-1.6,14,9,19.975,14.246117892254,126,8,-1.6,0.0039,-0.147,-0.091875,1.681067511119,0.0994504180656451,4
W:14_L:9_NM:8_T:-1.6,14,9,19.975,14.246117892254,126,8,-1.6,0.0039,-0.139,-0.086875,1.61767709077517,0.0847369122953048,4
W:14_L:9_NM:8_T:-1.6,14,9,19.975,14.246117892254,126,8,-1.6,0.0039,-0.132,-0.0825,1.58812311250442,0.0788164421437375,4
W:14_L:9_NM:8_T:-1.6,14,9,19.975,14.246117892254,126,8,-1.6,0.0039,-0.124,-0.0775,1.57115686234392,0.0757361507527943,4
W:14_L:9_NM:8_T:-1.6,14,9,19.975,14.246117892254,126,8,-1.6,0.0039,-0.117,-0.073125,1.56474823955977,0.0747833054949096,4
W:14_L:9_NM:8_T:-1.6,14,9,19.975,14.246117892254,126,8,-1.6,0.0039,-0.109,-0.068125,1.56389547679123,0.0749678923062357,4
W:14_L:9_NM:8_T:-1.6,14,9,19.975,14.246117892254,126,8,-1.6,0.0039,-0.102,-0.06375,1.56688386314143,0.0759478344801096,4
W:14_L:9_NM:8_T:-1.6,14,9,19.975,14.246117892254,126,8,-1.6,0.0039,-0.094,-0.05875,1.57336623093663,0.0778041350714221,4
W:14_L:9_NM:8_T:-1.6,14,9,19.975,14.246117892254,126,8,-1.6,0.0039,-0.086,-0.05375,1.58285051237474,0.0804440464817193,4
W:14_L:9_NM:8_T:-1.6,14,9,19.975,14.246117892254,126,8,-1.6,0.0039,-0.079,-0.049375,1.59354620251423,0.0834140148411769,4
W:14_L:9_NM:8_T:-1.6,14,9,19.975,14.246117892254,126,8,-1.6,0.0039,-0.071,-0.044375,1.60847140849751,0.0877289978222016,4
W:14_L:9_NM:8_T:-1.6,14,9,19.975,14.246117892254,126,8,-1.6,0.0039,-0.064,-0.04,1.62481532095838,0.0924847738055626,4
W:14_L:9_NM:8_T:-1.6,14,9,19.975,14.246117892254,126,8,-1.6,0.0039,-0.056,-0.035,1.64734605769305,0.0994645908831816,4
W:14_L:9_NM:8_T:-1.6,14,9,19.975,14.246117892254,126,8,-1.6,0.0039,-0.049,-0.030625,1.6719118328896,0.107460829858775,4
W:14_L:9_NM:8_T:-1.6,14,9,19.975,14.246117892254,126,8,-1.6,0.0039,-0.041,-0.025625,1.70695047630086,0.119922478056246,4
W:14_L:9_NM:8_T:-1.6,14,9,19.975,14.246117892254,126,8,-1.6,0.0039,-0.034,-0.02125,1.74632958659588,0.135547140065584,4
W:14_L:9_NM:8_T:-1.6,14,9,19.975,14.246117892254,126,8,-1.6,0.0039,-0.026,-0.01625,1.80383467795003,0.16346112120682,4
W:14_L:9_NM:8_T:-1.6,14,9,19.975,14.246117892254,126,8,-1.6,0.0039,-0.019,-0.011875,1.86740865508302,0.20656556880085,4
W:14_L:9_NM:8_T:-1.6,14,9,19.975,14.246117892254,126,8,-1.6,0.0039,-0.011,-0.006875,1.95365824943261,0.318440854435619,4
W:14_L:9_NM:8_T:-1.6,14,9,19.975,14.246117892254,126,8,-1.6,0.0039,-0.004,-0.0025,1.97840652496066,0.732654689129886,4
W:14_L:9_NM:8_T:-1.6,14,9,19.975,14.246117892254,126,8,-1.6,0.0039,0.004,0.0025,1.97840618356317,0.73265776840179,4
W:14_L:9_NM:8_T:-1.6,14,9,19.975,14.246117892254,126,8,-1.6,0.0039,0.011,0.006875,1.95365844977982,0.318441321567489,4
W:14_L:9_NM:8_T:-1.6,14,9,19.975,14.246117892254,126,8,-1.6,0.0039,0.019,0.011875,1.86740883684467,0.206565736128512,4
W:14_L:9_NM:8_T:-1.6,14,9,19.975,14.246117892254,126,8,-1.6,0.0039,0.026,0.01625,1.80383482530162,0.163461211891654,4
W:14_L:9_NM:8_T:-1.6,14,9,19.975,14.246117892254,126,8,-1.6,0.0039,0.034,0.02125,1.74632970373773,0.135547194305069,4
W:14_L:9_NM:8_T:-1.6,14,9,19.975,14.246117892254,126,8,-1.6,0.0039,0.041,0.025625,1.70695054824224,0.119922514931314,4
W:14_L:9_NM:8_T:-1.6,14,9,19.975,14.246117892254,126,8,-1.6,0.0039,0.049,0.030625,1.67191189039188,0.107460856479534,4
W:14_L:9_NM:8_T:-1.6,14,9,19.975,14.246117892254,126,8,-1.6,0.0039,0.056,0.035,1.64734610981934,0.0994646113053845,4
W:14_L:9_NM:8_T:-1.6,14,9,19.975,14.246117892254,126,8,-1.6,0.0039,0.064,0.04,1.62481536331314,0.09248478960159,4
W:14_L:9_NM:8_T:-1.6,14,9,19.975,14.246117892254,126,8,-1.6,0.0039,0.071,0.044375,1.60847143806643,0.0877290099825367,4
W:14_L:9_NM:8_T:-1.6,14,9,19.975,14.246117892254,126,8,-1.6,0.0039,0.079,0.049375,1.59354622362178,0.083414024701222,4
W:14_L:9_NM:8_T:-1.6,14,9,19.975,14.246117892254,126,8,-1.6,0.0039,0.086,0.05375,1.58285054360275,0.0804440542670228,4
W:14_L:9_NM:8_T:-1.6,14,9,19.975,14.246117892254,126,8,-1.6,0.0039,0.094,0.05875,1.57336625943042,0.0778041405541554,4
W:14_L:9_NM:8_T:-1.6,14,9,19.975,14.246117892254,126,8,-1.6,0.0039,0.102,0.06375,1.56688386153283,0.0759478383584974,4
W:14_L:9_NM:8_T:-1.6,14,9,19.975,14.246117892254,126,8,-1.6,0.0039,0.109,0.068125,1.56389546880178,0.0749678950721095,4
W:14_L:9_NM:8_T:-1.6,14,9,19.975,14.246117892254,126,8,-1.6,0.0039,0.117,0.073125,1.56474822441096,0.0747833050109958,4
W:14_L:9_NM:8_T:-1.6,14,9,19.975,14.246117892254,126,8,-1.6,0.0039,0.124,0.0775,1.57115683752209,0.0757361471305651,4
W:14_L:9_NM:8_T:-1.6,14,9,19.975,14.246117892254,126,8,-1.6,0.0039,0.132,0.0825,1.58812305721819,0.0788164325993108,4
W:14_L:9_NM:8_T:-1.6,14,9,19.975,14.246117892254,126,8,-1.6,0.0039,0.139,0.086875,1.61767697055567,0.0847368904787622,4
W:14_L:9_NM:8_T:-1.6,14,9,19.975,14.246117892254,126,8,-1.6,0.0039,0.147,0.091875,1.68106730897025,0.0994503701759186,4
W:14_L:9_NM:8_T:-1.6,14,9,19.975,14.246117892254,126,8,-1.6,0.0039,0.154,0.09625,1.78321218917428,0.129569309807302,4
W:14_L:9_NM:8_T:-1.6,14,9,19.975,14.246117892254,126,8,-1.6,0.0039,0.162,0.10125,1.94221566392876,0.216350999746134,4
W:14_L:9_NM:8_T:-1.6,14,9,19.975,14.246117892254,126,8,-1.6,0.0039,0.169,0.105625,1.73820769033662,0.309670876425417,4
W:14_L:9_NM:8_T:-1.6,14,9,19.975,14.246117892254,126,8,-1.6,0.0039,0.177,0.110625,1.13731627187835,0.214080828051633,4
W:14_L:9_NM:8_T:-1.6,14,9,19.975,14.246117892254,126,8,-1.6,0.0039,0.184,0.115,0.998640287745411,0.138421050353981,4
W:14_L:9_NM:8_T:-1.6,14,9,19.975,14.246117892254,126,8,-1.6,0.0039,0.192,0.12,0.978213584983157,0.103324118951192,4
W:14_L:9_NM:8_T:-1.6,14,9,19.975,14.246117892254,126,8,-1.6,0.0039,0.199,0.124375,0.975484275829618,0.0910266135729256,4
W:14_L:9_NM:8_T:-1.6,14,9,19.975,14.246117892254,126,8,-1.6,0.0039,0.207,0.129375,0.970141479245585,0.0856805433106786,4
W:14_L:9_NM:8_T:-1.6,14,9,19.975,14.246117892254,126,8,-1.6,0.0039,0.214,0.13375,0.96395457554047,0.085289326155857,4
W:14_L:9_NM:8_T:-1.6,14,9,19.975,14.246117892254,126,8,-1.6,0.0039,0.222,0.13875,0.96122114058948,0.0882895635495252,4
W:14_L:9_NM:8_T:-1.6,14,9,19.975,14.246117892254,126,8,-1.6,0.0039,0.229,0.143125,0.971717362456095,0.0934887122790041,4
W:14_L:9_NM:8_T:-1.6,14,9,19.975,14.246117892254,126,8,-1.6,0.0039,0.237,0.148125,1.01540324966023,0.102050072206138,4
W:14_L:9_NM:8_T:-1.6,14,9,19.975,14.246117892254,126,8,-1.6,0.0039,0.244,0.1525,1.09988911233086,0.11077606373643,4
W:14_L:9_NM:8_T:-1.6,14,9,19.975,14.246117892254,126,8,-1.6,0.0039,0.252,0.1575,1.26453096835323,0.119386550544399,4
W:14_L:9_NM:8_T:-1.6,14,9,19.975,14.246117892254,126,8,-1.6,0.0039,0.259,0.161875,1.45480262464508,0.122248827885066,4
W:14_L:9_NM:8_T:-1.6,14,9,19.975,14.246117892254,126,8,-1.6,0.0039,0.267,0.166875,1.66916943693086,0.117767770116116,4
W:14_L:9_NM:8_T:-1.6,14,9,19.975,14.246117892254,126,8,-1.6,0.0039,0.274,0.17125,1.80692110830369,0.108601194539613,4
W:14_L:9_NM:8_T:-1.6,14,9,19.975,14.246117892254,126,8,-1.6,0.0039,0.282,0.17625,1.89106227964807,0.0960882743438815,4
W:14_L:9_NM:8_T:-1.6,14,9,19.975,14.246117892254,126,8,-1.6,0.0039,0.289,0.180625,1.91480468792582,0.08597799039362,4
W:14_L:9_NM:8_T:-1.6,14,9,19.975,14.246117892254,126,8,-1.6,0.0039,0.297,0.185625,1.90946058061403,0.0763934913008155,4
W:14_L:9_NM:8_T:-1.6,14,9,19.975,14.246117892254,126,8,-1.6,0.0039,0.305,0.190625,1.88804712404496,0.0690294844035861,4
W:14_L:9_NM:8_T:-1.6,14,9,19.975,14.246117892254,126,8,-1.6,0.0039,0.312,0.195,1.86466560552771,0.0640784374002319,4
W:14_L:9_NM:8_T:-1.6,14,9,19.975,14.246117892254,126,8,-1.6,0.0039,0.32,0.2,1.83790621732238,0.0597272804048203,4
W:14_L:9_NM:8_T:-1.6,14,9,19.975,14.246117892254,126,8,-1.6,0.0039,0.327,0.204375,1.81657774391826,0.0567339945643272,4
W:14_L:9_NM:8_T:-1.6,14,9,19.975,14.246117892254,126,8,-1.6,0.0039,0.335,0.209375,1.79483039317296,0.054063131494761,4
W:14_L:9_NM:8_T:-1.6,14,9,19.975,14.246117892254,126,8,-1.6,0.0039,0.342,0.21375,1.77865723483288,0.0522069075869075,4
W:14_L:9_NM:8_T:-1.6,14,9,19.975,14.246117892254,126,8,-1.6,0.0039,0.35,0.21875,1.76360189637362,0.0504867608384732,4
W:14_L:9_NM:8_T:-1.6,14,9,19.975,14.246117892254,126,8,-1.6,0.0039,0.357,0.223125,1.75274187806812,0.0492714132104363,4
W:14_L:9_NM:8_T:-1.6,14,9,19.975,14.246117892254,126,8,-1.6,0.0039,0.365,0.228125,1.74325927777671,0.0481252919635862,4
W:14_L:9_NM:8_T:-1.6,14,9,19.975,14.246117892254,126,8,-1.6,0.0039,0.372,0.2325,1.7368061400681,0.0473063742558797,4
W:14_L:9_NM:8_T:-1.6,14,9,19.975,14.246117892254,126,8,-1.6,0.0039,0.38,0.2375,1.73203080469197,0.046517843956306,4
W:14_L:9_NM:8_T:-1.6,14,9,19.975,14.246117892254,126,8,-1.6,0.0039,0.387,0.241875,1.72951231384879,0.0459458491023954,4
W:14_L:9_NM:8_T:-1.6,14,9,19.975,14.246117892254,126,8,-1.6,0.0039,0.395,0.246875,1.72835198250227,0.0454032807675507,4
W:14_L:9_NM:8_T:-1.6,14,9,19.975,14.246117892254,126,8,-1.6,0.0039,0.402,0.25125,1.72883454373934,0.0450058782798606,4
W:14_L:9_NM:8_T:-1.6,14,9,19.975,14.246117892254,126,8,-1.6,0.0039,0.41,0.25625,1.73084550474209,0.0446268343813585,4
W:14_L:9_NM:8_T:-1.6,14,9,19.975,14.246117892254,126,8,-1.6,0.0039,0.417,0.260625,1.73380371601688,0.0443553868698409,4
W:14_L:9_NM:8_T:-1.6,14,9,19.975,14.246117892254,126,8,-1.6,0.0039,0.425,0.265625,1.73826835965655,0.0441012108271633,4
W:14_L:9_NM:8_T:-1.6,14,9,19.975,14.246117892254,126,8,-1.6,0.0039,0.432,0.27,1.74335368225434,0.043918047596742,4
W:14_L:9_NM:8_T:-1.6,14,9,19.975,14.246117892254,126,8,-1.6,0.0039,0.44,0.275,1.75009512353951,0.0437536742030802,4
W:14_L:9_NM:8_T:-1.6,14,9,19.975,14.246117892254,126,8,-1.6,0.0039,0.447,0.279375,1.7567806425908,0.043642399145477,4
W:14_L:9_NM:8_T:-1.6,14,9,19.975,14.246117892254,126,8,-1.6,0.0039,0.455,0.284375,1.76508818147041,0.0435496013901998,4
W:14_L:9_NM:8_T:-1.6,14,9,19.975,14.246117892254,126,8,-1.6,0.0039,0.462,0.28875,1.77305500517133,0.043495164325089,4
W:14_L:9_NM:8_T:-1.6,14,9,19.975,14.246117892254,126,8,-1.6,0.0039,0.47,0.29375,1.78283477980564,0.043454129803404,4
W:14_L:9_NM:8_T:-1.6,14,9,19.975,14.246117892254,126,8,-1.6,0.0039,0.477,0.298125,1.79199545038432,0.0434350115821356,4
W:14_L:9_NM:8_T:-1.6,14,9,19.975,14.246117892254,126,8,-1.6,0.0039,0.485,0.303125,1.80265221005934,0.0434383682793514,4
W:14_L:9_NM:8_T:-1.6,14,9,19.975,14.246117892254,126,8,-1.6,0.0039,0.492,0.3075,1.81250768036456,0.0434537011946175,4
W:14_L:9_NM:8_T:-1.6,14,9,19.975,14.246117892254,126,8,-1.6,0.0039,0.5,0.3125,1.82386405855522,0.0434885343315538,4
W:14_L:9_NM:8_T:-1.6,14,9,19.975,14.246117892254,126,8,-1.6,0.0039,0.508,0.3175,1.83555065272976,0.0435375380101972,4
W:14_L:9_NM:8_T:-1.6,14,9,19.975,14.246117892254,126,8,-1.6,0.0039,0.515,0.321875,1.84576162532407,0.0435885957912038,4
W:14_L:9_NM:8_T:-1.6,14,9,19.975,14.246117892254,126,8,-1.6,0.0039,0.523,0.326875,1.85753079908904,0.0436589374492013,4
W:14_L:9_NM:8_T:-1.6,14,9,19.975,14.246117892254,126,8,-1.6,0.0039,0.53,0.33125,1.86779983548354,0.0437278712964893,4
W:14_L:9_NM:8_T:-1.6,14,9,19.975,14.246117892254,126,8,-1.6,0.0039,0.538,0.33625,1.87928507338838,0.0438097540762356,4
W:14_L:9_NM:8_T:-1.6,14,9,19.975,14.246117892254,126,8,-1.6,0.0039,0.545,0.340625,1.88925765505115,0.0438883523308668,4
W:14_L:9_NM:8_T:-1.6,14,9,19.975,14.246117892254,126,8,-1.6,0.0039,0.553,0.345625,1.90028886315131,0.0439806689645663,4
W:14_L:9_NM:8_T:-1.6,14,9,19.975,14.246117892254,126,8,-1.6,0.0039,0.56,0.35,1.90959394426374,0.0440656418169387,4
W:14_L:9_NM:8_T:-1.6,14,9,19.975,14.246117892254,126,8,-1.6,0.0039,0.568,0.355,1.91984995119362,0.0441672366220726,4
W:14_L:9_NM:8_T:-1.6,14,9,19.975,14.246117892254,126,8,-1.6,0.0039,0.575,0.359375,1.92842269914464,0.044255855358901,4
W:14_L:9_NM:8_T:-1.6,14,9,19.975,14.246117892254,126,8,-1.6,0.0039,0.583,0.364375,1.93759061061858,0.0443530779894954,4
W:14_L:9_NM:8_T:-1.6,14,9,19.975,14.246117892254,126,8,-1.6,0.0039,0.59,0.36875,1.94512897430266,0.0444408900837413,4
W:14_L:9_NM:8_T:-1.6,14,9,19.975,14.246117892254,126,8,-1.6,0.0039,0.598,0.37375,1.95303264534378,0.0445379401334636,4
W:14_L:9_NM:8_T:-1.6,14,9,19.975,14.246117892254,126,8,-1.6,0.0039,0.605,0.378125,1.95932454682724,0.0446211409175357,4
W:14_L:9_NM:8_T:-1.6,14,9,19.975,14.246117892254,126,8,-1.6,0.0039,0.613,0.383125,1.96577119118133,0.0447121501437965,4
W:14_L:9_NM:8_T:-1.6,14,9,19.975,14.246117892254,126,8,-1.6,0.0039,0.62,0.3875,1.97079620069036,0.044797305807561,4
W:14_L:9_NM:8_T:-1.6,14,9,19.975,14.246117892254,126,8,-1.6,0.0039,0.628,0.3925,1.97567824114027,0.0448891069005585,4
W:14_L:9_NM:8_T:-1.6,14,9,19.975,14.246117892254,126,8,-1.6,0.0039,0.635,0.396875,1.97921000049291,0.0449662264296367,4
W:14_L:9_NM:8_T:-1.6,14,9,19.975,14.246117892254,126,8,-1.6,0.0039,0.643,0.401875,1.9824812644386,0.0450592223477076,4
W:14_L:9_NM:8_T:-1.6,14,9,19.975,14.246117892254,126,8,-1.6,0.0039,0.65,0.40625,1.98459046190237,0.0451319203747496,4
W:14_L:9_NM:8_T:-1.6,14,9,19.975,14.246117892254,126,8,-1.6,0.0039,0.658,0.41125,1.9862184111191,0.0452269377317286,4
W:14_L:9_NM:8_T:-1.6,14,9,19.975,14.246117892254,126,8,-1.6,0.0039,0.665,0.415625,1.98692340916213,0.0453064057244164,4
W:14_L:9_NM:8_T:-1.6,14,9,19.975,14.246117892254,126,8,-1.6,0.0039,0.673,0.420625,1.98694156229879,0.0454013397528192,4
W:14_L:9_NM:8_T:-1.6,14,9,19.975,14.246117892254,126,8,-1.6,0.0039,0.68,0.425,1.98628281870519,0.0454866946344386,4
W:14_L:9_NM:8_T:-1.6,14,9,19.975,14.246117892254,126,8,-1.6,0.0039,0.688,0.43,1.98478943288535,0.0455906595918534,4
W:14_L:9_NM:8_T:-1.6,14,9,19.975,14.246117892254,126,8,-1.6,0.0039,0.695,0.434375,1.98286180092785,0.0456849772893618,4
W:14_L:9_NM:8_T:-1.6,14,9,19.975,14.246117892254,126,8,-1.6,0.0039,0.703,0.439375,1.97997812154986,0.0458071807649342,4
W:14_L:9_NM:8_T:-1.6,14,9,19.975,14.246117892254,126,8,-1.6,0.0039,0.711,0.444375,1.97642542931342,0.045938458012662,4
W:14_L:9_NM:8_T:-1.6,14,9,19.975,14.246117892254,126,8,-1.6,0.0039,0.718,0.44875,1.97274385585022,0.0460742993765086,4
W:14_L:9_NM:8_T:-1.6,14,9,19.975,14.246117892254,126,8,-1.6,0.0039,0.726,0.45375,1.96801259921501,0.0462392291034788,4
W:14_L:9_NM:8_T:-1.6,14,9,19.975,14.246117892254,126,8,-1.6,0.0039,0.733,0.458125,1.96333681085595,0.0464104539948626,4
W:14_L:9_NM:8_T:-1.6,14,9,19.975,14.246117892254,126,8,-1.6,0.0039,0.741,0.463125,1.9574714289912,0.046634738531614,4
W:14_L:9_NM:8_T:-1.6,14,9,19.975,14.246117892254,126,8,-1.6,0.0039,0.748,0.4675,1.95194758719565,0.0468558250303274,4
W:14_L:9_NM:8_T:-1.6,14,9,19.975,14.246117892254,126,8,-1.6,0.0039,0.756,0.4725,1.94500401814339,0.0471601633525071,4
W:14_L:9_NM:8_T:-1.6,14,9,19.975,14.246117892254,126,8,-1.6,0.0039,0.763,0.476875,1.93852263458079,0.0474688805020477,4
W:14_L:9_NM:8_T:-1.6,14,9,19.975,14.246117892254,126,8,-1.6,0.0039,0.771,0.481875,1.93050919847071,0.0478920701972085,4
W:14_L:9_NM:8_T:-1.6,14,9,19.975,14.246117892254,126,8,-1.6,0.0039,0.778,0.48625,1.92293821078073,0.0483341461584618,4
W:14_L:9_NM:8_T:-1.6,14,9,19.975,14.246117892254,126,8,-1.6,0.0039,0.786,0.49125,1.91351340575635,0.0489492511681834,4
W:14_L:9_NM:8_T:-1.6,14,9,19.975,14.246117892254,126,8,-1.6,0.0039,0.793,0.495625,1.90447302296456,0.0496092740633901,4
W:14_L:9_NM:8_T:-1.6,14,9,19.975,14.246117892254,126,8,-1.6,0.0039,0.801,0.500625,1.8929287604576,0.050554711967338,4
W:14_L:9_NM:8_T:-1.6,14,9,19.975,14.246117892254,126,8,-1.6,0.0039,0.808,0.505,1.88136619632406,0.0516155841807127,4
W:14_L:9_NM:8_T:-1.6,14,9,19.975,14.246117892254,126,8,-1.6,0.0039,0.816,0.51,1.86578788339371,0.053200107486486,4
W:14_L:9_NM:8_T:-1.6,14,9,19.975,14.246117892254,126,8,-1.6,0.0039,0.823,0.514375,1.84906589527592,0.0550979646018028,4
W:14_L:9_NM:8_T:-1.6,14,9,19.975,14.246117892254,126,8,-1.6,0.0039,0.831,0.519375,1.82465824192167,0.0581927630170303,4
W:14_L:9_NM:8_T:-1.6,14,9,19.975,14.246117892254,126,8,-1.6,0.0039,0.838,0.52375,1.79492255052733,0.0622011816780081,4
W:14_L:9_NM:8_T:-1.6,14,9,19.975,14.246117892254,126,8,-1.6,0.0039,0.846,0.52875,1.74323331007235,0.0700595125085349,4
W:14_L:9_NM:8_T:-1.6,14,9,19.975,14.246117892254,126,8,-1.6,0.0039,0.853,0.533125,1.66266573282665,0.083248672815521,4
W:14_L:9_NM:8_T:-1.6,14,9,19.975,14.246117892254,126,8,-1.6,0.0039,0.861,0.538125,1.44286175193878,0.124141318310829,12
W:14_L:9_NM:8_T:-1.6,14,9,19.975,14.246117892254,126,8,-1.6,0.0039,0.868,0.5425,0.658761303072142,0.360621899181199,12
W:14_L:9_NM:8_T:-1.6,14,9,19.975,14.246117892254,126,8,-1.6,0.0039,0.876,0.5475,3.52002228457919,0.406667000208372,12
W:14_L:9_NM:8_T:-1.6,14,9,19.975,14.246117892254,126,8,-1.6,0.0039,0.883,0.551875,4.32783303885243,0.312449869581173,12
W:14_L:9_NM:8_T:-1.6,14,9,19.975,14.246117892254,126,8,-1.6,0.0039,0.891,0.556875,4.65223251966576,0.26641995056124,12
W:14_L:9_NM:8_T:-1.6,14,9,19.975,14.246117892254,126,8,-1.6,0.0039,0.898,0.56125,4.78534397862916,0.241839110361208,12
W:14_L:9_NM:8_T:-1.6,14,9,19.975,14.246117892254,126,8,-1.6,0.0039,0.906,0.56625,4.86703722655341,0.22216129628623,12
W:14_L:9_NM:8_T:-1.6,14,9,19.975,14.246117892254,126,8,-1.6,0.0039,0.914,0.57125,4.90793825547627,0.207635199121043,12
W:14_L:9_NM:8_T:-1.6,14,9,19.975,14.246117892254,126,8,-1.6,0.0039,0.921,0.575625,4.92409659339873,0.197693320657424,12
W:14_L:9_NM:8_T:-1.6,14,9,19.975,14.246117892254,126,8,-1.6,0.0039,0.929,0.580625,4.93564788421003,0.188353186213984,12
W:14_L:9_NM:8_T:-1.6,14,9,19.975,14.246117892254,126,8,-1.6,0.0039,0.936,0.585,4.93774214050198,0.181886240372057,12
W:14_L:9_NM:8_T:-1.6,14,9,19.975,14.246117892254,126,8,-1.6,0.0039,0.944,0.59,4.93642193687728,0.175681812397047,12
W:14_L:9_NM:8_T:-1.6,14,9,19.975,14.246117892254,126,8,-1.6,0.0039,0.951,0.594375,4.93514988492544,0.171072609142251,12
W:14_L:9_NM:8_T:-1.6,14,9,19.975,14.246117892254,126,8,-1.6,0.0039,0.959,0.599375,4.93112917096891,0.166724492558,12
W:14_L:9_NM:8_T:-1.6,14,9,19.975,14.246117892254,126,8,-1.6,0.0039,0.966,0.60375,4.92963460509868,0.163470113116339,12
W:14_L:9_NM:8_T:-1.6,14,9,19.975,14.246117892254,126,8,-1.6,0.0039,0.974,0.60875,4.92710267713429,0.160294793749932,12
W:14_L:9_NM:8_T:-1.6,14,9,19.975,14.246117892254,126,8,-1.6,0.0039,0.981,0.613125,4.92735407595701,0.157905750558484,12
W:14_L:9_NM:8_T:-1.6,14,9,19.975,14.246117892254,126,8,-1.6,0.0039,0.989,0.618125,4.92783978133471,0.155579602702382,12
W:14_L:9_NM:8_T:-1.6,14,9,19.975,14.246117892254,126,8,-1.6,0.0039,0.996,0.6225,4.92961612007706,0.153825590343429,12
W:14_L:9_NM:8_T:-1.6,14,9,19.975,14.246117892254,126,8,-1.6,0.0039,1.004,0.6275,4.93339102683208,0.15210236371935,12
W:14_L:9_NM:8_T:-1.6,14,9,19.975,14.246117892254,126,8,-1.6,0.0039,1.011,0.631875,4.93770273856545,0.150810472305049,12
W:14_L:9_NM:8_T:-1.6,14,9,19.975,14.246117892254,126,8,-1.6,0.0039,1.019,0.636875,4.94414170749685,0.149544730420935,12
W:14_L:9_NM:8_T:-1.6,14,9,19.975,14.246117892254,126,8,-1.6,0.0039,1.026,0.64125,4.95140558002082,0.148605444909766,12
W:14_L:9_NM:8_T:-1.6,14,9,19.975,14.246117892254,126,8,-1.6,0.0039,1.034,0.64625,4.96157539661629,0.147705859973779,12
W:14_L:9_NM:8_T:-1.6,14,9,19.975,14.246117892254,126,8,-1.6,0.0039,1.041,0.650625,4.97117135343955,0.147041287190564,12
W:14_L:9_NM:8_T:-1.6,14,9,19.975,14.246117892254,126,8,-1.6,0.0039,1.049,0.655625,4.98390238684076,0.146429230925051,12
W:14_L:9_NM:8_T:-1.6,14,9,19.975,14.246117892254,126,8,-1.6,0.0039,1.056,0.66,4.99582818417917,0.145986562138415,12
W:14_L:9_NM:8_T:-1.6,14,9,19.975,14.246117892254,126,8,-1.6,0.0039,1.064,0.665,5.01085390120739,0.145602641255585,12
W:14_L:9_NM:8_T:-1.6,14,9,19.975,14.246117892254,126,8,-1.6,0.0039,1.071,0.669375,5.02467285409821,0.145346952626293,12
W:14_L:9_NM:8_T:-1.6,14,9,19.975,14.246117892254,126,8,-1.6,0.0039,1.079,0.674375,5.04124594756675,0.145134870912978,12
W:14_L:9_NM:8_T:-1.6,14,9,19.975,14.246117892254,126,8,-1.6,0.0039,1.086,0.67875,5.05701298126094,0.145045331351145,12
W:14_L:9_NM:8_T:-1.6,14,9,19.975,14.246117892254,126,8,-1.6,0.0039,1.094,0.68375,5.07500532478726,0.144993307480447,12
W:14_L:9_NM:8_T:-1.6,14,9,19.975,14.246117892254,126,8,-1.6,0.0039,1.102,0.68875,5.09353610163089,0.145021562509639,12
W:14_L:9_NM:8_T:-1.6,14,9,19.975,14.246117892254,126,8,-1.6,0.0039,1.109,0.693125,5.11015032702525,0.14510654709004,12
W:14_L:9_NM:8_T:-1.6,14,9,19.975,14.246117892254,126,8,-1.6,0.0039,1.117,0.698125,5.12882188352549,0.145244682653573,12
W:14_L:9_NM:8_T:-1.6,14,9,19.975,14.246117892254,126,8,-1.6,0.0039,1.124,0.7025,5.14504085285887,0.145417411211525,12
W:14_L:9_NM:8_T:-1.6,14,9,19.975,14.246117892254,126,8,-1.6,0.0039,1.132,0.7075,5.16298489461125,0.145658704898493,12
W:14_L:9_NM:8_T:-1.6,14,9,19.975,14.246117892254,126,8,-1.6,0.0039,1.139,0.711875,5.17801757897904,0.145901457018472,12
W:14_L:9_NM:8_T:-1.6,14,9,19.975,14.246117892254,126,8,-1.6,0.0039,1.147,0.716875,5.19398942210622,0.146216897821716,12
W:14_L:9_NM:8_T:-1.6,14,9,19.975,14.246117892254,126,8,-1.6,0.0039,1.154,0.72125,5.20682349860785,0.146523767598404,12
W:14_L:9_NM:8_T:-1.6,14,9,19.975,14.246117892254,126,8,-1.6,0.0039,1.162,0.72625,5.21978028255495,0.146906489237703,12
W:14_L:9_NM:8_T:-1.6,14,9,19.975,14.246117892254,126,8,-1.6,0.0039,1.169,0.730625,5.229328315343,0.147268437601988,12
W:14_L:9_NM:8_T:-1.6,14,9,19.975,14.246117892254,126,8,-1.6,0.0039,1.177,0.735625,5.23802023280768,0.147717357596464,12
W:14_L:9_NM:8_T:-1.6,14,9,19.975,14.246117892254,126,8,-1.6,0.0039,1.184,0.74,5.24307546252562,0.148138932951324,12
W:14_L:9_NM:8_T:-1.6,14,9,19.975,14.246117892254,126,8,-1.6,0.0039,1.192,0.745,5.24601923580685,0.148665770951855,12
W:14_L:9_NM:8_T:-1.6,14,9,19.975,14.246117892254,126,8,-1.6,0.0039,1.199,0.749375,5.24573743866207,0.149173493659892,12
W:14_L:9_NM:8_T:-1.6,14,9,19.975,14.246117892254,126,8,-1.6,0.0039,1.207,0.754375,5.24172881764716,0.149821222153672,12
W:14_L:9_NM:8_T:-1.6,14,9,19.975,14.246117892254,126,8,-1.6,0.0039,1.214,0.75875,5.23468027901394,0.150464804973078,12
W:14_L:9_NM:8_T:-1.6,14,9,19.975,14.246117892254,126,8,-1.6,0.0039,1.222,0.76375,5.22250664429527,0.151325095123775,12
W:14_L:9_NM:8_T:-1.6,14,9,19.975,14.246117892254,126,8,-1.6,0.0039,1.229,0.768125,5.20758809673322,0.152219560388344,12
W:14_L:9_NM:8_T:-1.6,14,9,19.975,14.246117892254,126,8,-1.6,0.0039,1.237,0.773125,5.18564984439431,0.153476987035211,12
W:14_L:9_NM:8_T:-1.6,14,9,19.975,14.246117892254,126,8,-1.6,0.0039,1.244,0.7775,5.16113129569595,0.154854663724314,12
W:14_L:9_NM:8_T:-1.6,14,9,19.975,14.246117892254,126,8,-1.6,0.0039,1.252,0.7825,5.12611965802699,0.156894029300057,12
W:14_L:9_NM:8_T:-1.6,14,9,19.975,14.246117892254,126,8,-1.6,0.0039,1.259,0.786875,5.08791252238254,0.159274879033236,12
W:14_L:9_NM:8_T:-1.6,14,9,19.975,14.246117892254,126,8,-1.6,0.0039,1.267,0.791875,5.03307813880806,0.163057660015715,12
W:14_L:9_NM:8_T:-1.6,14,9,19.975,14.246117892254,126,8,-1.6,0.0039,1.274,0.79625,4.97147616928151,0.167877725702257,12
W:14_L:9_NM:8_T:-1.6,14,9,19.975,14.246117892254,126,8,-1.6,0.0039,1.282,0.80125,4.87690362815151,0.17647774790867,12
W:14_L:9_NM:8_T:-1.6,14,9,19.975,14.246117892254,126,8,-1.6,0.0039,1.289,0.805625,4.75936832104174,0.189344231179505,12
W:14_L:9_NM:8_T:-1.6,14,9,19.975,14.246117892254,126,8,-1.6,0.0039,1.297,0.810625,4.54832215104089,0.219615834266964,12
W:14_L:9_NM:8_T:-1.6,14,9,19.975,14.246117892254,126,8,-1.6,0.0039,1.305,0.815625,4.15047985162798,0.326889258125121,12
W:14_L:9_NM:8_T:-1.6,14,9,19.975,14.246117892254,126,8,-1.6,0.0039,1.312,0.82,4.32646098132065,0.894854549672654,12
W:14_L:9_NM:8_T:-1.6,14,9,19.975,14.246117892254,126,8,-1.6,0.0039,1.32,0.825,4.0009176944649,0.486040054131802,20
W:14_L:9_NM:8_T:-1.6,14,9,19.975,14.246117892254,126,8,-1.6,0.0039,1.327,0.829375,5.69472152899563,0.336792267624964,20
W:14_L:9_NM:8_T:-1.6,14,9,19.975,14.246117892254,126,8,-1.6,0.0039,1.335,0.834375,6.65654989782638,0.347173885199711,20
W:14_L:9_NM:8_T:-1.6,14,9,19.975,14.246117892254,126,8,-1.6,0.0039,1.342,0.83875,7.05300139365773,0.341548908875697,20
W:14_L:9_NM:8_T:-1.6,14,9,19.975,14.246117892254,126,8,-1.6,0.0039,1.35,0.84375,7.32849375753461,0.334390488559282,20
W:14_L:9_NM:8_T:-1.6,14,9,19.975,14.246117892254,126,8,-1.6,0.0039,1.357,0.848125,7.50094729179501,0.328548277284305,20
W:14_L:9_NM:8_T:-1.6,14,9,19.975,14.246117892254,126,8,-1.6,0.0039,1.365,0.853125,7.64842213561936,0.32256521999292,20
W:14_L:9_NM:8_T:-1.6,14,9,19.975,14.246117892254,126,8,-1.6,0.0039,1.372,0.8575,7.74422709816727,0.317947526251379,20
W:14_L:9_NM:8_T:-1.6,14,9,19.975,14.246117892254,126,8,-1.6,0.0039,1.38,0.8625,7.82870361640968,0.313232944651135,20
W:14_L:9_NM:8_T:-1.6,14,9,19.975,14.246117892254,126,8,-1.6,0.0039,1.387,0.866875,7.88690126886371,0.309554158127301,20
W:14_L:9_NM:8_T:-1.6,14,9,19.975,14.246117892254,126,8,-1.6,0.0039,1.395,0.871875,7.93888513965728,0.305777163347552,20
W:14_L:9_NM:8_T:-1.6,14,9,19.975,14.246117892254,126,8,-1.6,0.0039,1.402,0.87625,7.97405885969235,0.302806409563224,20
W:14_L:9_NM:8_T:-1.6,14,9,19.975,14.246117892254,126,8,-1.6,0.0039,1.41,0.88125,8.00419366191173,0.299748787238203,20
W:14_L:9_NM:8_T:-1.6,14,9,19.975,14.246117892254,126,8,-1.6,0.0039,1.417,0.885625,8.02397541935583,0.297360509020966,20
W:14_L:9_NM:8_T:-1.6,14,9,19.975,14.246117892254,126,8,-1.6,0.0039,1.425,0.890625,8.0390381632621,0.294932628490578,20
W:14_L:9_NM:8_T:-1.6,14,9,19.975,14.246117892254,126,8,-1.6,0.0039,1.432,0.895,8.04668554674839,0.293077881224483,20
W:14_L:9_NM:8_T:-1.6,14,9,19.975,14.246117892254,126,8,-1.6,0.0039,1.44,0.9,8.05083854706343,0.291289085273882,20
W:14_L:9_NM:8_T:-1.6,14,9,19.975,14.246117892254,126,8,-1.6,0.0039,1.447,0.904375,8.05109517235193,0.29002798139476,20
W:14_L:9_NM:8_T:-1.6,14,9,19.975,14.246117892254,126,8,-1.6,0.0039,1.455,0.909375,8.04593085640431,0.288947282174473,20
W:14_L:9_NM:8_T:-1.6,14,9,19.975,14.246117892254,126,8,-1.6,0.0039,1.462,0.91375,8.03824942061574,0.288378036862682,20
W:14_L:9_NM:8_T:-1.6,14,9,19.975,14.246117892254,126,8,-1.6,0.0039,1.47,0.91875,8.02735360564554,0.288219690787112,20
W:14_L:9_NM:8_T:-1.6,14,9,19.975,14.246117892254,126,8,-1.6,0.0039,1.477,0.923125,8.01261751826484,0.288559983989516,20
W:14_L:9_NM:8_T:-1.6,14,9,19.975,14.246117892254,126,8,-1.6,0.0039,1.485,0.928125,7.99255095077754,0.289623546722321,20
W:14_L:9_NM:8_T:-1.6,14,9,19.975,14.246117892254,126,8,-1.6,0.0039,1.492,0.9325,7.97111332237577,0.291272814487698,20
W:14_L:9_NM:8_T:-1.6,14,9,19.975,14.246117892254,126,8,-1.6,0.0039,1.5,0.9375,7.94230782178425,0.294180008028136,20
W:36_L:5_NM:11_T:-1.6,36,5,10.575,36.6328745800818,180,11,-1.6,0.0039,-1.5,-0.9375,21.6470489830257,0.35310022115507,52
W:36_L:5_NM:11_T:-1.6,36,5,10.575,36.6328745800818,180,11,-1.6,0.0039,-1.492,-0.9325,21.7355974968342,0.334907435845136,52
W:36_L:5_NM:11_T:-1.6,36,5,10.575,36.6328745800818,180,11,-1.6,0.0039,-1.485,-0.928125,21.8430755534921,0.323939108725177,52
W:36_L:5_NM:11_T:-1.6,36,5,10.575,36.6328745800818,180,11,-1.6,0.0039,-1.477,-0.923125,21.9201483333812,0.316558949225877,52
W:36_L:5_NM:11_T:-1.6,36,5,10.575,36.6328745800818,180,11,-1.6,0.0039,-1.47,-0.91875,21.9538884460015,0.313187371664048,52
W:36_L:5_NM:11_T:-1.6,36,5,10.575,36.6328745800818,180,11,-1.6,0.0039,-1.462,-0.91375,21.9620955428159,0.311700682019163,52
W:36_L:5_NM:11_T:-1.6,36,5,10.575,36.6328745800818,180,11,-1.6,0.0039,-1.455,-0.909375,21.9464672539186,0.311991238230567,52
W:36_L:5_NM:11_T:-1.6,36,5,10.575,36.6328745800818,180,11,-1.6,0.0039,-1.447,-0.904375,21.9051859634886,0.313935029540254,52
W:36_L:5_NM:11_T:-1.6,36,5,10.575,36.6328745800818,180,11,-1.6,0.0039,-1.44,-0.9,21.8439889028999,0.317073294800303,52
W:36_L:5_NM:11_T:-1.6,36,5,10.575,36.6328745800818,180,11,-1.6,0.0039,-1.432,-0.895,21.7343730069814,0.32262932567468,52
W:36_L:5_NM:11_T:-1.6,36,5,10.575,36.6328745800818,180,11,-1.6,0.0039,-1.425,-0.890625,21.5840490634892,0.330024595696219,52
W:36_L:5_NM:11_T:-1.6,36,5,10.575,36.6328745800818,180,11,-1.6,0.0039,-1.417,-0.885625,21.2771311258423,0.344091121153474,52
W:36_L:5_NM:11_T:-1.6,36,5,10.575,36.6328745800818,180,11,-1.6,0.0039,-1.41,-0.88125,20.6123218357315,0.371486660308646,52
W:36_L:5_NM:11_T:-1.6,36,5,10.575,36.6328745800818,180,11,-1.6,0.0039,-1.402,-0.87625,17.7964519201834,0.46299552855562,52
W:36_L:5_NM:11_T:-1.6,36,5,10.575,36.6328745800818,180,11,-1.6,0.0039,-1.395,-0.871875,18.6424760448355,0.317534640864001,44
W:36_L:5_NM:11_T:-1.6,36,5,10.575,36.6328745800818,180,11,-1.6,0.0039,-1.387,-0.866875,19.107261248969,0.269579732714864,44
W:36_L:5_NM:11_T:-1.6,36,5,10.575,36.6328745800818,180,11,-1.6,0.0039,-1.38,-0.8625,19.2753998253666,0.255269428979028,44
W:36_L:5_NM:11_T:-1.6,36,5,10.575,36.6328745800818,180,11,-1.6,0.0039,-1.372,-0.8575,19.37260270696,0.248005367987153,44
W:36_L:5_NM:11_T:-1.6,36,5,10.575,36.6328745800818,180,11,-1.6,0.0039,-1.365,-0.853125,19.4182089981081,0.244987882558313,44
W:36_L:5_NM:11_T:-1.6,36,5,10.575,36.6328745800818,180,11,-1.6,0.0039,-1.357,-0.848125,19.4454360571247,0.243502998329256,44
W:36_L:5_NM:11_T:-1.6,36,5,10.575,36.6328745800818,180,11,-1.6,0.0039,-1.35,-0.84375,19.4547851270778,0.243273942874752,44
W:36_L:5_NM:11_T:-1.6,36,5,10.575,36.6328745800818,180,11,-1.6,0.0039,-1.342,-0.83875,19.4512103348898,0.243855581581945,44
W:36_L:5_NM:11_T:-1.6,36,5,10.575,36.6328745800818,180,11,-1.6,0.0039,-1.335,-0.834375,19.4382337807984,0.244979163970957,44
W:36_L:5_NM:11_T:-1.6,36,5,10.575,36.6328745800818,180,11,-1.6,0.0039,-1.327,-0.829375,19.4126040520397,0.246890973134869,44
W:36_L:5_NM:11_T:-1.6,36,5,10.575,36.6328745800818,180,11,-1.6,0.0039,-1.32,-0.825,19.3800501718267,0.249125164796545,44
W:36_L:5_NM:11_T:-1.6,36,5,10.575,36.6328745800818,180,11,-1.6,0.0039,-1.312,-0.82,19.3298462092184,0.252403570321495,44
W:36_L:5_NM:11_T:-1.6,36,5,10.575,36.6328745800818,180,11,-1.6,0.0039,-1.305,-0.815625,19.2713866507273,0.256027080734534,44
W:36_L:5_NM:11_T:-1.6,36,5,10.575,36.6328745800818,180,11,-1.6,0.0039,-1.297,-0.810625,19.1849246382576,0.261362250950957,44
W:36_L:5_NM:11_T:-1.6,36,5,10.575,36.6328745800818,180,11,-1.6,0.0039,-1.289,-0.805625,19.0671999963144,0.26851684823431,44
W:36_L:5_NM:11_T:-1.6,36,5,10.575,36.6328745800818,180,11,-1.6,0.0039,-1.282,-0.80125,18.9205305373787,0.277455544351222,44
W:36_L:5_NM:11_T:-1.6,36,5,10.575,36.6328745800818,180,11,-1.6,0.0039,-1.274,-0.79625,18.6587375216883,0.293460444909024,44
W:36_L:5_NM:11_T:-1.6,36,5,10.575,36.6328745800818,180,11,-1.6,0.0039,-1.267,-0.791875,18.1902582042253,0.321593566439,44
W:36_L:5_NM:11_T:-1.6,36,5,10.575,36.6328745800818,180,11,-1.6,0.0039,-1.259,-0.786875,15.7296944763484,0.366682005078973,44
W:36_L:5_NM:11_T:-1.6,36,5,10.575,36.6328745800818,180,11,-1.6,0.0039,-1.252,-0.7825,15.4956266641455,0.257382927025639,42
W:36_L:5_NM:11_T:-1.6,36,5,10.575,36.6328745800818,180,11,-1.6,0.0039,-1.244,-0.7775,15.9372716673706,0.205466446984848,36
W:36_L:5_NM:11_T:-1.6,36,5,10.575,36.6328745800818,180,11,-1.6,0.0039,-1.237,-0.773125,16.0769462609456,0.193444305138287,36
W:36_L:5_NM:11_T:-1.6,36,5,10.575,36.6328745800818,180,11,-1.6,0.0039,-1.229,-0.768125,16.1485129439789,0.187694658700833,36
W:36_L:5_NM:11_T:-1.6,36,5,10.575,36.6328745800818,180,11,-1.6,0.0039,-1.222,-0.76375,16.1767158066136,0.18523674664698,36
W:36_L:5_NM:11_T:-1.6,36,5,10.575,36.6328745800818,180,11,-1.6,0.0039,-1.214,-0.75875,16.1879914732811,0.183810623034562,36
W:36_L:5_NM:11_T:-1.6,36,5,10.575,36.6328745800818,180,11,-1.6,0.0039,-1.207,-0.754375,16.1875632952296,0.183291070506233,36
W:36_L:5_NM:11_T:-1.6,36,5,10.575,36.6328745800818,180,11,-1.6,0.0039,-1.199,-0.749375,16.1768575053751,0.183259312233377,36
W:36_L:5_NM:11_T:-1.6,36,5,10.575,36.6328745800818,180,11,-1.6,0.0039,-1.192,-0.745,16.1607000347586,0.183622945463392,36
W:36_L:5_NM:11_T:-1.6,36,5,10.575,36.6328745800818,180,11,-1.6,0.0039,-1.184,-0.74,16.1362621871741,0.184424347983453,36
W:36_L:5_NM:11_T:-1.6,36,5,10.575,36.6328745800818,180,11,-1.6,0.0039,-1.177,-0.735625,16.1081339124816,0.185422447864652,36
W:36_L:5_NM:11_T:-1.6,36,5,10.575,36.6328745800818,180,11,-1.6,0.0039,-1.169,-0.730625,16.0683591618394,0.18689890540509,36
W:36_L:5_NM:11_T:-1.6,36,5,10.575,36.6328745800818,180,11,-1.6,0.0039,-1.162,-0.72625,16.0269598604577,0.188445136591646,36
W:36_L:5_NM:11_T:-1.6,36,5,10.575,36.6328745800818,180,11,-1.6,0.0039,-1.154,-0.72125,15.9693036282969,0.190509849226741,36
W:36_L:5_NM:11_T:-1.6,36,5,10.575,36.6328745800818,180,11,-1.6,0.0039,-1.147,-0.716875,15.9084791741342,0.192583083903037,36
W:36_L:5_NM:11_T:-1.6,36,5,10.575,36.6328745800818,180,11,-1.6,0.0039,-1.139,-0.711875,15.8277072886552,0.195129968941793,36
W:36_L:5_NM:11_T:-1.6,36,5,10.575,36.6328745800818,180,11,-1.6,0.0039,-1.132,-0.7075,15.7423973669451,0.197647858795985,36
W:36_L:5_NM:11_T:-1.6,36,5,10.575,36.6328745800818,180,11,-1.6,0.0039,-1.124,-0.7025,15.631176686078,0.200672030993247,36
W:36_L:5_NM:11_T:-1.6,36,5,10.575,36.6328745800818,180,11,-1.6,0.0039,-1.117,-0.698125,15.5132603789436,0.203764682693818,36
W:36_L:5_NM:11_T:-1.6,36,5,10.575,36.6328745800818,180,11,-1.6,0.0039,-1.109,-0.693125,15.3557252923208,0.207829937507937,36
W:36_L:5_NM:11_T:-1.6,36,5,10.575,36.6328745800818,180,11,-1.6,0.0039,-1.102,-0.68875,15.1817389825056,0.212559430288978,36
W:36_L:5_NM:11_T:-1.6,36,5,10.575,36.6328745800818,180,11,-1.6,0.0039,-1.094,-0.68375,14.9046545220255,0.220879698355715,36
W:36_L:5_NM:11_T:-1.6,36,5,10.575,36.6328745800818,180,11,-1.6,0.0039,-1.086,-0.67875,14.3074139683817,0.23994289981718,36
W:36_L:5_NM:11_T:-1.6,36,5,10.575,36.6328745800818,180,11,-1.6,0.0039,-1.079,-0.674375,12.3911526419427,0.321606781357667,36
W:36_L:5_NM:11_T:-1.6,36,5,10.575,36.6328745800818,180,11,-1.6,0.0039,-1.071,-0.669375,12.6903736713719,0.159211170905382,34
W:36_L:5_NM:11_T:-1.6,36,5,10.575,36.6328745800818,180,11,-1.6,0.0039,-1.064,-0.665,12.4053978907378,0.163824815095345,28
W:36_L:5_NM:11_T:-1.6,36,5,10.575,36.6328745800818,180,11,-1.6,0.0039,-1.056,-0.66,12.2895403932157,0.16373622189399,28
W:36_L:5_NM:11_T:-1.6,36,5,10.575,36.6328745800818,180,11,-1.6,0.0039,-1.049,-0.655625,12.4147563145596,0.157397035198296,28
W:36_L:5_NM:11_T:-1.6,36,5,10.575,36.6328745800818,180,11,-1.6,0.0039,-1.041,-0.650625,12.5956394405429,0.150593385276874,28
W:36_L:5_NM:11_T:-1.6,36,5,10.575,36.6328745800818,180,11,-1.6,0.0039,-1.034,-0.64625,12.7216111352197,0.146509871312431,28
W:36_L:5_NM:11_T:-1.6,36,5,10.575,36.6328745800818,180,11,-1.6,0.0039,-1.026,-0.64125,12.8275972125891,0.14356958981559,28
W:36_L:5_NM:11_T:-1.6,36,5,10.575,36.6328745800818,180,11,-1.6,0.0039,-1.019,-0.636875,12.8953805702411,0.141989793195954,28
W:36_L:5_NM:11_T:-1.6,36,5,10.575,36.6328745800818,180,11,-1.6,0.0039,-1.011,-0.631875,12.952669204368,0.140939800700867,28
W:36_L:5_NM:11_T:-1.6,36,5,10.575,36.6328745800818,180,11,-1.6,0.0039,-1.004,-0.6275,12.9901553119387,0.140500727858588,28
W:36_L:5_NM:11_T:-1.6,36,5,10.575,36.6328745800818,180,11,-1.6,0.0039,-0.996,-0.6225,13.0210888980884,0.140381710633575,28
W:36_L:5_NM:11_T:-1.6,36,5,10.575,36.6328745800818,180,11,-1.6,0.0039,-0.989,-0.618125,13.0402364417431,0.140563835866933,28
W:36_L:5_NM:11_T:-1.6,36,5,10.575,36.6328745800818,180,11,-1.6,0.0039,-0.981,-0.613125,13.0542829509464,0.141053199178977,28
W:36_L:5_NM:11_T:-1.6,36,5,10.575,36.6328745800818,180,11,-1.6,0.0039,-0.974,-0.60875,13.0600294959632,0.141714668229942,28
W:36_L:5_NM:11_T:-1.6,36,5,10.575,36.6328745800818,180,11,-1.6,0.0039,-0.966,-0.60375,13.0596084162844,0.142734668578995,28
W:36_L:5_NM:11_T:-1.6,36,5,10.575,36.6328745800818,180,11,-1.6,0.0039,-0.959,-0.599375,13.0527376516651,0.1438358253071,28
W:36_L:5_NM:11_T:-1.6,36,5,10.575,36.6328745800818,180,11,-1.6,0.0039,-0.951,-0.594375,13.0368030059218,0.145415041370527,28
W:36_L:5_NM:11_T:-1.6,36,5,10.575,36.6328745800818,180,11,-1.6,0.0039,-0.944,-0.59,13.0148835771711,0.147057433847199,28
W:36_L:5_NM:11_T:-1.6,36,5,10.575,36.6328745800818,180,11,-1.6,0.0039,-0.936,-0.585,12.9781743565144,0.149273942221847,28
W:36_L:5_NM:11_T:-1.6,36,5,10.575,36.6328745800818,180,11,-1.6,0.0039,-0.929,-0.580625,12.933653594099,0.151589026709902,28
W:36_L:5_NM:11_T:-1.6,36,5,10.575,36.6328745800818,180,11,-1.6,0.0039,-0.921,-0.575625,12.8648286787846,0.154604466613341,28
W:36_L:5_NM:11_T:-1.6,36,5,10.575,36.6328745800818,180,11,-1.6,0.0039,-0.914,-0.57125,12.7796577411916,0.157795625881431,28
W:36_L:5_NM:11_T:-1.6,36,5,10.575,36.6328745800818,180,11,-1.6,0.0039,-0.906,-0.56625,12.6469308020338,0.16199030612703,28
W:36_L:5_NM:11_T:-1.6,36,5,10.575,36.6328745800818,180,11,-1.6,0.0039,-0.898,-0.56125,12.4604438938785,0.166864050888669,28
W:36_L:5_NM:11_T:-1.6,36,5,10.575,36.6328745800818,180,11,-1.6,0.0039,-0.891,-0.556875,12.216163080198,0.172011088449301,28
W:36_L:5_NM:11_T:-1.6,36,5,10.575,36.6328745800818,180,11,-1.6,0.0039,-0.883,-0.551875,11.7901040658984,0.179584217412021,28
W:36_L:5_NM:11_T:-1.6,36,5,10.575,36.6328745800818,180,11,-1.6,0.0039,-0.876,-0.5475,11.0825604991381,0.193753833619838,28
W:36_L:5_NM:11_T:-1.6,36,5,10.575,36.6328745800818,180,11,-1.6,0.0039,-0.868,-0.5425,9.24082424544628,0.209085529948527,28
W:36_L:5_NM:11_T:-1.6,36,5,10.575,36.6328745800818,180,11,-1.6,0.0039,-0.861,-0.538125,9.46948481347491,0.106240920530516,28
W:36_L:5_NM:11_T:-1.6,36,5,10.575,36.6328745800818,180,11,-1.6,0.0039,-0.853,-0.533125,9.18387798696247,0.172914121092297,20
W:36_L:5_NM:11_T:-1.6,36,5,10.575,36.6328745800818,180,11,-1.6,0.0039,-0.846,-0.52875,9.25368715908427,0.194189450262897,20
W:36_L:5_NM:11_T:-1.6,36,5,10.575,36.6328745800818,180,11,-1.6,0.0039,-0.838,-0.52375,9.5542119441965,0.107842317051961,20
W:36_L:5_NM:11_T:-1.6,36,5,10.575,36.6328745800818,180,11,-1.6,0.0039,-0.831,-0.519375,9.59136589555993,0.0976105610274755,20
W:36_L:5_NM:11_T:-1.6,36,5,10.575,36.6328745800818,180,11,-1.6,0.0039,-0.823,-0.514375,9.61159284206145,0.0938879698783945,20
W:36_L:5_NM:11_T:-1.6,36,5,10.575,36.6328745800818,180,11,-1.6,0.0039,-0.816,-0.51,9.62464501605045,0.0925854592890848,20
W:36_L:5_NM:11_T:-1.6,36,5,10.575,36.6328745800818,180,11,-1.6,0.0039,-0.808,-0.505,9.6374164596269,0.091976262460026,20
W:36_L:5_NM:11_T:-1.6,36,5,10.575,36.6328745800818,180,11,-1.6,0.0039,-0.801,-0.500625,9.64775336775835,0.0918531046835149,20
W:36_L:5_NM:11_T:-1.6,36,5,10.575,36.6328745800818,180,11,-1.6,0.0039,-0.793,-0.495625,9.65874052708285,0.0919947663756294,20
W:36_L:5_NM:11_T:-1.6,36,5,10.575,36.6328745800818,180,11,-1.6,0.0039,-0.786,-0.49125,9.66729523483103,0.0922852135924433,20
W:36_L:5_NM:11_T:-1.6,36,5,10.575,36.6328745800818,180,11,-1.6,0.0039,-0.778,-0.48625,9.67601683571627,0.0927655892109335,20
W:36_L:5_NM:11_T:-1.6,36,5,10.575,36.6328745800818,180,11,-1.6,0.0039,-0.771,-0.481875,9.68237997991833,0.0932929165869795,20
W:36_L:5_NM:11_T:-1.6,36,5,10.575,36.6328745800818,180,11,-1.6,0.0039,-0.763,-0.476875,9.68813130939606,0.0940150323358741,20
W:36_L:5_NM:11_T:-1.6,36,5,10.575,36.6328745800818,180,11,-1.6,0.0039,-0.756,-0.4725,9.6915215172558,0.0947425114602433,20
W:36_L:5_NM:11_T:-1.6,36,5,10.575,36.6328745800818,180,11,-1.6,0.0039,-0.748,-0.4675,9.6933549733984,0.0957050905845016,20
W:36_L:5_NM:11_T:-1.6,36,5,10.575,36.6328745800818,180,11,-1.6,0.0039,-0.741,-0.463125,9.69285561963912,0.0966479975113821,20
W:36_L:5_NM:11_T:-1.6,36,5,10.575,36.6328745800818,180,11,-1.6,0.0039,-0.733,-0.458125,9.69002662392485,0.0978576960505108,20
W:36_L:5_NM:11_T:-1.6,36,5,10.575,36.6328745800818,180,11,-1.6,0.0039,-0.726,-0.45375,9.6848811947676,0.0990971731851676,20
W:36_L:5_NM:11_T:-1.6,36,5,10.575,36.6328745800818,180,11,-1.6,0.0039,-0.718,-0.44875,9.67627587049459,0.100685054550112,20
W:36_L:5_NM:11_T:-1.6,36,5,10.575,36.6328745800818,180,11,-1.6,0.0039,-0.711,-0.444375,9.66598793998529,0.102282679093725,20
W:36_L:5_NM:11_T:-1.6,36,5,10.575,36.6328745800818,180,11,-1.6,0.0039,-0.703,-0.439375,9.65031740621665,0.104506626279644,20
W:36_L:5_NM:11_T:-1.6,36,5,10.575,36.6328745800818,180,11,-1.6,0.0039,-0.695,-0.434375,9.63077461709803,0.107101433605846,20
W:36_L:5_NM:11_T:-1.6,36,5,10.575,36.6328745800818,180,11,-1.6,0.0039,-0.688,-0.43,9.60904604088374,0.10995028191697,20
W:36_L:5_NM:11_T:-1.6,36,5,10.575,36.6328745800818,180,11,-1.6,0.0039,-0.68,-0.425,9.57777653282503,0.1141328005259,20
W:36_L:5_NM:11_T:-1.6,36,5,10.575,36.6328745800818,180,11,-1.6,0.0039,-0.673,-0.420625,9.54355642337698,0.118937978895733,20
W:36_L:5_NM:11_T:-1.6,36,5,10.575,36.6328745800818,180,11,-1.6,0.0039,-0.665,-0.415625,9.49108460453836,0.126439467531968,20
W:36_L:5_NM:11_T:-1.6,36,5,10.575,36.6328745800818,180,11,-1.6,0.0039,-0.658,-0.41125,9.42674171985977,0.136173713230607,20
W:36_L:5_NM:11_T:-1.6,36,5,10.575,36.6328745800818,180,11,-1.6,0.0039,-0.65,-0.40625,9.29105547864607,0.156107841705249,20
W:36_L:5_NM:11_T:-1.6,36,5,10.575,36.6328745800818,180,11,-1.6,0.0039,-0.643,-0.401875,8.96182087255447,0.198134889185056,20
W:36_L:5_NM:11_T:-1.6,36,5,10.575,36.6328745800818,180,11,-1.6,0.0039,-0.635,-0.396875,5.84975814026141,0.150146962485541,20
W:36_L:5_NM:11_T:-1.6,36,5,10.575,36.6328745800818,180,11,-1.6,0.0039,-0.628,-0.3925,5.87602964896377,0.0538435751163238,20
W:36_L:5_NM:11_T:-1.6,36,5,10.575,36.6328745800818,180,11,-1.6,0.0039,-0.62,-0.3875,5.87855693172061,0.0512583732291563,16
W:36_L:5_NM:11_T:-1.6,36,5,10.575,36.6328745800818,180,11,-1.6,0.0039,-0.613,-0.383125,5.87915646688139,0.0506101394633159,12
W:36_L:5_NM:11_T:-1.6,36,5,10.575,36.6328745800818,180,11,-1.6,0.0039,-0.605,-0.378125,5.87933395571538,0.0503536315495372,12
W:36_L:5_NM:11_T:-1.6,36,5,10.575,36.6328745800818,180,11,-1.6,0.0039,-0.598,-0.37375,5.87944128409881,0.0503057277212339,12
W:36_L:5_NM:11_T:-1.6,36,5,10.575,36.6328745800818,180,11,-1.6,0.0039,-0.59,-0.36875,5.87966812527291,0.0503596572731596,12
W:36_L:5_NM:11_T:-1.6,36,5,10.575,36.6328745800818,180,11,-1.6,0.0039,-0.583,-0.364375,5.88001794016909,0.0504600836002202,12
W:36_L:5_NM:11_T:-1.6,36,5,10.575,36.6328745800818,180,11,-1.6,0.0039,-0.575,-0.359375,5.88060374978875,0.0506501928447133,12
W:36_L:5_NM:11_T:-1.6,36,5,10.575,36.6328745800818,180,11,-1.6,0.0039,-0.568,-0.355,5.88126669262138,0.0508522776693961,12
W:36_L:5_NM:11_T:-1.6,36,5,10.575,36.6328745800818,180,11,-1.6,0.0039,-0.56,-0.35,5.88215347900275,0.0511245433809454,12
W:36_L:5_NM:11_T:-1.6,36,5,10.575,36.6328745800818,180,11,-1.6,0.0039,-0.553,-0.345625,5.88308691090809,0.0514122078047978,12
W:36_L:5_NM:11_T:-1.6,36,5,10.575,36.6328745800818,180,11,-1.6,0.0039,-0.545,-0.340625,5.88419955672983,0.0517661939878622,12
W:36_L:5_NM:11_T:-1.6,36,5,10.575,36.6328745800818,180,11,-1.6,0.0039,-0.538,-0.33625,5.88507851969285,0.052146216359585,12
W:36_L:5_NM:11_T:-1.6,36,5,10.575,36.6328745800818,180,11,-1.6,0.0039,-0.53,-0.33125,5.88613069286386,0.0525950450902814,12
W:36_L:5_NM:11_T:-1.6,36,5,10.575,36.6328745800818,180,11,-1.6,0.0039,-0.523,-0.326875,5.88680032431563,0.0530513309151285,12
W:36_L:5_NM:11_T:-1.6,36,5,10.575,36.6328745800818,180,11,-1.6,0.0039,-0.515,-0.321875,5.88724590227192,0.0536661917838713,12
W:36_L:5_NM:11_T:-1.6,36,5,10.575,36.6328745800818,180,11,-1.6,0.0039,-0.508,-0.3175,5.88735618787497,0.0542077764806827,12
W:36_L:5_NM:11_T:-1.6,36,5,10.575,36.6328745800818,180,11,-1.6,0.0039,-0.5,-0.3125,5.88677298792753,0.0549736678348002,12
W:36_L:5_NM:11_T:-1.6,36,5,10.575,36.6328745800818,180,11,-1.6,0.0039,-0.492,-0.3075,5.8857505018819,0.0557873481336372,12
W:36_L:5_NM:11_T:-1.6,36,5,10.575,36.6328745800818,180,11,-1.6,0.0039,-0.485,-0.303125,5.88385797682406,0.0566390702973286,12
W:36_L:5_NM:11_T:-1.6,36,5,10.575,36.6328745800818,180,11,-1.6,0.0039,-0.477,-0.298125,5.88098461905612,0.0576840198556712,12
W:36_L:5_NM:11_T:-1.6,36,5,10.575,36.6328745800818,180,11,-1.6,0.0039,-0.47,-0.29375,5.8771156261421,0.0587857966957099,12
W:36_L:5_NM:11_T:-1.6,36,5,10.575,36.6328745800818,180,11,-1.6,0.0039,-0.462,-0.28875,5.87186378804051,0.0601355076541508,12
W:36_L:5_NM:11_T:-1.6,36,5,10.575,36.6328745800818,180,11,-1.6,0.0039,-0.455,-0.284375,5.86585551869456,0.0616084780609514,12
W:36_L:5_NM:11_T:-1.6,36,5,10.575,36.6328745800818,180,11,-1.6,0.0039,-0.447,-0.279375,5.85708306851373,0.0636034659728245,12
W:36_L:5_NM:11_T:-1.6,36,5,10.575,36.6328745800818,180,11,-1.6,0.0039,-0.44,-0.275,5.84717041709672,0.0657617994868339,12
W:36_L:5_NM:11_T:-1.6,36,5,10.575,36.6328745800818,180,11,-1.6,0.0039,-0.432,-0.27,5.83423316169343,0.0687177641858335,12
W:36_L:5_NM:11_T:-1.6,36,5,10.575,36.6328745800818,180,11,-1.6,0.0039,-0.425,-0.265625,5.81954385879257,0.0721447447397038,12
W:36_L:5_NM:11_T:-1.6,36,5,10.575,36.6328745800818,180,11,-1.6,0.0039,-0.417,-0.260625,5.79807144818651,0.0773609307604926,12
W:36_L:5_NM:11_T:-1.6,36,5,10.575,36.6328745800818,180,11,-1.6,0.0039,-0.41,-0.25625,5.77430236099719,0.0835658606681688,12
W:36_L:5_NM:11_T:-1.6,36,5,10.575,36.6328745800818,180,11,-1.6,0.0039,-0.402,-0.25125,5.73260184591478,0.0953054347711373,12
W:36_L:5_NM:11_T:-1.6,36,5,10.575,36.6328745800818,180,11,-1.6,0.0039,-0.395,-0.246875,5.66831205071335,0.114084388218559,12
W:36_L:5_NM:11_T:-1.6,36,5,10.575,36.6328745800818,180,11,-1.6,0.0039,-0.387,-0.241875,5.38055705532992,0.189514891185975,12
W:36_L:5_NM:11_T:-1.6,36,5,10.575,36.6328745800818,180,11,-1.6,0.0039,-0.38,-0.2375,1.98306510042911,0.0242098889231175,12
W:36_L:5_NM:11_T:-1.6,36,5,10.575,36.6328745800818,180,11,-1.6,0.0039,-0.372,-0.2325,1.9906021323395,0.0177469152246576,12
W:36_L:5_NM:11_T:-1.6,36,5,10.575,36.6328745800818,180,11,-1.6,0.0039,-0.365,-0.228125,1.99192811038736,0.0169639240476915,12
W:36_L:5_NM:11_T:-1.6,36,5,10.575,36.6328745800818,180,11,-1.6,0.0039,-0.357,-0.223125,1.99261859254732,0.0166792003948086,12
W:36_L:5_NM:11_T:-1.6,36,5,10.575,36.6328745800818,180,11,-1.6,0.0039,-0.35,-0.21875,1.99306099810756,0.0165937193064912,8
W:36_L:5_NM:11_T:-1.6,36,5,10.575,36.6328745800818,180,11,-1.6,0.0039,-0.342,-0.21375,1.99361394848018,0.0165436817749245,4
W:36_L:5_NM:11_T:-1.6,36,5,10.575,36.6328745800818,180,11,-1.6,0.0039,-0.335,-0.209375,1.99396452075199,0.0165659808344928,4
W:36_L:5_NM:11_T:-1.6,36,5,10.575,36.6328745800818,180,11,-1.6,0.0039,-0.327,-0.204375,1.99421275975539,0.0166568834321186,4
W:36_L:5_NM:11_T:-1.6,36,5,10.575,36.6328745800818,180,11,-1.6,0.0039,-0.32,-0.2,1.99437625853486,0.0167657694584669,4
W:36_L:5_NM:11_T:-1.6,36,5,10.575,36.6328745800818,180,11,-1.6,0.0039,-0.312,-0.195,1.99447457658791,0.0169100337411822,4
W:36_L:5_NM:11_T:-1.6,36,5,10.575,36.6328745800818,180,11,-1.6,0.0039,-0.305,-0.190625,1.99439330327457,0.0170658075647889,4
W:36_L:5_NM:11_T:-1.6,36,5,10.575,36.6328745800818,180,11,-1.6,0.0039,-0.297,-0.185625,1.99401666715284,0.0172908876540163,4
W:36_L:5_NM:11_T:-1.6,36,5,10.575,36.6328745800818,180,11,-1.6,0.0039,-0.289,-0.180625,1.99324389989764,0.0175521004895004,4
W:36_L:5_NM:11_T:-1.6,36,5,10.575,36.6328745800818,180,11,-1.6,0.0039,-0.282,-0.17625,1.99198785462081,0.0178714809686724,4
W:36_L:5_NM:11_T:-1.6,36,5,10.575,36.6328745800818,180,11,-1.6,0.0039,-0.274,-0.17125,1.98977928415803,0.0182957929314534,4
W:36_L:5_NM:11_T:-1.6,36,5,10.575,36.6328745800818,180,11,-1.6,0.0039,-0.267,-0.166875,1.98670823460816,0.0187995634955164,4
W:36_L:5_NM:11_T:-1.6,36,5,10.575,36.6328745800818,180,11,-1.6,0.0039,-0.259,-0.161875,1.98136398097264,0.019553774449612,4
W:36_L:5_NM:11_T:-1.6,36,5,10.575,36.6328745800818,180,11,-1.6,0.0039,-0.252,-0.1575,1.9741475569225,0.0204586186709589,4
W:36_L:5_NM:11_T:-1.6,36,5,10.575,36.6328745800818,180,11,-1.6,0.0039,-0.244,-0.1525,1.9611566451308,0.0219323397329043,4
W:36_L:5_NM:11_T:-1.6,36,5,10.575,36.6328745800818,180,11,-1.6,0.0039,-0.237,-0.148125,1.94272303555769,0.0238546482202382,4
W:36_L:5_NM:11_T:-1.6,36,5,10.575,36.6328745800818,180,11,-1.6,0.0039,-0.229,-0.143125,1.9065017980445,0.0273854719865901,4
W:36_L:5_NM:11_T:-1.6,36,5,10.575,36.6328745800818,180,11,-1.6,0.0039,-0.222,-0.13875,1.84877083896751,0.0326856195619321,4
W:36_L:5_NM:11_T:-1.6,36,5,10.575,36.6328745800818,180,11,-1.6,0.0039,-0.214,-0.13375,1.71647734161405,0.0441802346995806,4
W:36_L:5_NM:11_T:-1.6,36,5,10.575,36.6328745800818,180,11,-1.6,0.0039,-0.207,-0.129375,1.48016249504925,0.0636461188011935,4
W:36_L:5_NM:11_T:-1.6,36,5,10.575,36.6328745800818,180,11,-1.6,0.0039,-0.199,-0.124375,1.0781432567059,0.0940013136026088,4
W:36_L:5_NM:11_T:-1.6,36,5,10.575,36.6328745800818,180,11,-1.6,0.0039,-0.192,-0.12,1.07999250886494,0.089628094423399,4
W:36_L:5_NM:11_T:-1.6,36,5,10.575,36.6328745800818,180,11,-1.6,0.0039,-0.184,-0.115,1.45157413650587,0.0579391089761504,4
W:36_L:5_NM:11_T:-1.6,36,5,10.575,36.6328745800818,180,11,-1.6,0.0039,-0.177,-0.110625,1.67225236784195,0.0405528619609564,4
W:36_L:5_NM:11_T:-1.6,36,5,10.575,36.6328745800818,180,11,-1.6,0.0039,-0.169,-0.105625,1.80136854940378,0.0308623142971476,4
W:36_L:5_NM:11_T:-1.6,36,5,10.575,36.6328745800818,180,11,-1.6,0.0039,-0.162,-0.10125,1.86064202555928,0.0266159399225421,4
W:36_L:5_NM:11_T:-1.6,36,5,10.575,36.6328745800818,180,11,-1.6,0.0039,-0.154,-0.09625,1.89891868282683,0.0240003299098953,4
W:36_L:5_NM:11_T:-1.6,36,5,10.575,36.6328745800818,180,11,-1.6,0.0039,-0.147,-0.091875,1.91829640314476,0.0227476770992115,4
W:36_L:5_NM:11_T:-1.6,36,5,10.575,36.6328745800818,180,11,-1.6,0.0039,-0.139,-0.086875,1.93130565336846,0.0219789516667993,4
W:36_L:5_NM:11_T:-1.6,36,5,10.575,36.6328745800818,180,11,-1.6,0.0039,-0.132,-0.0825,1.93749238884863,0.0216676178506822,4
W:36_L:5_NM:11_T:-1.6,36,5,10.575,36.6328745800818,180,11,-1.6,0.0039,-0.124,-0.0775,1.9404891514988,0.021595682568517,4
W:36_L:5_NM:11_T:-1.6,36,5,10.575,36.6328745800818,180,11,-1.6,0.0039,-0.117,-0.073125,1.94044384484502,0.0217313575507367,4
W:36_L:5_NM:11_T:-1.6,36,5,10.575,36.6328745800818,180,11,-1.6,0.0039,-0.109,-0.068125,1.93799393047715,0.0220605348993607,4
W:36_L:5_NM:11_T:-1.6,36,5,10.575,36.6328745800818,180,11,-1.6,0.0039,-0.102,-0.06375,1.93400338506075,0.0225124685788104,4
W:36_L:5_NM:11_T:-1.6,36,5,10.575,36.6328745800818,180,11,-1.6,0.0039,-0.094,-0.05875,1.92755322881156,0.0232112223278002,4
W:36_L:5_NM:11_T:-1.6,36,5,10.575,36.6328745800818,180,11,-1.6,0.0039,-0.086,-0.05375,1.91911821636797,0.0241483753223208,4
W:36_L:5_NM:11_T:-1.6,36,5,10.575,36.6328745800818,180,11,-1.6,0.0039,-0.079,-0.049375,1.90995639938009,0.0252151096767235,4
W:36_L:5_NM:11_T:-1.6,36,5,10.575,36.6328745800818,180,11,-1.6,0.0039,-0.071,-0.044375,1.89733151451406,0.0268019224200406,4
W:36_L:5_NM:11_T:-1.6,36,5,10.575,36.6328745800818,180,11,-1.6,0.0039,-0.064,-0.04,1.88380168096183,0.0286613187518214,4
W:36_L:5_NM:11_T:-1.6,36,5,10.575,36.6328745800818,180,11,-1.6,0.0039,-0.056,-0.035,1.86423284203509,0.0316294879499176,4
W:36_L:5_NM:11_T:-1.6,36,5,10.575,36.6328745800818,180,11,-1.6,0.0039,-0.049,-0.030625,1.84004454225779,0.0355469305971789,4
W:36_L:5_NM:11_T:-1.6,36,5,10.575,36.6328745800818,180,11,-1.6,0.0039,-0.041,-0.025625,1.79180181443245,0.0432742016880903,4
W:36_L:5_NM:11_T:-1.6,36,5,10.575,36.6328745800818,180,11,-1.6,0.0039,-0.034,-0.02125,1.6779706205002,0.0580300289286854,4
W:36_L:5_NM:11_T:-1.6,36,5,10.575,36.6328745800818,180,11,-1.6,0.0039,-0.026,-0.01625,1.1290620170729,0.103492417962219,4
W:36_L:5_NM:11_T:-1.6,36,5,10.575,36.6328745800818,180,11,-1.6,0.0039,-0.019,-0.011875,1.26757760225035,0.0887768819614758,4
W:36_L:5_NM:11_T:-1.6,36,5,10.575,36.6328745800818,180,11,-1.6,0.0039,-0.011,-0.006875,1.48112708329847,0.124944472606064,4
W:36_L:5_NM:11_T:-1.6,36,5,10.575,36.6328745800818,180,11,-1.6,0.0039,-0.004,-0.0025,1.16457939218307,0.652851237322389,4
W:36_L:5_NM:11_T:-1.6,36,5,10.575,36.6328745800818,180,11,-1.6,0.0039,0.004,0.0025,1.16459251451725,0.652867875951936,4
W:36_L:5_NM:11_T:-1.6,36,5,10.575,36.6328745800818,180,11,-1.6,0.0039,0.011,0.006875,1.48112668389515,0.124944723870644,4
W:36_L:5_NM:11_T:-1.6,36,5,10.575,36.6328745800818,180,11,-1.6,0.0039,0.019,0.011875,1.26757903094816,0.0887768363075958,4
W:36_L:5_NM:11_T:-1.6,36,5,10.575,36.6328745800818,180,11,-1.6,0.0039,0.026,0.01625,1.12906013279568,0.103492534940209,4
W:36_L:5_NM:11_T:-1.6,36,5,10.575,36.6328745800818,180,11,-1.6,0.0039,0.034,0.02125,1.67797008291873,0.0580300921010919,4
W:36_L:5_NM:11_T:-1.6,36,5,10.575,36.6328745800818,180,11,-1.6,0.0039,0.041,0.025625,1.79180169620263,0.0432742251945334,4
W:36_L:5_NM:11_T:-1.6,36,5,10.575,36.6328745800818,180,11,-1.6,0.0039,0.049,0.030625,1.84004447177183,0.0355469436015247,4
W:36_L:5_NM:11_T:-1.6,36,5,10.575,36.6328745800818,180,11,-1.6,0.0039,0.056,0.035,1.86423278471937,0.0316294970063422,4
W:36_L:5_NM:11_T:-1.6,36,5,10.575,36.6328745800818,180,11,-1.6,0.0039,0.064,0.04,1.88380165506091,0.0286613236970659,4
W:36_L:5_NM:11_T:-1.6,36,5,10.575,36.6328745800818,180,11,-1.6,0.0039,0.071,0.044375,1.8973314803717,0.026801926941473,4
W:36_L:5_NM:11_T:-1.6,36,5,10.575,36.6328745800818,180,11,-1.6,0.0039,0.079,0.049375,1.90995636856842,0.025215113318612,4
W:36_L:5_NM:11_T:-1.6,36,5,10.575,36.6328745800818,180,11,-1.6,0.0039,0.086,0.05375,1.91911819516085,0.0241483777625196,4
W:36_L:5_NM:11_T:-1.6,36,5,10.575,36.6328745800818,180,11,-1.6,0.0039,0.094,0.05875,1.92755321352941,0.0232112240743025,4
W:36_L:5_NM:11_T:-1.6,36,5,10.575,36.6328745800818,180,11,-1.6,0.0039,0.102,0.06375,1.93400337190889,0.0225124700813304,4
W:36_L:5_NM:11_T:-1.6,36,5,10.575,36.6328745800818,180,11,-1.6,0.0039,0.109,0.068125,1.93799391934025,0.0220605363418732,4
W:36_L:5_NM:11_T:-1.6,36,5,10.575,36.6328745800818,180,11,-1.6,0.0039,0.117,0.073125,1.94044383245548,0.0217313593016052,4
W:36_L:5_NM:11_T:-1.6,36,5,10.575,36.6328745800818,180,11,-1.6,0.0039,0.124,0.0775,1.94048915328453,0.0215956826943382,4
W:36_L:5_NM:11_T:-1.6,36,5,10.575,36.6328745800818,180,11,-1.6,0.0039,0.132,0.0825,1.93749239753911,0.0216676168458312,4
W:36_L:5_NM:11_T:-1.6,36,5,10.575,36.6328745800818,180,11,-1.6,0.0039,0.139,0.086875,1.93130566643748,0.0219789515635557,4
W:36_L:5_NM:11_T:-1.6,36,5,10.575,36.6328745800818,180,11,-1.6,0.0039,0.147,0.091875,1.91829643666645,0.022747675334524,4
W:36_L:5_NM:11_T:-1.6,36,5,10.575,36.6328745800818,180,11,-1.6,0.0039,0.154,0.09625,1.89891873660942,0.0240003262678615,4
W:36_L:5_NM:11_T:-1.6,36,5,10.575,36.6328745800818,180,11,-1.6,0.0039,0.162,0.10125,1.86064212847343,0.0266159329045693,4
W:36_L:5_NM:11_T:-1.6,36,5,10.575,36.6328745800818,180,11,-1.6,0.0039,0.169,0.105625,1.80136871803028,0.0308623022372567,4
W:36_L:5_NM:11_T:-1.6,36,5,10.575,36.6328745800818,180,11,-1.6,0.0039,0.177,0.110625,1.67225273535958,0.040552833928497,4
W:36_L:5_NM:11_T:-1.6,36,5,10.575,36.6328745800818,180,11,-1.6,0.0039,0.184,0.115,1.45157481611421,0.0579390549706561,4
W:36_L:5_NM:11_T:-1.6,36,5,10.575,36.6328745800818,180,11,-1.6,0.0039,0.192,0.12,1.07999313985058,0.0896280372306699,4
W:36_L:5_NM:11_T:-1.6,36,5,10.575,36.6328745800818,180,11,-1.6,0.0039,0.199,0.124375,1.07814261483982,0.0940013585798923,4
W:36_L:5_NM:11_T:-1.6,36,5,10.575,36.6328745800818,180,11,-1.6,0.0039,0.207,0.129375,1.4801617912092,0.0636461763514288,4
W:36_L:5_NM:11_T:-1.6,36,5,10.575,36.6328745800818,180,11,-1.6,0.0039,0.214,0.13375,1.71647695820454,0.0441802675744228,4
W:36_L:5_NM:11_T:-1.6,36,5,10.575,36.6328745800818,180,11,-1.6,0.0039,0.222,0.13875,1.84877064602009,0.0326856368709242,4
W:36_L:5_NM:11_T:-1.6,36,5,10.575,36.6328745800818,180,11,-1.6,0.0039,0.229,0.143125,1.90650169468272,0.0273854815977066,4
W:36_L:5_NM:11_T:-1.6,36,5,10.575,36.6328745800818,180,11,-1.6,0.0039,0.237,0.148125,1.94272298393318,0.0238546536902509,4
W:36_L:5_NM:11_T:-1.6,36,5,10.575,36.6328745800818,180,11,-1.6,0.0039,0.244,0.1525,1.96115661101508,0.0219323434902179,4
W:36_L:5_NM:11_T:-1.6,36,5,10.575,36.6328745800818,180,11,-1.6,0.0039,0.252,0.1575,1.97414753386595,0.0204586219381813,4
W:36_L:5_NM:11_T:-1.6,36,5,10.575,36.6328745800818,180,11,-1.6,0.0039,0.259,0.161875,1.98136396613217,0.0195537765361035,4
W:36_L:5_NM:11_T:-1.6,36,5,10.575,36.6328745800818,180,11,-1.6,0.0039,0.267,0.166875,1.98670822681475,0.018799564541988,4
W:36_L:5_NM:11_T:-1.6,36,5,10.575,36.6328745800818,180,11,-1.6,0.0039,0.274,0.17125,1.98977927738249,0.0182957943591014,4
W:36_L:5_NM:11_T:-1.6,36,5,10.575,36.6328745800818,180,11,-1.6,0.0039,0.282,0.17625,1.99198785016352,0.0178714821683935,4
W:36_L:5_NM:11_T:-1.6,36,5,10.575,36.6328745800818,180,11,-1.6,0.0039,0.289,0.180625,1.99324389716363,0.0175521014201759,4
W:36_L:5_NM:11_T:-1.6,36,5,10.575,36.6328745800818,180,11,-1.6,0.0039,0.297,0.185625,1.99401666686747,0.017290887784358,4
W:36_L:5_NM:11_T:-1.6,36,5,10.575,36.6328745800818,180,11,-1.6,0.0039,0.305,0.190625,1.99439330328813,0.0170658077982126,4
W:36_L:5_NM:11_T:-1.6,36,5,10.575,36.6328745800818,180,11,-1.6,0.0039,0.312,0.195,1.99447457696459,0.0169100338645328,4
W:36_L:5_NM:11_T:-1.6,36,5,10.575,36.6328745800818,180,11,-1.6,0.0039,0.32,0.2,1.99437625805261,0.0167657699206755,4
W:36_L:5_NM:11_T:-1.6,36,5,10.575,36.6328745800818,180,11,-1.6,0.0039,0.327,0.204375,1.99421276110678,0.0166568833286538,4
W:36_L:5_NM:11_T:-1.6,36,5,10.575,36.6328745800818,180,11,-1.6,0.0039,0.335,0.209375,1.99396452247797,0.0165659806123085,4
W:36_L:5_NM:11_T:-1.6,36,5,10.575,36.6328745800818,180,11,-1.6,0.0039,0.342,0.21375,1.99361394997967,0.0165436814749655,4
W:36_L:5_NM:11_T:-1.6,36,5,10.575,36.6328745800818,180,11,-1.6,0.0039,0.35,0.21875,1.99306099802683,0.0165937194374621,8
W:36_L:5_NM:11_T:-1.6,36,5,10.575,36.6328745800818,180,11,-1.6,0.0039,0.357,0.223125,1.99261859456966,0.0166791997520956,12
W:36_L:5_NM:11_T:-1.6,36,5,10.575,36.6328745800818,180,11,-1.6,0.0039,0.365,0.228125,1.99192810626917,0.0169639242957544,12
W:36_L:5_NM:11_T:-1.6,36,5,10.575,36.6328745800818,180,11,-1.6,0.0039,0.372,0.2325,1.99060213463261,0.0177469120842929,12
W:36_L:5_NM:11_T:-1.6,36,5,10.575,36.6328745800818,180,11,-1.6,0.0039,0.38,0.2375,1.98306513910297,0.0242098292360948,12
W:36_L:5_NM:11_T:-1.6,36,5,10.575,36.6328745800818,180,11,-1.6,0.0039,0.387,0.241875,5.38055457964399,0.189515307915683,12
W:36_L:5_NM:11_T:-1.6,36,5,10.575,36.6328745800818,180,11,-1.6,0.0039,0.395,0.246875,5.66831173185763,0.114084500108519,12
W:36_L:5_NM:11_T:-1.6,36,5,10.575,36.6328745800818,180,11,-1.6,0.0039,0.402,0.25125,5.73260169716023,0.0953054745209306,12
W:36_L:5_NM:11_T:-1.6,36,5,10.575,36.6328745800818,180,11,-1.6,0.0039,0.41,0.25625,5.77430227054965,0.0835658846352743,12
W:36_L:5_NM:11_T:-1.6,36,5,10.575,36.6328745800818,180,11,-1.6,0.0039,0.417,0.260625,5.79807138795009,0.0773609508936902,12
W:36_L:5_NM:11_T:-1.6,36,5,10.575,36.6328745800818,180,11,-1.6,0.0039,0.425,0.265625,5.81954383255963,0.0721447502822309,12
W:36_L:5_NM:11_T:-1.6,36,5,10.575,36.6328745800818,180,11,-1.6,0.0039,0.432,0.27,5.83423313269319,0.0687177706878034,12
W:36_L:5_NM:11_T:-1.6,36,5,10.575,36.6328745800818,180,11,-1.6,0.0039,0.44,0.275,5.84717038670493,0.0657618075852248,12
W:36_L:5_NM:11_T:-1.6,36,5,10.575,36.6328745800818,180,11,-1.6,0.0039,0.447,0.279375,5.85708305042806,0.063603469496243,12
W:36_L:5_NM:11_T:-1.6,36,5,10.575,36.6328745800818,180,11,-1.6,0.0039,0.455,0.284375,5.86585550025484,0.0616084818620833,12
W:36_L:5_NM:11_T:-1.6,36,5,10.575,36.6328745800818,180,11,-1.6,0.0039,0.462,0.28875,5.87186376878385,0.060135511304787,12
W:36_L:5_NM:11_T:-1.6,36,5,10.575,36.6328745800818,180,11,-1.6,0.0039,0.47,0.29375,5.8771156148832,0.0587858002568847,12
W:36_L:5_NM:11_T:-1.6,36,5,10.575,36.6328745800818,180,11,-1.6,0.0039,0.477,0.298125,5.88098461092614,0.0576840221463482,12
W:36_L:5_NM:11_T:-1.6,36,5,10.575,36.6328745800818,180,11,-1.6,0.0039,0.485,0.303125,5.883857970138,0.0566390727124982,12
W:36_L:5_NM:11_T:-1.6,36,5,10.575,36.6328745800818,180,11,-1.6,0.0039,0.492,0.3075,5.88575049888989,0.0557873498386325,12
W:36_L:5_NM:11_T:-1.6,36,5,10.575,36.6328745800818,180,11,-1.6,0.0039,0.5,0.3125,5.88677298712218,0.0549736708063091,12
W:36_L:5_NM:11_T:-1.6,36,5,10.575,36.6328745800818,180,11,-1.6,0.0039,0.508,0.3175,5.88735618511921,0.0542077787132068,12
W:36_L:5_NM:11_T:-1.6,36,5,10.575,36.6328745800818,180,11,-1.6,0.0039,0.515,0.321875,5.88724588950369,0.0536661943724461,12
W:36_L:5_NM:11_T:-1.6,36,5,10.575,36.6328745800818,180,11,-1.6,0.0039,0.523,0.326875,5.88680032480094,0.0530513319064012,12
W:36_L:5_NM:11_T:-1.6,36,5,10.575,36.6328745800818,180,11,-1.6,0.0039,0.53,0.33125,5.88613069325098,0.0525950464230628,12
W:36_L:5_NM:11_T:-1.6,36,5,10.575,36.6328745800818,180,11,-1.6,0.0039,0.538,0.33625,5.88507852066442,0.0521462184275258,12
W:36_L:5_NM:11_T:-1.6,36,5,10.575,36.6328745800818,180,11,-1.6,0.0039,0.545,0.340625,5.88419955690169,0.0517661943650602,12
W:36_L:5_NM:11_T:-1.6,36,5,10.575,36.6328745800818,180,11,-1.6,0.0039,0.553,0.345625,5.88308691415512,0.0514122080843925,12
W:36_L:5_NM:11_T:-1.6,36,5,10.575,36.6328745800818,180,11,-1.6,0.0039,0.56,0.35,5.88215348359998,0.0511245440241204,12
W:36_L:5_NM:11_T:-1.6,36,5,10.575,36.6328745800818,180,11,-1.6,0.0039,0.568,0.355,5.88126669359793,0.050852278117611,12
W:36_L:5_NM:11_T:-1.6,36,5,10.575,36.6328745800818,180,11,-1.6,0.0039,0.575,0.359375,5.88060374981347,0.0506501933134949,12
W:36_L:5_NM:11_T:-1.6,36,5,10.575,36.6328745800818,180,11,-1.6,0.0039,0.583,0.364375,5.8800179390867,0.0504600839012855,12
W:36_L:5_NM:11_T:-1.6,36,5,10.575,36.6328745800818,180,11,-1.6,0.0039,0.59,0.36875,5.87966812401974,0.0503596575196861,12
W:36_L:5_NM:11_T:-1.6,36,5,10.575,36.6328745800818,180,11,-1.6,0.0039,0.598,0.37375,5.87944128202092,0.0503057281777655,12
W:36_L:5_NM:11_T:-1.6,36,5,10.575,36.6328745800818,180,11,-1.6,0.0039,0.605,0.378125,5.87933395398071,0.0503536316387014,12
W:36_L:5_NM:11_T:-1.6,36,5,10.575,36.6328745800818,180,11,-1.6,0.0039,0.613,0.383125,5.8791564636638,0.0506101385109143,12
W:36_L:5_NM:11_T:-1.6,36,5,10.575,36.6328745800818,180,11,-1.6,0.0039,0.62,0.3875,5.87855693166534,0.0512583706942993,16
W:36_L:5_NM:11_T:-1.6,36,5,10.575,36.6328745800818,180,11,-1.6,0.0039,0.628,0.3925,5.87602966054775,0.0538435601794172,20
W:36_L:5_NM:11_T:-1.6,36,5,10.575,36.6328745800818,180,11,-1.6,0.0039,0.635,0.396875,5.84975853506576,0.150143185196589,20
W:36_L:5_NM:11_T:-1.6,36,5,10.575,36.6328745800818,180,11,-1.6,0.0039,0.643,0.401875,8.96181959659922,0.198134977775676,20
W:36_L:5_NM:11_T:-1.6,36,5,10.575,36.6328745800818,180,11,-1.6,0.0039,0.65,0.40625,9.29105492555696,0.156107912717583,20
W:36_L:5_NM:11_T:-1.6,36,5,10.575,36.6328745800818,180,11,-1.6,0.0039,0.658,0.41125,9.4267415002138,0.136173740712572,20
W:36_L:5_NM:11_T:-1.6,36,5,10.575,36.6328745800818,180,11,-1.6,0.0039,0.665,0.415625,9.49108442788514,0.126439494510118,20
W:36_L:5_NM:11_T:-1.6,36,5,10.575,36.6328745800818,180,11,-1.6,0.0039,0.673,0.420625,9.54355631916541,0.118937993808276,20
W:36_L:5_NM:11_T:-1.6,36,5,10.575,36.6328745800818,180,11,-1.6,0.0039,0.68,0.425,9.57777642737685,0.114132813698984,20
W:36_L:5_NM:11_T:-1.6,36,5,10.575,36.6328745800818,180,11,-1.6,0.0039,0.688,0.43,9.60904595833269,0.109950291373011,20
W:36_L:5_NM:11_T:-1.6,36,5,10.575,36.6328745800818,180,11,-1.6,0.0039,0.695,0.434375,9.63077455108811,0.107101441496814,20
W:36_L:5_NM:11_T:-1.6,36,5,10.575,36.6328745800818,180,11,-1.6,0.0039,0.703,0.439375,9.6503173694042,0.104506629097706,20
W:36_L:5_NM:11_T:-1.6,36,5,10.575,36.6328745800818,180,11,-1.6,0.0039,0.711,0.444375,9.66598789865091,0.102282683877408,20
W:36_L:5_NM:11_T:-1.6,36,5,10.575,36.6328745800818,180,11,-1.6,0.0039,0.718,0.44875,9.67627583518678,0.100685059124132,20
W:36_L:5_NM:11_T:-1.6,36,5,10.575,36.6328745800818,180,11,-1.6,0.0039,0.726,0.45375,9.68488116910439,0.0990971769711057,20
W:36_L:5_NM:11_T:-1.6,36,5,10.575,36.6328745800818,180,11,-1.6,0.0039,0.733,0.458125,9.69002660322017,0.0978576995507784,20
W:36_L:5_NM:11_T:-1.6,36,5,10.575,36.6328745800818,180,11,-1.6,0.0039,0.741,0.463125,9.69285561060143,0.0966480001771146,20
W:36_L:5_NM:11_T:-1.6,36,5,10.575,36.6328745800818,180,11,-1.6,0.0039,0.748,0.4675,9.69335496580646,0.0957050937805714,20
W:36_L:5_NM:11_T:-1.6,36,5,10.575,36.6328745800818,180,11,-1.6,0.0039,0.756,0.4725,9.69152151870995,0.09474251374525,20
W:36_L:5_NM:11_T:-1.6,36,5,10.575,36.6328745800818,180,11,-1.6,0.0039,0.763,0.476875,9.68813131412763,0.0940150344792187,20
W:36_L:5_NM:11_T:-1.6,36,5,10.575,36.6328745800818,180,11,-1.6,0.0039,0.771,0.481875,9.68237998696008,0.0932929187682981,20
W:36_L:5_NM:11_T:-1.6,36,5,10.575,36.6328745800818,180,11,-1.6,0.0039,0.778,0.48625,9.67601685159613,0.0927655910099546,20
W:36_L:5_NM:11_T:-1.6,36,5,10.575,36.6328745800818,180,11,-1.6,0.0039,0.786,0.49125,9.66729524882748,0.0922852148220241,20
W:36_L:5_NM:11_T:-1.6,36,5,10.575,36.6328745800818,180,11,-1.6,0.0039,0.793,0.495625,9.65874054243881,0.0919947672371902,20
W:36_L:5_NM:11_T:-1.6,36,5,10.575,36.6328745800818,180,11,-1.6,0.0039,0.801,0.500625,9.64775338751499,0.0918531049142525,20
W:36_L:5_NM:11_T:-1.6,36,5,10.575,36.6328745800818,180,11,-1.6,0.0039,0.808,0.505,9.63741648079806,0.0919762619745783,20
W:36_L:5_NM:11_T:-1.6,36,5,10.575,36.6328745800818,180,11,-1.6,0.0039,0.816,0.51,9.62464503113731,0.0925854570189753,20
W:36_L:5_NM:11_T:-1.6,36,5,10.575,36.6328745800818,180,11,-1.6,0.0039,0.823,0.514375,9.6115928738965,0.093887965222199,20
W:36_L:5_NM:11_T:-1.6,36,5,10.575,36.6328745800818,180,11,-1.6,0.0039,0.831,0.519375,9.59136595175742,0.0976105471897948,20
W:36_L:5_NM:11_T:-1.6,36,5,10.575,36.6328745800818,180,11,-1.6,0.0039,0.838,0.52375,9.55421209639186,0.107842267222091,20
W:36_L:5_NM:11_T:-1.6,36,5,10.575,36.6328745800818,180,11,-1.6,0.0039,0.846,0.52875,9.25368942910567,0.194188831179946,20
W:36_L:5_NM:11_T:-1.6,36,5,10.575,36.6328745800818,180,11,-1.6,0.0039,0.853,0.533125,9.18387565033999,0.17291471489736,20
W:36_L:5_NM:11_T:-1.6,36,5,10.575,36.6328745800818,180,11,-1.6,0.0039,0.861,0.538125,9.46948474787023,0.1062409179969,28
W:36_L:5_NM:11_T:-1.6,36,5,10.575,36.6328745800818,180,11,-1.6,0.0039,0.868,0.5425,9.24082828506162,0.20908370183223,28
W:36_L:5_NM:11_T:-1.6,36,5,10.575,36.6328745800818,180,11,-1.6,0.0039,0.876,0.5475,11.0825619545452,0.193753751547241,28
W:36_L:5_NM:11_T:-1.6,36,5,10.575,36.6328745800818,180,11,-1.6,0.0039,0.883,0.551875,11.7901025536846,0.179584242325522,28
W:36_L:5_NM:11_T:-1.6,36,5,10.575,36.6328745800818,180,11,-1.6,0.0039,0.891,0.556875,12.2161623825524,0.172011101161486,28
W:36_L:5_NM:11_T:-1.6,36,5,10.575,36.6328745800818,180,11,-1.6,0.0039,0.898,0.56125,12.4604433078262,0.166864064635,28
W:36_L:5_NM:11_T:-1.6,36,5,10.575,36.6328745800818,180,11,-1.6,0.0039,0.906,0.56625,12.6469307297475,0.161990308470227,28
W:36_L:5_NM:11_T:-1.6,36,5,10.575,36.6328745800818,180,11,-1.6,0.0039,0.914,0.57125,12.7796574686503,0.157795634900925,28
W:36_L:5_NM:11_T:-1.6,36,5,10.575,36.6328745800818,180,11,-1.6,0.0039,0.921,0.575625,12.8648285226007,0.154604472388606,28
W:36_L:5_NM:11_T:-1.6,36,5,10.575,36.6328745800818,180,11,-1.6,0.0039,0.929,0.580625,12.9336534253103,0.151589035525575,28
W:36_L:5_NM:11_T:-1.6,36,5,10.575,36.6328745800818,180,11,-1.6,0.0039,0.936,0.585,12.9781742497487,0.14927394612513,28
W:36_L:5_NM:11_T:-1.6,36,5,10.575,36.6328745800818,180,11,-1.6,0.0039,0.944,0.59,13.0148834735352,0.147057439185947,28
W:36_L:5_NM:11_T:-1.6,36,5,10.575,36.6328745800818,180,11,-1.6,0.0039,0.951,0.594375,13.0368029291307,0.145415045540075,28
W:36_L:5_NM:11_T:-1.6,36,5,10.575,36.6328745800818,180,11,-1.6,0.0039,0.959,0.599375,13.0527375874234,0.143835830338988,28
W:36_L:5_NM:11_T:-1.6,36,5,10.575,36.6328745800818,180,11,-1.6,0.0039,0.966,0.60375,13.0596083758086,0.142734670561402,28
W:36_L:5_NM:11_T:-1.6,36,5,10.575,36.6328745800818,180,11,-1.6,0.0039,0.974,0.60875,13.0600294727331,0.141714670019018,28
W:36_L:5_NM:11_T:-1.6,36,5,10.575,36.6328745800818,180,11,-1.6,0.0039,0.981,0.613125,13.0542829408771,0.1410532006774,28
W:36_L:5_NM:11_T:-1.6,36,5,10.575,36.6328745800818,180,11,-1.6,0.0039,0.989,0.618125,13.040236459799,0.140563837184697,28
W:36_L:5_NM:11_T:-1.6,36,5,10.575,36.6328745800818,180,11,-1.6,0.0039,0.996,0.6225,13.0210889326756,0.140381711207719,28
W:36_L:5_NM:11_T:-1.6,36,5,10.575,36.6328745800818,180,11,-1.6,0.0039,1.004,0.6275,12.9901553713139,0.140500727263308,28
W:36_L:5_NM:11_T:-1.6,36,5,10.575,36.6328745800818,180,11,-1.6,0.0039,1.011,0.631875,12.9526692825781,0.140939799453584,28
W:36_L:5_NM:11_T:-1.6,36,5,10.575,36.6328745800818,180,11,-1.6,0.0039,1.019,0.636875,12.8953807039568,0.141989790288517,28
W:36_L:5_NM:11_T:-1.6,36,5,10.575,36.6328745800818,180,11,-1.6,0.0039,1.026,0.64125,12.827597379851,0.14356958478305,28
W:36_L:5_NM:11_T:-1.6,36,5,10.575,36.6328745800818,180,11,-1.6,0.0039,1.034,0.64625,12.7216113771517,0.146509863104891,28
W:36_L:5_NM:11_T:-1.6,36,5,10.575,36.6328745800818,180,11,-1.6,0.0039,1.041,0.650625,12.5956398028874,0.150593371612161,28
W:36_L:5_NM:11_T:-1.6,36,5,10.575,36.6328745800818,180,11,-1.6,0.0039,1.049,0.655625,12.4147567174758,0.157397016084715,28
W:36_L:5_NM:11_T:-1.6,36,5,10.575,36.6328745800818,180,11,-1.6,0.0039,1.056,0.66,12.2895405278939,0.163736207711771,28
W:36_L:5_NM:11_T:-1.6,36,5,10.575,36.6328745800818,180,11,-1.6,0.0039,1.064,0.665,12.4053971239796,0.163824827745491,28
W:36_L:5_NM:11_T:-1.6,36,5,10.575,36.6328745800818,180,11,-1.6,0.0039,1.071,0.669375,12.6903729723174,0.159211168073264,34
W:36_L:5_NM:11_T:-1.6,36,5,10.575,36.6328745800818,180,11,-1.6,0.0039,1.079,0.674375,12.3911592853319,0.32160396048941,36
W:36_L:5_NM:11_T:-1.6,36,5,10.575,36.6328745800818,180,11,-1.6,0.0039,1.086,0.67875,14.3074120691503,0.23994291327574,36
W:36_L:5_NM:11_T:-1.6,36,5,10.575,36.6328745800818,180,11,-1.6,0.0039,1.094,0.68375,14.9046536611232,0.220879725544831,36
W:36_L:5_NM:11_T:-1.6,36,5,10.575,36.6328745800818,180,11,-1.6,0.0039,1.102,0.68875,15.181738439247,0.212559444951307,36
W:36_L:5_NM:11_T:-1.6,36,5,10.575,36.6328745800818,180,11,-1.6,0.0039,1.109,0.693125,15.3557248756313,0.207829947852555,36
W:36_L:5_NM:11_T:-1.6,36,5,10.575,36.6328745800818,180,11,-1.6,0.0039,1.117,0.698125,15.5132600208562,0.203764691581355,36
W:36_L:5_NM:11_T:-1.6,36,5,10.575,36.6328745800818,180,11,-1.6,0.0039,1.124,0.7025,15.6311763665423,0.200672039335858,36
W:36_L:5_NM:11_T:-1.6,36,5,10.575,36.6328745800818,180,11,-1.6,0.0039,1.132,0.7075,15.7423970912996,0.197647866137655,36
W:36_L:5_NM:11_T:-1.6,36,5,10.575,36.6328745800818,180,11,-1.6,0.0039,1.139,0.711875,15.827707040268,0.195129976228496,36
W:36_L:5_NM:11_T:-1.6,36,5,10.575,36.6328745800818,180,11,-1.6,0.0039,1.147,0.716875,15.9084789631822,0.192583090351673,36
W:36_L:5_NM:11_T:-1.6,36,5,10.575,36.6328745800818,180,11,-1.6,0.0039,1.154,0.72125,15.969303451752,0.19050985479681,36
W:36_L:5_NM:11_T:-1.6,36,5,10.575,36.6328745800818,180,11,-1.6,0.0039,1.162,0.72625,16.0269597011716,0.188445141880324,36
W:36_L:5_NM:11_T:-1.6,36,5,10.575,36.6328745800818,180,11,-1.6,0.0039,1.169,0.730625,16.0683590132803,0.186898909800295,36
W:36_L:5_NM:11_T:-1.6,36,5,10.575,36.6328745800818,180,11,-1.6,0.0039,1.177,0.735625,16.1081338162539,0.185422451013114,36
W:36_L:5_NM:11_T:-1.6,36,5,10.575,36.6328745800818,180,11,-1.6,0.0039,1.184,0.74,16.1362620893012,0.184424350609196,36
W:36_L:5_NM:11_T:-1.6,36,5,10.575,36.6328745800818,180,11,-1.6,0.0039,1.192,0.745,16.1606999538103,0.183622947180641,36
W:36_L:5_NM:11_T:-1.6,36,5,10.575,36.6328745800818,180,11,-1.6,0.0039,1.199,0.749375,16.1768574341689,0.183259312995052,36
W:36_L:5_NM:11_T:-1.6,36,5,10.575,36.6328745800818,180,11,-1.6,0.0039,1.207,0.754375,16.1875632342784,0.183291069959524,36
W:36_L:5_NM:11_T:-1.6,36,5,10.575,36.6328745800818,180,11,-1.6,0.0039,1.214,0.75875,16.1879914488668,0.183810621103136,36
W:36_L:5_NM:11_T:-1.6,36,5,10.575,36.6328745800818,180,11,-1.6,0.0039,1.222,0.76375,16.1767158296015,0.185236742137575,36
W:36_L:5_NM:11_T:-1.6,36,5,10.575,36.6328745800818,180,11,-1.6,0.0039,1.229,0.768125,16.1485129980731,0.18769464974317,36
W:36_L:5_NM:11_T:-1.6,36,5,10.575,36.6328745800818,180,11,-1.6,0.0039,1.237,0.773125,16.0769464456204,0.193444284768944,36
W:36_L:5_NM:11_T:-1.6,36,5,10.575,36.6328745800818,180,11,-1.6,0.0039,1.244,0.7775,15.937272199223,0.205466394450583,36
W:36_L:5_NM:11_T:-1.6,36,5,10.575,36.6328745800818,180,11,-1.6,0.0039,1.252,0.7825,15.495628481139,0.257382646039879,42
W:36_L:5_NM:11_T:-1.6,36,5,10.575,36.6328745800818,180,11,-1.6,0.0039,1.259,0.786875,15.7296855086799,0.36668292932387,44
W:36_L:5_NM:11_T:-1.6,36,5,10.575,36.6328745800818,180,11,-1.6,0.0039,1.267,0.791875,18.1902543525875,0.321593822594177,44
W:36_L:5_NM:11_T:-1.6,36,5,10.575,36.6328745800818,180,11,-1.6,0.0039,1.274,0.79625,18.6587365486884,0.293460502492734,44
W:36_L:5_NM:11_T:-1.6,36,5,10.575,36.6328745800818,180,11,-1.6,0.0039,1.282,0.80125,18.9205299559191,0.277455578864277,44
W:36_L:5_NM:11_T:-1.6,36,5,10.575,36.6328745800818,180,11,-1.6,0.0039,1.289,0.805625,19.067199601538,0.268516869427806,44
W:36_L:5_NM:11_T:-1.6,36,5,10.575,36.6328745800818,180,11,-1.6,0.0039,1.297,0.810625,19.1849243675978,0.261362265295801,44
W:36_L:5_NM:11_T:-1.6,36,5,10.575,36.6328745800818,180,11,-1.6,0.0039,1.305,0.815625,19.2713864352469,0.256027091936491,44
W:36_L:5_NM:11_T:-1.6,36,5,10.575,36.6328745800818,180,11,-1.6,0.0039,1.312,0.82,19.3298460239544,0.252403579481209,44
W:36_L:5_NM:11_T:-1.6,36,5,10.575,36.6328745800818,180,11,-1.6,0.0039,1.32,0.825,19.3800500270078,0.249125172035628,44
W:36_L:5_NM:11_T:-1.6,36,5,10.575,36.6328745800818,180,11,-1.6,0.0039,1.327,0.829375,19.4126039312767,0.246890978842179,44
W:36_L:5_NM:11_T:-1.6,36,5,10.575,36.6328745800818,180,11,-1.6,0.0039,1.335,0.834375,19.4382336887108,0.244979168082173,44
W:36_L:5_NM:11_T:-1.6,36,5,10.575,36.6328745800818,180,11,-1.6,0.0039,1.342,0.83875,19.4512102686891,0.243855584254376,44
W:36_L:5_NM:11_T:-1.6,36,5,10.575,36.6328745800818,180,11,-1.6,0.0039,1.35,0.84375,19.4547850889749,0.243273943667453,44
W:36_L:5_NM:11_T:-1.6,36,5,10.575,36.6328745800818,180,11,-1.6,0.0039,1.357,0.848125,19.445436061046,0.243502996977747,44
W:36_L:5_NM:11_T:-1.6,36,5,10.575,36.6328745800818,180,11,-1.6,0.0039,1.365,0.853125,19.4182090372206,0.244987877302149,44
W:36_L:5_NM:11_T:-1.6,36,5,10.575,36.6328745800818,180,11,-1.6,0.0039,1.372,0.8575,19.3726028087461,0.248005356898539,44
W:36_L:5_NM:11_T:-1.6,36,5,10.575,36.6328745800818,180,11,-1.6,0.0039,1.38,0.8625,19.2754000809392,0.255269403691968,44
W:36_L:5_NM:11_T:-1.6,36,5,10.575,36.6328745800818,180,11,-1.6,0.0039,1.387,0.866875,19.1072618320563,0.269579674145093,44
W:36_L:5_NM:11_T:-1.6,36,5,10.575,36.6328745800818,180,11,-1.6,0.0039,1.395,0.871875,18.6424778061061,0.317534426701428,44
W:36_L:5_NM:11_T:-1.6,36,5,10.575,36.6328745800818,180,11,-1.6,0.0039,1.402,0.87625,17.796453787938,0.462994896815289,52
W:36_L:5_NM:11_T:-1.6,36,5,10.575,36.6328745800818,180,11,-1.6,0.0039,1.41,0.88125,20.612316540859,0.371486849377194,52
W:36_L:5_NM:11_T:-1.6,36,5,10.575,36.6328745800818,180,11,-1.6,0.0039,1.417,0.885625,21.2771298862294,0.344091172580834,52
W:36_L:5_NM:11_T:-1.6,36,5,10.575,36.6328745800818,180,11,-1.6,0.0039,1.425,0.890625,21.5840484678575,0.33002462091256,52
W:36_L:5_NM:11_T:-1.6,36,5,10.575,36.6328745800818,180,11,-1.6,0.0039,1.432,0.895,21.7343726190203,0.322629342733878,52
W:36_L:5_NM:11_T:-1.6,36,5,10.575,36.6328745800818,180,11,-1.6,0.0039,1.44,0.9,21.843988642132,0.317073305735154,52
W:36_L:5_NM:11_T:-1.6,36,5,10.575,36.6328745800818,180,11,-1.6,0.0039,1.447,0.904375,21.9051857663128,0.313935036416119,52
W:36_L:5_NM:11_T:-1.6,36,5,10.575,36.6328745800818,180,11,-1.6,0.0039,1.455,0.909375,21.9464671259453,0.311991241040872,52
W:36_L:5_NM:11_T:-1.6,36,5,10.575,36.6328745800818,180,11,-1.6,0.0039,1.462,0.91375,21.9620954869405,0.311700681343217,52
W:36_L:5_NM:11_T:-1.6,36,5,10.575,36.6328745800818,180,11,-1.6,0.0039,1.47,0.91875,21.953888433052,0.313187365634874,52
W:36_L:5_NM:11_T:-1.6,36,5,10.575,36.6328745800818,180,11,-1.6,0.0039,1.477,0.923125,21.9201484077133,0.316558936908181,52
W:36_L:5_NM:11_T:-1.6,36,5,10.575,36.6328745800818,180,11,-1.6,0.0039,1.485,0.928125,21.8430757153374,0.323939084119878,52
W:36_L:5_NM:11_T:-1.6,36,5,10.575,36.6328745800818,180,11,-1.6,0.0039,1.492,0.9325,21.7355977477544,0.334907397765386,52
W:36_L:5_NM:11_T:-1.6,36,5,10.575,36.6328745800818,180,11,-1.6,0.0039,1.5,0.9375,21.6470488658775,0.35310017080204,52
W:36_L:9_NM:19_T:-1.6,36,9,19.975,36.6328745800818,324,19,-1.6,0.0039,-1.5,-0.9375,19.2752852382074,0.37465791610561,52
W:36_L:9_NM:19_T:-1.6,36,9,19.975,36.6328745800818,324,19,-1.6,0.0039,-1.492,-0.9325,19.468375940548,0.355572516525615,52
W:36_L:9_NM:19_T:-1.6,36,9,19.975,36.6328745800818,324,19,-1.6,0.0039,-1.485,-0.928125,19.5300584218824,0.349490544949627,52
W:36_L:9_NM:19_T:-1.6,36,9,19.975,36.6328745800818,324,19,-1.6,0.0039,-1.477,-0.923125,19.5281783305175,0.34659134803582,52
W:36_L:9_NM:19_T:-1.6,36,9,19.975,36.6328745800818,324,19,-1.6,0.0039,-1.47,-0.91875,19.5370669791614,0.344600878198794,52
W:36_L:9_NM:19_T:-1.6,36,9,19.975,36.6328745800818,324,19,-1.6,0.0039,-1.462,-0.91375,19.5831734483912,0.342178913519837,52
W:36_L:9_NM:19_T:-1.6,36,9,19.975,36.6328745800818,324,19,-1.6,0.0039,-1.455,-0.909375,19.625358654511,0.340286362609876,52
W:36_L:9_NM:19_T:-1.6,36,9,19.975,36.6328745800818,324,19,-1.6,0.0039,-1.447,-0.904375,19.6376955419739,0.338651235244567,52
W:36_L:9_NM:19_T:-1.6,36,9,19.975,36.6328745800818,324,19,-1.6,0.0039,-1.44,-0.9,19.59891278625,0.337570882867699,52
W:36_L:9_NM:19_T:-1.6,36,9,19.975,36.6328745800818,324,19,-1.6,0.0039,-1.432,-0.895,19.4911182831864,0.336555513633604,52
W:36_L:9_NM:19_T:-1.6,36,9,19.975,36.6328745800818,324,19,-1.6,0.0039,-1.425,-0.890625,19.3296859102679,0.33571875341181,52
W:36_L:9_NM:19_T:-1.6,36,9,19.975,36.6328745800818,324,19,-1.6,0.0039,-1.417,-0.885625,19.0255832666656,0.334720095945929,52
W:36_L:9_NM:19_T:-1.6,36,9,19.975,36.6328745800818,324,19,-1.6,0.0039,-1.41,-0.88125,18.4720596585283,0.332992853591715,52
W:36_L:9_NM:19_T:-1.6,36,9,19.975,36.6328745800818,324,19,-1.6,0.0039,-1.402,-0.87625,16.8857954509378,0.324378164645324,52
W:36_L:9_NM:19_T:-1.6,36,9,19.975,36.6328745800818,324,19,-1.6,0.0039,-1.395,-0.871875,16.7110669282812,0.315668752297325,44
W:36_L:9_NM:19_T:-1.6,36,9,19.975,36.6328745800818,324,19,-1.6,0.0039,-1.387,-0.866875,16.8365219270643,0.306397136724421,44
W:36_L:9_NM:19_T:-1.6,36,9,19.975,36.6328745800818,324,19,-1.6,0.0039,-1.38,-0.8625,17.0858372037392,0.29271834718982,44
W:36_L:9_NM:19_T:-1.6,36,9,19.975,36.6328745800818,324,19,-1.6,0.0039,-1.372,-0.8575,17.3474405152809,0.276012542513018,44
W:36_L:9_NM:19_T:-1.6,36,9,19.975,36.6328745800818,324,19,-1.6,0.0039,-1.365,-0.853125,17.4845315447287,0.265907956038084,44
W:36_L:9_NM:19_T:-1.6,36,9,19.975,36.6328745800818,324,19,-1.6,0.0039,-1.357,-0.848125,17.5624993084914,0.258622641974911,44
W:36_L:9_NM:19_T:-1.6,36,9,19.975,36.6328745800818,324,19,-1.6,0.0039,-1.35,-0.84375,17.5858545071418,0.254592443942293,44
W:36_L:9_NM:19_T:-1.6,36,9,19.975,36.6328745800818,324,19,-1.6,0.0039,-1.342,-0.83875,17.578654097724,0.251655897630424,44
W:36_L:9_NM:19_T:-1.6,36,9,19.975,36.6328745800818,324,19,-1.6,0.0039,-1.335,-0.834375,17.5505607497442,0.250086834152573,44
W:36_L:9_NM:19_T:-1.6,36,9,19.975,36.6328745800818,324,19,-1.6,0.0039,-1.327,-0.829375,17.5007607998928,0.24915891005306,44
W:36_L:9_NM:19_T:-1.6,36,9,19.975,36.6328745800818,324,19,-1.6,0.0039,-1.32,-0.825,17.4440629462292,0.248975298829337,44
W:36_L:9_NM:19_T:-1.6,36,9,19.975,36.6328745800818,324,19,-1.6,0.0039,-1.312,-0.82,17.3655389688138,0.24943053880984,44
W:36_L:9_NM:19_T:-1.6,36,9,19.975,36.6328745800818,324,19,-1.6,0.0039,-1.305,-0.815625,17.2859292491177,0.250440479832947,44
W:36_L:9_NM:19_T:-1.6,36,9,19.975,36.6328745800818,324,19,-1.6,0.0039,-1.297,-0.810625,17.1808965769568,0.252403626810619,44
W:36_L:9_NM:19_T:-1.6,36,9,19.975,36.6328745800818,324,19,-1.6,0.0039,-1.289,-0.805625,17.0563079962107,0.255474264981748,44
W:36_L:9_NM:19_T:-1.6,36,9,19.975,36.6328745800818,324,19,-1.6,0.0039,-1.282,-0.80125,16.9192847353247,0.259478364794934,44
W:36_L:9_NM:19_T:-1.6,36,9,19.975,36.6328745800818,324,19,-1.6,0.0039,-1.274,-0.79625,16.6995506237322,0.266687290767923,44
W:36_L:9_NM:19_T:-1.6,36,9,19.975,36.6328745800818,324,19,-1.6,0.0039,-1.267,-0.791875,16.349522434161,0.278448864870898,44
W:36_L:9_NM:19_T:-1.6,36,9,19.975,36.6328745800818,324,19,-1.6,0.0039,-1.259,-0.786875,14.4806350413251,0.320560479564965,44
W:36_L:9_NM:19_T:-1.6,36,9,19.975,36.6328745800818,324,19,-1.6,0.0039,-1.252,-0.7825,13.5323227371132,0.309165817874102,42
W:36_L:9_NM:19_T:-1.6,36,9,19.975,36.6328745800818,324,19,-1.6,0.0039,-1.244,-0.7775,13.8881334145017,0.249262457966602,36
W:36_L:9_NM:19_T:-1.6,36,9,19.975,36.6328745800818,324,19,-1.6,0.0039,-1.237,-0.773125,14.3046069849205,0.220023148794752,36
W:36_L:9_NM:19_T:-1.6,36,9,19.975,36.6328745800818,324,19,-1.6,0.0039,-1.229,-0.768125,14.6215418757384,0.204232998653971,36
W:36_L:9_NM:19_T:-1.6,36,9,19.975,36.6328745800818,324,19,-1.6,0.0039,-1.222,-0.76375,14.7996934463401,0.19737035090464,36
W:36_L:9_NM:19_T:-1.6,36,9,19.975,36.6328745800818,324,19,-1.6,0.0039,-1.214,-0.75875,14.936251642098,0.193181689520498,36
W:36_L:9_NM:19_T:-1.6,36,9,19.975,36.6328745800818,324,19,-1.6,0.0039,-1.207,-0.754375,15.0179753996225,0.191217914918791,36
W:36_L:9_NM:19_T:-1.6,36,9,19.975,36.6328745800818,324,19,-1.6,0.0039,-1.199,-0.749375,15.0806831807212,0.19009261662499,36
W:36_L:9_NM:19_T:-1.6,36,9,19.975,36.6328745800818,324,19,-1.6,0.0039,-1.192,-0.745,15.1150764072352,0.189744743810012,36
W:36_L:9_NM:19_T:-1.6,36,9,19.975,36.6328745800818,324,19,-1.6,0.0039,-1.184,-0.74,15.1351164233987,0.189852490358579,36
W:36_L:9_NM:19_T:-1.6,36,9,19.975,36.6328745800818,324,19,-1.6,0.0039,-1.177,-0.735625,15.1377989935744,0.190287312150096,36
W:36_L:9_NM:19_T:-1.6,36,9,19.975,36.6328745800818,324,19,-1.6,0.0039,-1.169,-0.730625,15.1256707841776,0.19112307466466,36
W:36_L:9_NM:19_T:-1.6,36,9,19.975,36.6328745800818,324,19,-1.6,0.0039,-1.162,-0.72625,15.1024308934923,0.192105883727665,36
W:36_L:9_NM:19_T:-1.6,36,9,19.975,36.6328745800818,324,19,-1.6,0.0039,-1.154,-0.72125,15.0625431187417,0.193540655523408,36
W:36_L:9_NM:19_T:-1.6,36,9,19.975,36.6328745800818,324,19,-1.6,0.0039,-1.147,-0.716875,15.0167000518626,0.195096893671413,36
W:36_L:9_NM:19_T:-1.6,36,9,19.975,36.6328745800818,324,19,-1.6,0.0039,-1.139,-0.711875,14.9474978959384,0.197173119368216,36
W:36_L:9_NM:19_T:-1.6,36,9,19.975,36.6328745800818,324,19,-1.6,0.0039,-1.132,-0.7075,14.8736627410866,0.199394825561124,36
W:36_L:9_NM:19_T:-1.6,36,9,19.975,36.6328745800818,324,19,-1.6,0.0039,-1.124,-0.7025,14.7680836024973,0.202371020163924,36
W:36_L:9_NM:19_T:-1.6,36,9,19.975,36.6328745800818,324,19,-1.6,0.0039,-1.117,-0.698125,14.6531194211684,0.205610967136494,36
W:36_L:9_NM:19_T:-1.6,36,9,19.975,36.6328745800818,324,19,-1.6,0.0039,-1.109,-0.693125,14.4834118176342,0.210214019854561,36
W:36_L:9_NM:19_T:-1.6,36,9,19.975,36.6328745800818,324,19,-1.6,0.0039,-1.102,-0.68875,14.2842797641964,0.21559647680423,36
W:36_L:9_NM:19_T:-1.6,36,9,19.975,36.6328745800818,324,19,-1.6,0.0039,-1.094,-0.68375,13.9425779785498,0.224732075142844,36
W:36_L:9_NM:19_T:-1.6,36,9,19.975,36.6328745800818,324,19,-1.6,0.0039,-1.086,-0.67875,13.1888662170974,0.244047174166264,36
W:36_L:9_NM:19_T:-1.6,36,9,19.975,36.6328745800818,324,19,-1.6,0.0039,-1.079,-0.674375,10.9739252387762,0.329910746656906,36
W:36_L:9_NM:19_T:-1.6,36,9,19.975,36.6328745800818,324,19,-1.6,0.0039,-1.071,-0.669375,11.3885948751042,0.180373111803112,34
W:36_L:9_NM:19_T:-1.6,36,9,19.975,36.6328745800818,324,19,-1.6,0.0039,-1.064,-0.665,11.3218580938508,0.172889971117318,28
W:36_L:9_NM:19_T:-1.6,36,9,19.975,36.6328745800818,324,19,-1.6,0.0039,-1.056,-0.66,11.464922926435,0.165061927371354,28
W:36_L:9_NM:19_T:-1.6,36,9,19.975,36.6328745800818,324,19,-1.6,0.0039,-1.049,-0.655625,11.7195314657183,0.15570616704914,28
W:36_L:9_NM:19_T:-1.6,36,9,19.975,36.6328745800818,324,19,-1.6,0.0039,-1.041,-0.650625,11.9696142544975,0.147356535043637,28
W:36_L:9_NM:19_T:-1.6,36,9,19.975,36.6328745800818,324,19,-1.6,0.0039,-1.034,-0.64625,12.123571393311,0.142753657503039,28
W:36_L:9_NM:19_T:-1.6,36,9,19.975,36.6328745800818,324,19,-1.6,0.0039,-1.026,-0.64125,12.2455735333934,0.139640597776482,28
W:36_L:9_NM:19_T:-1.6,36,9,19.975,36.6328745800818,324,19,-1.6,0.0039,-1.019,-0.636875,12.3231024863913,0.138117565411497,28
W:36_L:9_NM:19_T:-1.6,36,9,19.975,36.6328745800818,324,19,-1.6,0.0039,-1.011,-0.631875,12.3912763471938,0.137247717965625,28
W:36_L:9_NM:19_T:-1.6,36,9,19.975,36.6328745800818,324,19,-1.6,0.0039,-1.004,-0.6275,12.4384548360253,0.136999397397166,28
W:36_L:9_NM:19_T:-1.6,36,9,19.975,36.6328745800818,324,19,-1.6,0.0039,-0.996,-0.6225,12.4842460628116,0.137144604698019,28
W:36_L:9_NM:19_T:-1.6,36,9,19.975,36.6328745800818,324,19,-1.6,0.0039,-0.989,-0.618125,12.5174389387422,0.137551233580961,28
W:36_L:9_NM:19_T:-1.6,36,9,19.975,36.6328745800818,324,19,-1.6,0.0039,-0.981,-0.613125,12.5486103348759,0.13827494762522,28
W:36_L:9_NM:19_T:-1.6,36,9,19.975,36.6328745800818,324,19,-1.6,0.0039,-0.974,-0.60875,12.5720413327452,0.139121587427946,28
W:36_L:9_NM:19_T:-1.6,36,9,19.975,36.6328745800818,324,19,-1.6,0.0039,-0.966,-0.60375,12.591858133575,0.140295065016225,28
W:36_L:9_NM:19_T:-1.6,36,9,19.975,36.6328745800818,324,19,-1.6,0.0039,-0.959,-0.599375,12.6040011530056,0.141509139818175,28
W:36_L:9_NM:19_T:-1.6,36,9,19.975,36.6328745800818,324,19,-1.6,0.0039,-0.951,-0.594375,12.6107878819244,0.143125889233925,28
W:36_L:9_NM:19_T:-1.6,36,9,19.975,36.6328745800818,324,19,-1.6,0.0039,-0.944,-0.59,12.6108102955071,0.144764568464769,28
W:36_L:9_NM:19_T:-1.6,36,9,19.975,36.6328745800818,324,19,-1.6,0.0039,-0.936,-0.585,12.6007253950451,0.14694341124409,28
W:36_L:9_NM:19_T:-1.6,36,9,19.975,36.6328745800818,324,19,-1.6,0.0039,-0.929,-0.580625,12.5823010717583,0.149165136794597,28
W:36_L:9_NM:19_T:-1.6,36,9,19.975,36.6328745800818,324,19,-1.6,0.0039,-0.921,-0.575625,12.5494003942682,0.152208768086274,28
W:36_L:9_NM:19_T:-1.6,36,9,19.975,36.6328745800818,324,19,-1.6,0.0039,-0.914,-0.57125,12.5009843777943,0.155453152179577,28
W:36_L:9_NM:19_T:-1.6,36,9,19.975,36.6328745800818,324,19,-1.6,0.0039,-0.906,-0.56625,12.4223557270238,0.160137219749732,28
W:36_L:9_NM:19_T:-1.6,36,9,19.975,36.6328745800818,324,19,-1.6,0.0039,-0.898,-0.56125,12.3070025138498,0.166397378402345,28
W:36_L:9_NM:19_T:-1.6,36,9,19.975,36.6328745800818,324,19,-1.6,0.0039,-0.891,-0.556875,12.1418781968354,0.174573459636707,28
W:36_L:9_NM:19_T:-1.6,36,9,19.975,36.6328745800818,324,19,-1.6,0.0039,-0.883,-0.551875,11.816380132429,0.190133393091696,28
W:36_L:9_NM:19_T:-1.6,36,9,19.975,36.6328745800818,324,19,-1.6,0.0039,-0.876,-0.5475,11.0963972767059,0.22556447848102,28
W:36_L:9_NM:19_T:-1.6,36,9,19.975,36.6328745800818,324,19,-1.6,0.0039,-0.868,-0.5425,8.66990055256829,0.211019239991747,28
W:36_L:9_NM:19_T:-1.6,36,9,19.975,36.6328745800818,324,19,-1.6,0.0039,-0.861,-0.538125,8.5491558153689,0.178657990068505,28
W:36_L:9_NM:19_T:-1.6,36,9,19.975,36.6328745800818,324,19,-1.6,0.0039,-0.853,-0.533125,9.15390388464277,0.118336524083338,20
W:36_L:9_NM:19_T:-1.6,36,9,19.975,36.6328745800818,324,19,-1.6,0.0039,-0.846,-0.52875,9.30060616214704,0.103776430560639,20
W:36_L:9_NM:19_T:-1.6,36,9,19.975,36.6328745800818,324,19,-1.6,0.0039,-0.838,-0.52375,9.35634024613433,0.0973515913707247,20
W:36_L:9_NM:19_T:-1.6,36,9,19.975,36.6328745800818,324,19,-1.6,0.0039,-0.831,-0.519375,9.37387419993018,0.0946251496672609,20
W:36_L:9_NM:19_T:-1.6,36,9,19.975,36.6328745800818,324,19,-1.6,0.0039,-0.823,-0.514375,9.37895514275897,0.0928921389897631,20
W:36_L:9_NM:19_T:-1.6,36,9,19.975,36.6328745800818,324,19,-1.6,0.0039,-0.816,-0.51,9.37723743611848,0.0920167355936861,20
W:36_L:9_NM:19_T:-1.6,36,9,19.975,36.6328745800818,324,19,-1.6,0.0039,-0.808,-0.505,9.37172262654951,0.0914523409442943,20
W:36_L:9_NM:19_T:-1.6,36,9,19.975,36.6328745800818,324,19,-1.6,0.0039,-0.801,-0.500625,9.36557934881024,0.0912240613819544,20
W:36_L:9_NM:19_T:-1.6,36,9,19.975,36.6328745800818,324,19,-1.6,0.0039,-0.793,-0.495625,9.35736891920197,0.091185405429113,20
W:36_L:9_NM:19_T:-1.6,36,9,19.975,36.6328745800818,324,19,-1.6,0.0039,-0.786,-0.49125,9.35033435084107,0.0913116469205956,20
W:36_L:9_NM:19_T:-1.6,36,9,19.975,36.6328745800818,324,19,-1.6,0.0039,-0.778,-0.48625,9.34260712677375,0.0916162129205396,20
W:36_L:9_NM:19_T:-1.6,36,9,19.975,36.6328745800818,324,19,-1.6,0.0039,-0.771,-0.481875,9.33680000161877,0.0920148385331381,20
W:36_L:9_NM:19_T:-1.6,36,9,19.975,36.6328745800818,324,19,-1.6,0.0039,-0.763,-0.476875,9.32979143908741,0.0926094224629118,20
W:36_L:9_NM:19_T:-1.6,36,9,19.975,36.6328745800818,324,19,-1.6,0.0039,-0.756,-0.4725,9.32416686369307,0.0932574030068381,20
W:36_L:9_NM:19_T:-1.6,36,9,19.975,36.6328745800818,324,19,-1.6,0.0039,-0.748,-0.4675,9.31715038598448,0.0941446349906875,20
W:36_L:9_NM:19_T:-1.6,36,9,19.975,36.6328745800818,324,19,-1.6,0.0039,-0.741,-0.463125,9.31158576710708,0.0950707809296763,20
W:36_L:9_NM:19_T:-1.6,36,9,19.975,36.6328745800818,324,19,-1.6,0.0039,-0.733,-0.458125,9.30418949624823,0.0962885131109969,20
W:36_L:9_NM:19_T:-1.6,36,9,19.975,36.6328745800818,324,19,-1.6,0.0039,-0.726,-0.45375,9.29607629066711,0.0975450138682064,20
W:36_L:9_NM:19_T:-1.6,36,9,19.975,36.6328745800818,324,19,-1.6,0.0039,-0.718,-0.44875,9.28459407075065,0.0991760792593225,20
W:36_L:9_NM:19_T:-1.6,36,9,19.975,36.6328745800818,324,19,-1.6,0.0039,-0.711,-0.444375,9.27239723721701,0.10085164303556,20
W:36_L:9_NM:19_T:-1.6,36,9,19.975,36.6328745800818,324,19,-1.6,0.0039,-0.703,-0.439375,9.25235304728824,0.103119092280274,20
W:36_L:9_NM:19_T:-1.6,36,9,19.975,36.6328745800818,324,19,-1.6,0.0039,-0.695,-0.434375,9.22617485103866,0.105761013213659,20
W:36_L:9_NM:19_T:-1.6,36,9,19.975,36.6328745800818,324,19,-1.6,0.0039,-0.688,-0.43,9.19376139089889,0.108549188289445,20
W:36_L:9_NM:19_T:-1.6,36,9,19.975,36.6328745800818,324,19,-1.6,0.0039,-0.68,-0.425,9.14232756068801,0.112515611004937,20
W:36_L:9_NM:19_T:-1.6,36,9,19.975,36.6328745800818,324,19,-1.6,0.0039,-0.673,-0.420625,9.0805821410493,0.116984864715156,20
W:36_L:9_NM:19_T:-1.6,36,9,19.975,36.6328745800818,324,19,-1.6,0.0039,-0.665,-0.415625,8.97842234668795,0.123615422682803,20
W:36_L:9_NM:19_T:-1.6,36,9,19.975,36.6328745800818,324,19,-1.6,0.0039,-0.658,-0.41125,8.84442943665828,0.131911965758448,20
W:36_L:9_NM:19_T:-1.6,36,9,19.975,36.6328745800818,324,19,-1.6,0.0039,-0.65,-0.40625,8.56448864147884,0.147344066091371,20
W:36_L:9_NM:19_T:-1.6,36,9,19.975,36.6328745800818,324,19,-1.6,0.0039,-0.643,-0.401875,7.98749279172089,0.175757080704253,20
W:36_L:9_NM:19_T:-1.6,36,9,19.975,36.6328745800818,324,19,-1.6,0.0039,-0.635,-0.396875,5.48031530878694,0.127144568686991,20
W:36_L:9_NM:19_T:-1.6,36,9,19.975,36.6328745800818,324,19,-1.6,0.0039,-0.628,-0.3925,5.15985620175307,0.164572948174939,20
W:36_L:9_NM:19_T:-1.6,36,9,19.975,36.6328745800818,324,19,-1.6,0.0039,-0.62,-0.3875,5.59912506113373,0.0612238349469794,16
W:36_L:9_NM:19_T:-1.6,36,9,19.975,36.6328745800818,324,19,-1.6,0.0039,-0.613,-0.383125,5.640952042773,0.0546198409001747,12
W:36_L:9_NM:19_T:-1.6,36,9,19.975,36.6328745800818,324,19,-1.6,0.0039,-0.605,-0.378125,5.65956794095819,0.0522251281105731,12
W:36_L:9_NM:19_T:-1.6,36,9,19.975,36.6328745800818,324,19,-1.6,0.0039,-0.598,-0.37375,5.66857885486003,0.0513027563135176,12
W:36_L:9_NM:19_T:-1.6,36,9,19.975,36.6328745800818,324,19,-1.6,0.0039,-0.59,-0.36875,5.6754527053114,0.0507725425594196,12
W:36_L:9_NM:19_T:-1.6,36,9,19.975,36.6328745800818,324,19,-1.6,0.0039,-0.583,-0.364375,5.68037979056696,0.0505507352088689,12
W:36_L:9_NM:19_T:-1.6,36,9,19.975,36.6328745800818,324,19,-1.6,0.0039,-0.575,-0.359375,5.68441202439317,0.0504571263864298,12
W:36_L:9_NM:19_T:-1.6,36,9,19.975,36.6328745800818,324,19,-1.6,0.0039,-0.568,-0.355,5.68759606619945,0.0504737746869672,12
W:36_L:9_NM:19_T:-1.6,36,9,19.975,36.6328745800818,324,19,-1.6,0.0039,-0.56,-0.35,5.69075357428221,0.0505735645647567,12
W:36_L:9_NM:19_T:-1.6,36,9,19.975,36.6328745800818,324,19,-1.6,0.0039,-0.553,-0.345625,5.69331410875538,0.0507279406530098,12
W:36_L:9_NM:19_T:-1.6,36,9,19.975,36.6328745800818,324,19,-1.6,0.0039,-0.545,-0.340625,5.69627091267884,0.0509624921535467,12
W:36_L:9_NM:19_T:-1.6,36,9,19.975,36.6328745800818,324,19,-1.6,0.0039,-0.538,-0.33625,5.69778596503358,0.0512145921200198,12
W:36_L:9_NM:19_T:-1.6,36,9,19.975,36.6328745800818,324,19,-1.6,0.0039,-0.53,-0.33125,5.70042066413096,0.051566828858256,12
W:36_L:9_NM:19_T:-1.6,36,9,19.975,36.6328745800818,324,19,-1.6,0.0039,-0.523,-0.326875,5.70189621833245,0.0519209353369955,12
W:36_L:9_NM:19_T:-1.6,36,9,19.975,36.6328745800818,324,19,-1.6,0.0039,-0.515,-0.321875,5.70297873254231,0.0524008915133123,12
W:36_L:9_NM:19_T:-1.6,36,9,19.975,36.6328745800818,324,19,-1.6,0.0039,-0.508,-0.3175,5.70435415015171,0.0528645039749039,12
W:36_L:9_NM:19_T:-1.6,36,9,19.975,36.6328745800818,324,19,-1.6,0.0039,-0.5,-0.3125,5.7044349425539,0.0534858419710533,12
W:36_L:9_NM:19_T:-1.6,36,9,19.975,36.6328745800818,324,19,-1.6,0.0039,-0.492,-0.3075,5.70540320518882,0.0542102218287023,12
W:36_L:9_NM:19_T:-1.6,36,9,19.975,36.6328745800818,324,19,-1.6,0.0039,-0.485,-0.303125,5.70442834712231,0.0549250484754905,12
W:36_L:9_NM:19_T:-1.6,36,9,19.975,36.6328745800818,324,19,-1.6,0.0039,-0.477,-0.298125,5.70382546446482,0.0558615643810969,12
W:36_L:9_NM:19_T:-1.6,36,9,19.975,36.6328745800818,324,19,-1.6,0.0039,-0.47,-0.29375,5.70091455632301,0.0567898507621794,12
W:36_L:9_NM:19_T:-1.6,36,9,19.975,36.6328745800818,324,19,-1.6,0.0039,-0.462,-0.28875,5.69852920783222,0.0580157860071381,12
W:36_L:9_NM:19_T:-1.6,36,9,19.975,36.6328745800818,324,19,-1.6,0.0039,-0.455,-0.284375,5.69501203818671,0.0593409127208994,12
W:36_L:9_NM:19_T:-1.6,36,9,19.975,36.6328745800818,324,19,-1.6,0.0039,-0.447,-0.279375,5.68857214243469,0.0611080036071622,12
W:36_L:9_NM:19_T:-1.6,36,9,19.975,36.6328745800818,324,19,-1.6,0.0039,-0.44,-0.275,5.6788092251588,0.0629325225998761,12
W:36_L:9_NM:19_T:-1.6,36,9,19.975,36.6328745800818,324,19,-1.6,0.0039,-0.432,-0.27,5.66892508535271,0.0656249088850131,12
W:36_L:9_NM:19_T:-1.6,36,9,19.975,36.6328745800818,324,19,-1.6,0.0039,-0.425,-0.265625,5.65377554323991,0.0686101355617043,12
W:36_L:9_NM:19_T:-1.6,36,9,19.975,36.6328745800818,324,19,-1.6,0.0039,-0.417,-0.260625,5.62691346482556,0.0730222949733366,12
W:36_L:9_NM:19_T:-1.6,36,9,19.975,36.6328745800818,324,19,-1.6,0.0039,-0.41,-0.25625,5.59760118504484,0.0784246111902303,12
W:36_L:9_NM:19_T:-1.6,36,9,19.975,36.6328745800818,324,19,-1.6,0.0039,-0.402,-0.25125,5.53588934688079,0.0883825896025078,12
W:36_L:9_NM:19_T:-1.6,36,9,19.975,36.6328745800818,324,19,-1.6,0.0039,-0.395,-0.246875,5.42778448670566,0.103891926179936,12
W:36_L:9_NM:19_T:-1.6,36,9,19.975,36.6328745800818,324,19,-1.6,0.0039,-0.387,-0.241875,4.93410428650658,0.161527494087829,12
W:36_L:9_NM:19_T:-1.6,36,9,19.975,36.6328745800818,324,19,-1.6,0.0039,-0.38,-0.2375,1.97712920241254,0.0482782351370066,12
W:36_L:9_NM:19_T:-1.6,36,9,19.975,36.6328745800818,324,19,-1.6,0.0039,-0.372,-0.2325,1.98650348343862,0.0176236849781952,12
W:36_L:9_NM:19_T:-1.6,36,9,19.975,36.6328745800818,324,19,-1.6,0.0039,-0.365,-0.228125,1.98829252349509,0.0167190580707138,12
W:36_L:9_NM:19_T:-1.6,36,9,19.975,36.6328745800818,324,19,-1.6,0.0039,-0.357,-0.223125,1.98938679329596,0.0163766608534855,12
W:36_L:9_NM:19_T:-1.6,36,9,19.975,36.6328745800818,324,19,-1.6,0.0039,-0.35,-0.21875,1.989981181638,0.0162374895753721,8
W:36_L:9_NM:19_T:-1.6,36,9,19.975,36.6328745800818,324,19,-1.6,0.0039,-0.342,-0.21375,1.99046549759925,0.0161272010009726,4
W:36_L:9_NM:19_T:-1.6,36,9,19.975,36.6328745800818,324,19,-1.6,0.0039,-0.335,-0.209375,1.99070267102244,0.016070968757447,4
W:36_L:9_NM:19_T:-1.6,36,9,19.975,36.6328745800818,324,19,-1.6,0.0039,-0.327,-0.204375,1.99079646673403,0.016041639388859,4
W:36_L:9_NM:19_T:-1.6,36,9,19.975,36.6328745800818,324,19,-1.6,0.0039,-0.32,-0.2,1.99064852877822,0.0160390012304457,4
W:36_L:9_NM:19_T:-1.6,36,9,19.975,36.6328745800818,324,19,-1.6,0.0039,-0.312,-0.195,1.99034939903876,0.016040010728503,4
W:36_L:9_NM:19_T:-1.6,36,9,19.975,36.6328745800818,324,19,-1.6,0.0039,-0.305,-0.190625,1.99002810052874,0.0160435084374525,4
W:36_L:9_NM:19_T:-1.6,36,9,19.975,36.6328745800818,324,19,-1.6,0.0039,-0.297,-0.185625,1.98945603059784,0.0160647523636449,4
W:36_L:9_NM:19_T:-1.6,36,9,19.975,36.6328745800818,324,19,-1.6,0.0039,-0.289,-0.180625,1.98881518539644,0.0160808783699561,4
W:36_L:9_NM:19_T:-1.6,36,9,19.975,36.6328745800818,324,19,-1.6,0.0039,-0.282,-0.17625,1.98815262917371,0.0161175321469894,4
W:36_L:9_NM:19_T:-1.6,36,9,19.975,36.6328745800818,324,19,-1.6,0.0039,-0.274,-0.17125,1.9873724360744,0.0161476632228378,4
W:36_L:9_NM:19_T:-1.6,36,9,19.975,36.6328745800818,324,19,-1.6,0.0039,-0.267,-0.166875,1.98657693312266,0.0161944816572396,4
W:36_L:9_NM:19_T:-1.6,36,9,19.975,36.6328745800818,324,19,-1.6,0.0039,-0.259,-0.161875,1.98566133919286,0.016250354672657,4
W:36_L:9_NM:19_T:-1.6,36,9,19.975,36.6328745800818,324,19,-1.6,0.0039,-0.252,-0.1575,1.9848044455659,0.016310449412774,4
W:36_L:9_NM:19_T:-1.6,36,9,19.975,36.6328745800818,324,19,-1.6,0.0039,-0.244,-0.1525,1.98379755975555,0.0163894287916496,4
W:36_L:9_NM:19_T:-1.6,36,9,19.975,36.6328745800818,324,19,-1.6,0.0039,-0.237,-0.148125,1.98289079154296,0.0164687106651551,4
W:36_L:9_NM:19_T:-1.6,36,9,19.975,36.6328745800818,324,19,-1.6,0.0039,-0.229,-0.143125,1.98187400037593,0.0165726953483947,4
W:36_L:9_NM:19_T:-1.6,36,9,19.975,36.6328745800818,324,19,-1.6,0.0039,-0.222,-0.13875,1.98100078419527,0.016672950528061,4
W:36_L:9_NM:19_T:-1.6,36,9,19.975,36.6328745800818,324,19,-1.6,0.0039,-0.214,-0.13375,1.98002860708618,0.016807295845974,4
W:36_L:9_NM:19_T:-1.6,36,9,19.975,36.6328745800818,324,19,-1.6,0.0039,-0.207,-0.129375,1.9792492460055,0.0169322782155534,4
W:36_L:9_NM:19_T:-1.6,36,9,19.975,36.6328745800818,324,19,-1.6,0.0039,-0.199,-0.124375,1.97842108537322,0.0170987056847505,4
W:36_L:9_NM:19_T:-1.6,36,9,19.975,36.6328745800818,324,19,-1.6,0.0039,-0.192,-0.12,1.97779770445111,0.0172593613761712,4
W:36_L:9_NM:19_T:-1.6,36,9,19.975,36.6328745800818,324,19,-1.6,0.0039,-0.184,-0.115,1.97718018177159,0.0174738723164995,4
W:36_L:9_NM:19_T:-1.6,36,9,19.975,36.6328745800818,324,19,-1.6,0.0039,-0.177,-0.110625,1.97682371600896,0.0176741622236105,4
W:36_L:9_NM:19_T:-1.6,36,9,19.975,36.6328745800818,324,19,-1.6,0.0039,-0.169,-0.105625,1.97657287653246,0.0179396122402706,4
W:36_L:9_NM:19_T:-1.6,36,9,19.975,36.6328745800818,324,19,-1.6,0.0039,-0.162,-0.10125,1.97654548930057,0.0182018496163397,4
W:36_L:9_NM:19_T:-1.6,36,9,19.975,36.6328745800818,324,19,-1.6,0.0039,-0.154,-0.09625,1.97676803929073,0.0185392862507956,4
W:36_L:9_NM:19_T:-1.6,36,9,19.975,36.6328745800818,324,19,-1.6,0.0039,-0.147,-0.091875,1.97720375323336,0.0188791239648148,4
W:36_L:9_NM:19_T:-1.6,36,9,19.975,36.6328745800818,324,19,-1.6,0.0039,-0.139,-0.086875,1.97799186690439,0.0193286881840169,4
W:36_L:9_NM:19_T:-1.6,36,9,19.975,36.6328745800818,324,19,-1.6,0.0039,-0.132,-0.0825,1.97897951436803,0.0197837728630459,4
W:36_L:9_NM:19_T:-1.6,36,9,19.975,36.6328745800818,324,19,-1.6,0.0039,-0.124,-0.0775,1.98046628608042,0.0203949153607486,4
W:36_L:9_NM:19_T:-1.6,36,9,19.975,36.6328745800818,324,19,-1.6,0.0039,-0.117,-0.073125,1.98207547267208,0.0210351400062887,4
W:36_L:9_NM:19_T:-1.6,36,9,19.975,36.6328745800818,324,19,-1.6,0.0039,-0.109,-0.068125,1.98428772567503,0.0219114054237406,4
W:36_L:9_NM:19_T:-1.6,36,9,19.975,36.6328745800818,324,19,-1.6,0.0039,-0.102,-0.06375,1.98648016158748,0.02286193646117,4
W:36_L:9_NM:19_T:-1.6,36,9,19.975,36.6328745800818,324,19,-1.6,0.0039,-0.094,-0.05875,1.98916332762855,0.024233871693033,4
W:36_L:9_NM:19_T:-1.6,36,9,19.975,36.6328745800818,324,19,-1.6,0.0039,-0.086,-0.05375,1.99165255486028,0.0260717516044412,4
W:36_L:9_NM:19_T:-1.6,36,9,19.975,36.6328745800818,324,19,-1.6,0.0039,-0.079,-0.049375,1.99299049844984,0.0282986133253708,4
W:36_L:9_NM:19_T:-1.6,36,9,19.975,36.6328745800818,324,19,-1.6,0.0039,-0.071,-0.044375,1.9914715773812,0.0320956523883682,4
W:36_L:9_NM:19_T:-1.6,36,9,19.975,36.6328745800818,324,19,-1.6,0.0039,-0.064,-0.04,1.9824690010872,0.0376450646079044,4
W:36_L:9_NM:19_T:-1.6,36,9,19.975,36.6328745800818,324,19,-1.6,0.0039,-0.056,-0.035,1.94136969488449,0.050609477223594,4
W:36_L:9_NM:19_T:-1.6,36,9,19.975,36.6328745800818,324,19,-1.6,0.0039,-0.049,-0.030625,1.78836228182437,0.0813038169571129,4
W:36_L:9_NM:19_T:-1.6,36,9,19.975,36.6328745800818,324,19,-1.6,0.0039,-0.041,-0.025625,1.09940489015555,0.168797219374957,4
W:36_L:9_NM:19_T:-1.6,36,9,19.975,36.6328745800818,324,19,-1.6,0.0039,-0.034,-0.02125,1.26664818218535,0.117323719006026,4
W:36_L:9_NM:19_T:-1.6,36,9,19.975,36.6328745800818,324,19,-1.6,0.0039,-0.026,-0.01625,1.49468228292055,0.0950242804724556,4
W:36_L:9_NM:19_T:-1.6,36,9,19.975,36.6328745800818,324,19,-1.6,0.0039,-0.019,-0.011875,1.13636344094297,0.157458701879541,4
W:36_L:9_NM:19_T:-1.6,36,9,19.975,36.6328745800818,324,19,-1.6,0.0039,-0.011,-0.006875,0.29348624108888,0.236458184464281,4
W:36_L:9_NM:19_T:-1.6,36,9,19.975,36.6328745800818,324,19,-1.6,0.0039,-0.004,-0.0025,1.28921449382581,0.253249794013197,4
W:36_L:9_NM:19_T:-1.6,36,9,19.975,36.6328745800818,324,19,-1.6,0.0039,0.004,0.0025,1.28921580755013,0.253250515970895,4
W:36_L:9_NM:19_T:-1.6,36,9,19.975,36.6328745800818,324,19,-1.6,0.0039,0.011,0.006875,0.293487492685779,0.236458045081022,4
W:36_L:9_NM:19_T:-1.6,36,9,19.975,36.6328745800818,324,19,-1.6,0.0039,0.019,0.011875,1.13636097407633,0.157459072935015,4
W:36_L:9_NM:19_T:-1.6,36,9,19.975,36.6328745800818,324,19,-1.6,0.0039,0.026,0.01625,1.49468221236759,0.0950243247616407,4
W:36_L:9_NM:19_T:-1.6,36,9,19.975,36.6328745800818,324,19,-1.6,0.0039,0.034,0.02125,1.26664940560156,0.117323548512863,4
W:36_L:9_NM:19_T:-1.6,36,9,19.975,36.6328745800818,324,19,-1.6,0.0039,0.041,0.025625,1.09940328782479,0.168797342532364,4
W:36_L:9_NM:19_T:-1.6,36,9,19.975,36.6328745800818,324,19,-1.6,0.0039,0.049,0.030625,1.78836149353902,0.0813039551240725,4
W:36_L:9_NM:19_T:-1.6,36,9,19.975,36.6328745800818,324,19,-1.6,0.0039,0.056,0.035,1.9413695080984,0.0506095252936954,4
W:36_L:9_NM:19_T:-1.6,36,9,19.975,36.6328745800818,324,19,-1.6,0.0039,0.064,0.04,1.98246896205735,0.0376450833655414,4
W:36_L:9_NM:19_T:-1.6,36,9,19.975,36.6328745800818,324,19,-1.6,0.0039,0.071,0.044375,1.99147156708938,0.0320956639249361,4
W:36_L:9_NM:19_T:-1.6,36,9,19.975,36.6328745800818,324,19,-1.6,0.0039,0.079,0.049375,1.99299050020549,0.028298620751219,4
W:36_L:9_NM:19_T:-1.6,36,9,19.975,36.6328745800818,324,19,-1.6,0.0039,0.086,0.05375,1.9916525602535,0.0260717565655426,4
W:36_L:9_NM:19_T:-1.6,36,9,19.975,36.6328745800818,324,19,-1.6,0.0039,0.094,0.05875,1.9891633337936,0.0242338751840224,4
W:36_L:9_NM:19_T:-1.6,36,9,19.975,36.6328745800818,324,19,-1.6,0.0039,0.102,0.06375,1.98648016758984,0.0228619392926082,4
W:36_L:9_NM:19_T:-1.6,36,9,19.975,36.6328745800818,324,19,-1.6,0.0039,0.109,0.068125,1.98428773091787,0.021911407963847,4
W:36_L:9_NM:19_T:-1.6,36,9,19.975,36.6328745800818,324,19,-1.6,0.0039,0.117,0.073125,1.98207547701977,0.0210351426634225,4
W:36_L:9_NM:19_T:-1.6,36,9,19.975,36.6328745800818,324,19,-1.6,0.0039,0.124,0.0775,1.98046629006277,0.0203949168402703,4
W:36_L:9_NM:19_T:-1.6,36,9,19.975,36.6328745800818,324,19,-1.6,0.0039,0.132,0.0825,1.97897951872747,0.019783773779765,4
W:36_L:9_NM:19_T:-1.6,36,9,19.975,36.6328745800818,324,19,-1.6,0.0039,0.139,0.086875,1.97799186808587,0.0193286898365606,4
W:36_L:9_NM:19_T:-1.6,36,9,19.975,36.6328745800818,324,19,-1.6,0.0039,0.147,0.091875,1.97720375402323,0.0188791251172448,4
W:36_L:9_NM:19_T:-1.6,36,9,19.975,36.6328745800818,324,19,-1.6,0.0039,0.154,0.09625,1.97676804020975,0.0185392871315996,4
W:36_L:9_NM:19_T:-1.6,36,9,19.975,36.6328745800818,324,19,-1.6,0.0039,0.162,0.10125,1.97654548905983,0.0182018504609458,4
W:36_L:9_NM:19_T:-1.6,36,9,19.975,36.6328745800818,324,19,-1.6,0.0039,0.169,0.105625,1.97657287471188,0.0179396132937466,4
W:36_L:9_NM:19_T:-1.6,36,9,19.975,36.6328745800818,324,19,-1.6,0.0039,0.177,0.110625,1.97682371527345,0.0176741627553414,4
W:36_L:9_NM:19_T:-1.6,36,9,19.975,36.6328745800818,324,19,-1.6,0.0039,0.184,0.115,1.9771801812877,0.0174738726341358,4
W:36_L:9_NM:19_T:-1.6,36,9,19.975,36.6328745800818,324,19,-1.6,0.0039,0.192,0.12,1.97779770378865,0.0172593616741747,4
W:36_L:9_NM:19_T:-1.6,36,9,19.975,36.6328745800818,324,19,-1.6,0.0039,0.199,0.124375,1.97842108444379,0.0170987059555616,4
W:36_L:9_NM:19_T:-1.6,36,9,19.975,36.6328745800818,324,19,-1.6,0.0039,0.207,0.129375,1.97924924433565,0.0169322784064781,4
W:36_L:9_NM:19_T:-1.6,36,9,19.975,36.6328745800818,324,19,-1.6,0.0039,0.214,0.13375,1.98002860504805,0.0168072961742645,4
W:36_L:9_NM:19_T:-1.6,36,9,19.975,36.6328745800818,324,19,-1.6,0.0039,0.222,0.13875,1.98100078084696,0.0166729511722368,4
W:36_L:9_NM:19_T:-1.6,36,9,19.975,36.6328745800818,324,19,-1.6,0.0039,0.229,0.143125,1.98187399647122,0.0165726958572517,4
W:36_L:9_NM:19_T:-1.6,36,9,19.975,36.6328745800818,324,19,-1.6,0.0039,0.237,0.148125,1.98289078982296,0.0164687108373976,4
W:36_L:9_NM:19_T:-1.6,36,9,19.975,36.6328745800818,324,19,-1.6,0.0039,0.244,0.1525,1.9837975567301,0.0163894290837888,4
W:36_L:9_NM:19_T:-1.6,36,9,19.975,36.6328745800818,324,19,-1.6,0.0039,0.252,0.1575,1.98480444263595,0.0163104499326171,4
W:36_L:9_NM:19_T:-1.6,36,9,19.975,36.6328745800818,324,19,-1.6,0.0039,0.259,0.161875,1.98566133560757,0.016250355033258,4
W:36_L:9_NM:19_T:-1.6,36,9,19.975,36.6328745800818,324,19,-1.6,0.0039,0.267,0.166875,1.98657693081187,0.0161944816787389,4
W:36_L:9_NM:19_T:-1.6,36,9,19.975,36.6328745800818,324,19,-1.6,0.0039,0.274,0.17125,1.98737243267816,0.0161476636045157,4
W:36_L:9_NM:19_T:-1.6,36,9,19.975,36.6328745800818,324,19,-1.6,0.0039,0.282,0.17625,1.98815262577599,0.0161175325314128,4
W:36_L:9_NM:19_T:-1.6,36,9,19.975,36.6328745800818,324,19,-1.6,0.0039,0.289,0.180625,1.98881518320562,0.0160808786123021,4
W:36_L:9_NM:19_T:-1.6,36,9,19.975,36.6328745800818,324,19,-1.6,0.0039,0.297,0.185625,1.98945602967806,0.0160647521883969,4
W:36_L:9_NM:19_T:-1.6,36,9,19.975,36.6328745800818,324,19,-1.6,0.0039,0.305,0.190625,1.99002809929145,0.0160435083863709,4
W:36_L:9_NM:19_T:-1.6,36,9,19.975,36.6328745800818,324,19,-1.6,0.0039,0.312,0.195,1.99034939945152,0.0160400105244835,4
W:36_L:9_NM:19_T:-1.6,36,9,19.975,36.6328745800818,324,19,-1.6,0.0039,0.32,0.2,1.9906485295596,0.0160390011866207,4
W:36_L:9_NM:19_T:-1.6,36,9,19.975,36.6328745800818,324,19,-1.6,0.0039,0.327,0.204375,1.9907964666934,0.0160416391860269,4
W:36_L:9_NM:19_T:-1.6,36,9,19.975,36.6328745800818,324,19,-1.6,0.0039,0.335,0.209375,1.99070267126578,0.0160709685110958,4
W:36_L:9_NM:19_T:-1.6,36,9,19.975,36.6328745800818,324,19,-1.6,0.0039,0.342,0.21375,1.9904655003167,0.0161272004746137,4
W:36_L:9_NM:19_T:-1.6,36,9,19.975,36.6328745800818,324,19,-1.6,0.0039,0.35,0.21875,1.98998118202901,0.0162374894713541,8
W:36_L:9_NM:19_T:-1.6,36,9,19.975,36.6328745800818,324,19,-1.6,0.0039,0.357,0.223125,1.98938679240628,0.0163766605320684,12
W:36_L:9_NM:19_T:-1.6,36,9,19.975,36.6328745800818,324,19,-1.6,0.0039,0.365,0.228125,1.98829252272642,0.0167190575135641,12
W:36_L:9_NM:19_T:-1.6,36,9,19.975,36.6328745800818,324,19,-1.6,0.0039,0.372,0.2325,1.98650348573335,0.0176236808095634,12
W:36_L:9_NM:19_T:-1.6,36,9,19.975,36.6328745800818,324,19,-1.6,0.0039,0.38,0.2375,1.97712927895042,0.0482773357472978,12
W:36_L:9_NM:19_T:-1.6,36,9,19.975,36.6328745800818,324,19,-1.6,0.0039,0.387,0.241875,4.93409836063535,0.161527574377341,12
W:36_L:9_NM:19_T:-1.6,36,9,19.975,36.6328745800818,324,19,-1.6,0.0039,0.395,0.246875,5.42778292618595,0.103891970240627,12
W:36_L:9_NM:19_T:-1.6,36,9,19.975,36.6328745800818,324,19,-1.6,0.0039,0.402,0.25125,5.53588900977577,0.0883826182971495,12
W:36_L:9_NM:19_T:-1.6,36,9,19.975,36.6328745800818,324,19,-1.6,0.0039,0.41,0.25625,5.59760096773457,0.0784246275598138,12
W:36_L:9_NM:19_T:-1.6,36,9,19.975,36.6328745800818,324,19,-1.6,0.0039,0.417,0.260625,5.62691342959286,0.073022315033026,12
W:36_L:9_NM:19_T:-1.6,36,9,19.975,36.6328745800818,324,19,-1.6,0.0039,0.425,0.265625,5.6537755620213,0.0686101429188123,12
W:36_L:9_NM:19_T:-1.6,36,9,19.975,36.6328745800818,324,19,-1.6,0.0039,0.432,0.27,5.66892507456948,0.0656249156956802,12
W:36_L:9_NM:19_T:-1.6,36,9,19.975,36.6328745800818,324,19,-1.6,0.0039,0.44,0.275,5.67880919078513,0.0629325296375039,12
W:36_L:9_NM:19_T:-1.6,36,9,19.975,36.6328745800818,324,19,-1.6,0.0039,0.447,0.279375,5.68857213840876,0.061108007456109,12
W:36_L:9_NM:19_T:-1.6,36,9,19.975,36.6328745800818,324,19,-1.6,0.0039,0.455,0.284375,5.69501201846925,0.0593409159866659,12
W:36_L:9_NM:19_T:-1.6,36,9,19.975,36.6328745800818,324,19,-1.6,0.0039,0.462,0.28875,5.6985291772638,0.0580157885870875,12
W:36_L:9_NM:19_T:-1.6,36,9,19.975,36.6328745800818,324,19,-1.6,0.0039,0.47,0.29375,5.70091454674591,0.0567898539177793,12
W:36_L:9_NM:19_T:-1.6,36,9,19.975,36.6328745800818,324,19,-1.6,0.0039,0.477,0.298125,5.70382545966272,0.0558615665562772,12
W:36_L:9_NM:19_T:-1.6,36,9,19.975,36.6328745800818,324,19,-1.6,0.0039,0.485,0.303125,5.70442833998321,0.0549250505481104,12
W:36_L:9_NM:19_T:-1.6,36,9,19.975,36.6328745800818,324,19,-1.6,0.0039,0.492,0.3075,5.70540320855802,0.0542102236280566,12
W:36_L:9_NM:19_T:-1.6,36,9,19.975,36.6328745800818,324,19,-1.6,0.0039,0.5,0.3125,5.70443493991917,0.053485844373738,12
W:36_L:9_NM:19_T:-1.6,36,9,19.975,36.6328745800818,324,19,-1.6,0.0039,0.508,0.3175,5.70435413878226,0.0528645054837362,12
W:36_L:9_NM:19_T:-1.6,36,9,19.975,36.6328745800818,324,19,-1.6,0.0039,0.515,0.321875,5.70297866557117,0.0524008916456022,12
W:36_L:9_NM:19_T:-1.6,36,9,19.975,36.6328745800818,324,19,-1.6,0.0039,0.523,0.326875,5.70189622047757,0.051920936273044,12
W:36_L:9_NM:19_T:-1.6,36,9,19.975,36.6328745800818,324,19,-1.6,0.0039,0.53,0.33125,5.70042066005417,0.0515668297723818,12
W:36_L:9_NM:19_T:-1.6,36,9,19.975,36.6328745800818,324,19,-1.6,0.0039,0.538,0.33625,5.69778595045891,0.051214593137651,12
W:36_L:9_NM:19_T:-1.6,36,9,19.975,36.6328745800818,324,19,-1.6,0.0039,0.545,0.340625,5.69627091304533,0.0509624924953145,12
W:36_L:9_NM:19_T:-1.6,36,9,19.975,36.6328745800818,324,19,-1.6,0.0039,0.553,0.345625,5.6933141347208,0.0507279413983979,12
W:36_L:9_NM:19_T:-1.6,36,9,19.975,36.6328745800818,324,19,-1.6,0.0039,0.56,0.35,5.69075359377927,0.0505735652288127,12
W:36_L:9_NM:19_T:-1.6,36,9,19.975,36.6328745800818,324,19,-1.6,0.0039,0.568,0.355,5.68759607952335,0.0504737749948297,12
W:36_L:9_NM:19_T:-1.6,36,9,19.975,36.6328745800818,324,19,-1.6,0.0039,0.575,0.359375,5.68441203224691,0.050457126421753,12
W:36_L:9_NM:19_T:-1.6,36,9,19.975,36.6328745800818,324,19,-1.6,0.0039,0.583,0.364375,5.68037979443587,0.0505507348293894,12
W:36_L:9_NM:19_T:-1.6,36,9,19.975,36.6328745800818,324,19,-1.6,0.0039,0.59,0.36875,5.67545271348901,0.0507725417825592,12
W:36_L:9_NM:19_T:-1.6,36,9,19.975,36.6328745800818,324,19,-1.6,0.0039,0.598,0.37375,5.66857884987809,0.0513027545534285,12
W:36_L:9_NM:19_T:-1.6,36,9,19.975,36.6328745800818,324,19,-1.6,0.0039,0.605,0.378125,5.65956795309792,0.0522251247224261,12
W:36_L:9_NM:19_T:-1.6,36,9,19.975,36.6328745800818,324,19,-1.6,0.0039,0.613,0.383125,5.64095210172894,0.0546198322420486,12
W:36_L:9_NM:19_T:-1.6,36,9,19.975,36.6328745800818,324,19,-1.6,0.0039,0.62,0.3875,5.59912524594214,0.0612238012250271,16
W:36_L:9_NM:19_T:-1.6,36,9,19.975,36.6328745800818,324,19,-1.6,0.0039,0.628,0.3925,5.15986057896874,0.164571725609592,20
W:36_L:9_NM:19_T:-1.6,36,9,19.975,36.6328745800818,324,19,-1.6,0.0039,0.635,0.396875,5.48031771681009,0.127143948020389,20
W:36_L:9_NM:19_T:-1.6,36,9,19.975,36.6328745800818,324,19,-1.6,0.0039,0.643,0.401875,7.98749106123085,0.175757130949879,20
W:36_L:9_NM:19_T:-1.6,36,9,19.975,36.6328745800818,324,19,-1.6,0.0039,0.65,0.40625,8.56448758972785,0.147344116549973,20
W:36_L:9_NM:19_T:-1.6,36,9,19.975,36.6328745800818,324,19,-1.6,0.0039,0.658,0.41125,8.84442901228541,0.131911987882575,20
W:36_L:9_NM:19_T:-1.6,36,9,19.975,36.6328745800818,324,19,-1.6,0.0039,0.665,0.415625,8.97842197264539,0.123615445804294,20
W:36_L:9_NM:19_T:-1.6,36,9,19.975,36.6328745800818,324,19,-1.6,0.0039,0.673,0.420625,9.08058194549718,0.116984879417795,20
W:36_L:9_NM:19_T:-1.6,36,9,19.975,36.6328745800818,324,19,-1.6,0.0039,0.68,0.425,9.14232737002136,0.112515622371793,20
W:36_L:9_NM:19_T:-1.6,36,9,19.975,36.6328745800818,324,19,-1.6,0.0039,0.688,0.43,9.1937612531504,0.108549196585417,20
W:36_L:9_NM:19_T:-1.6,36,9,19.975,36.6328745800818,324,19,-1.6,0.0039,0.695,0.434375,9.22617474794092,0.105761020664062,20
W:36_L:9_NM:19_T:-1.6,36,9,19.975,36.6328745800818,324,19,-1.6,0.0039,0.703,0.439375,9.25235300677722,0.103119096006786,20
W:36_L:9_NM:19_T:-1.6,36,9,19.975,36.6328745800818,324,19,-1.6,0.0039,0.711,0.444375,9.27239717343657,0.100851647608233,20
W:36_L:9_NM:19_T:-1.6,36,9,19.975,36.6328745800818,324,19,-1.6,0.0039,0.718,0.44875,9.28459401375417,0.0991760835993166,20
W:36_L:9_NM:19_T:-1.6,36,9,19.975,36.6328745800818,324,19,-1.6,0.0039,0.726,0.45375,9.29607624586798,0.0975450175781131,20
W:36_L:9_NM:19_T:-1.6,36,9,19.975,36.6328745800818,324,19,-1.6,0.0039,0.733,0.458125,9.30418945617466,0.0962885165111945,20
W:36_L:9_NM:19_T:-1.6,36,9,19.975,36.6328745800818,324,19,-1.6,0.0039,0.741,0.463125,9.31158573464276,0.0950707836055759,20
W:36_L:9_NM:19_T:-1.6,36,9,19.975,36.6328745800818,324,19,-1.6,0.0039,0.748,0.4675,9.31715032818444,0.0941446373148248,20
W:36_L:9_NM:19_T:-1.6,36,9,19.975,36.6328745800818,324,19,-1.6,0.0039,0.756,0.4725,9.32416682460502,0.0932574049657039,20
W:36_L:9_NM:19_T:-1.6,36,9,19.975,36.6328745800818,324,19,-1.6,0.0039,0.763,0.476875,9.32979139605058,0.0926094241316386,20
W:36_L:9_NM:19_T:-1.6,36,9,19.975,36.6328745800818,324,19,-1.6,0.0039,0.771,0.481875,9.33679995450621,0.092014839882919,20
W:36_L:9_NM:19_T:-1.6,36,9,19.975,36.6328745800818,324,19,-1.6,0.0039,0.778,0.48625,9.3426070775521,0.0916162139409426,20
W:36_L:9_NM:19_T:-1.6,36,9,19.975,36.6328745800818,324,19,-1.6,0.0039,0.786,0.49125,9.35033430874091,0.091311647591077,20
W:36_L:9_NM:19_T:-1.6,36,9,19.975,36.6328745800818,324,19,-1.6,0.0039,0.793,0.495625,9.35736888039287,0.091185405739193,20
W:36_L:9_NM:19_T:-1.6,36,9,19.975,36.6328745800818,324,19,-1.6,0.0039,0.801,0.500625,9.36557930874136,0.0912240612227234,20
W:36_L:9_NM:19_T:-1.6,36,9,19.975,36.6328745800818,324,19,-1.6,0.0039,0.808,0.505,9.37172260736988,0.0914523403888129,20
W:36_L:9_NM:19_T:-1.6,36,9,19.975,36.6328745800818,324,19,-1.6,0.0039,0.816,0.51,9.37723740307725,0.0920167339404246,20
W:36_L:9_NM:19_T:-1.6,36,9,19.975,36.6328745800818,324,19,-1.6,0.0039,0.823,0.514375,9.37895512475118,0.0928921362938943,20
W:36_L:9_NM:19_T:-1.6,36,9,19.975,36.6328745800818,324,19,-1.6,0.0039,0.831,0.519375,9.37387419524027,0.0946251445340387,20
W:36_L:9_NM:19_T:-1.6,36,9,19.975,36.6328745800818,324,19,-1.6,0.0039,0.838,0.52375,9.35634029042696,0.0973515818494975,20
W:36_L:9_NM:19_T:-1.6,36,9,19.975,36.6328745800818,324,19,-1.6,0.0039,0.846,0.52875,9.30060634344047,0.103776407988873,20
W:36_L:9_NM:19_T:-1.6,36,9,19.975,36.6328745800818,324,19,-1.6,0.0039,0.853,0.533125,9.15390455130425,0.11833645879166,20
W:36_L:9_NM:19_T:-1.6,36,9,19.975,36.6328745800818,324,19,-1.6,0.0039,0.861,0.538125,8.54915778160106,0.17865776163039,28
W:36_L:9_NM:19_T:-1.6,36,9,19.975,36.6328745800818,324,19,-1.6,0.0039,0.868,0.5425,8.66990108658636,0.211018910370121,28
W:36_L:9_NM:19_T:-1.6,36,9,19.975,36.6328745800818,324,19,-1.6,0.0039,0.876,0.5475,11.0963998733641,0.225564305939547,28
W:36_L:9_NM:19_T:-1.6,36,9,19.975,36.6328745800818,324,19,-1.6,0.0039,0.883,0.551875,11.8163788405031,0.190133436438289,28
W:36_L:9_NM:19_T:-1.6,36,9,19.975,36.6328745800818,324,19,-1.6,0.0039,0.891,0.556875,12.1418777114302,0.174573487103152,28
W:36_L:9_NM:19_T:-1.6,36,9,19.975,36.6328745800818,324,19,-1.6,0.0039,0.898,0.56125,12.3070021076909,0.166397394861898,28
W:36_L:9_NM:19_T:-1.6,36,9,19.975,36.6328745800818,324,19,-1.6,0.0039,0.906,0.56625,12.4223558252056,0.160137230135285,28
W:36_L:9_NM:19_T:-1.6,36,9,19.975,36.6328745800818,324,19,-1.6,0.0039,0.914,0.57125,12.5009842103467,0.155453161483009,28
W:36_L:9_NM:19_T:-1.6,36,9,19.975,36.6328745800818,324,19,-1.6,0.0039,0.921,0.575625,12.5494003509109,0.152208775805244,28
W:36_L:9_NM:19_T:-1.6,36,9,19.975,36.6328745800818,324,19,-1.6,0.0039,0.929,0.580625,12.582300960201,0.149165142175643,28
W:36_L:9_NM:19_T:-1.6,36,9,19.975,36.6328745800818,324,19,-1.6,0.0039,0.936,0.585,12.6007253826736,0.146943417255963,28
W:36_L:9_NM:19_T:-1.6,36,9,19.975,36.6328745800818,324,19,-1.6,0.0039,0.944,0.59,12.6108102300739,0.144764573203586,28
W:36_L:9_NM:19_T:-1.6,36,9,19.975,36.6328745800818,324,19,-1.6,0.0039,0.951,0.594375,12.6107878530783,0.143125893458957,28
W:36_L:9_NM:19_T:-1.6,36,9,19.975,36.6328745800818,324,19,-1.6,0.0039,0.959,0.599375,12.6040010574854,0.141509143045367,28
W:36_L:9_NM:19_T:-1.6,36,9,19.975,36.6328745800818,324,19,-1.6,0.0039,0.966,0.60375,12.5918581235168,0.140295067969642,28
W:36_L:9_NM:19_T:-1.6,36,9,19.975,36.6328745800818,324,19,-1.6,0.0039,0.974,0.60875,12.5720413376242,0.139121589894575,28
W:36_L:9_NM:19_T:-1.6,36,9,19.975,36.6328745800818,324,19,-1.6,0.0039,0.981,0.613125,12.5486103788102,0.138274949908091,28
W:36_L:9_NM:19_T:-1.6,36,9,19.975,36.6328745800818,324,19,-1.6,0.0039,0.989,0.618125,12.5174389544287,0.137551235003758,28
W:36_L:9_NM:19_T:-1.6,36,9,19.975,36.6328745800818,324,19,-1.6,0.0039,0.996,0.6225,12.4842461007355,0.137144605577949,28
W:36_L:9_NM:19_T:-1.6,36,9,19.975,36.6328745800818,324,19,-1.6,0.0039,1.004,0.6275,12.4384548914073,0.136999397313763,28
W:36_L:9_NM:19_T:-1.6,36,9,19.975,36.6328745800818,324,19,-1.6,0.0039,1.011,0.631875,12.3912764497437,0.137247717129196,28
W:36_L:9_NM:19_T:-1.6,36,9,19.975,36.6328745800818,324,19,-1.6,0.0039,1.019,0.636875,12.32310258954,0.138117562470598,28
W:36_L:9_NM:19_T:-1.6,36,9,19.975,36.6328745800818,324,19,-1.6,0.0039,1.026,0.64125,12.2455737183324,0.139640592792541,28
W:36_L:9_NM:19_T:-1.6,36,9,19.975,36.6328745800818,324,19,-1.6,0.0039,1.034,0.64625,12.123571681849,0.142753648328372,28
W:36_L:9_NM:19_T:-1.6,36,9,19.975,36.6328745800818,324,19,-1.6,0.0039,1.041,0.650625,11.9696146719277,0.147356519837827,28
W:36_L:9_NM:19_T:-1.6,36,9,19.975,36.6328745800818,324,19,-1.6,0.0039,1.049,0.655625,11.7195320824108,0.15570614347917,28
W:36_L:9_NM:19_T:-1.6,36,9,19.975,36.6328745800818,324,19,-1.6,0.0039,1.056,0.66,11.4649234958455,0.165061902314434,28
W:36_L:9_NM:19_T:-1.6,36,9,19.975,36.6328745800818,324,19,-1.6,0.0039,1.064,0.665,11.3218580414169,0.172889958084818,28
W:36_L:9_NM:19_T:-1.6,36,9,19.975,36.6328745800818,324,19,-1.6,0.0039,1.071,0.669375,11.3885946566987,0.180373063035393,34
W:36_L:9_NM:19_T:-1.6,36,9,19.975,36.6328745800818,324,19,-1.6,0.0039,1.079,0.674375,10.973929421168,0.329909423411934,36
W:36_L:9_NM:19_T:-1.6,36,9,19.975,36.6328745800818,324,19,-1.6,0.0039,1.086,0.67875,13.1888630226061,0.244047283748638,36
W:36_L:9_NM:19_T:-1.6,36,9,19.975,36.6328745800818,324,19,-1.6,0.0039,1.094,0.68375,13.9425769331814,0.224732102616572,36
W:36_L:9_NM:19_T:-1.6,36,9,19.975,36.6328745800818,324,19,-1.6,0.0039,1.102,0.68875,14.2842790029112,0.215596494114054,36
W:36_L:9_NM:19_T:-1.6,36,9,19.975,36.6328745800818,324,19,-1.6,0.0039,1.109,0.693125,14.4834112909819,0.210214032208856,36
W:36_L:9_NM:19_T:-1.6,36,9,19.975,36.6328745800818,324,19,-1.6,0.0039,1.117,0.698125,14.653119032314,0.205610976809949,36
W:36_L:9_NM:19_T:-1.6,36,9,19.975,36.6328745800818,324,19,-1.6,0.0039,1.124,0.7025,14.7680833058271,0.202371028453785,36
W:36_L:9_NM:19_T:-1.6,36,9,19.975,36.6328745800818,324,19,-1.6,0.0039,1.132,0.7075,14.8736624331087,0.199394832149816,36
W:36_L:9_NM:19_T:-1.6,36,9,19.975,36.6328745800818,324,19,-1.6,0.0039,1.139,0.711875,14.9474976933408,0.197173125531136,36
W:36_L:9_NM:19_T:-1.6,36,9,19.975,36.6328745800818,324,19,-1.6,0.0039,1.147,0.716875,15.0166998409443,0.195096898574094,36
W:36_L:9_NM:19_T:-1.6,36,9,19.975,36.6328745800818,324,19,-1.6,0.0039,1.154,0.72125,15.0625429325942,0.193540659501622,36
W:36_L:9_NM:19_T:-1.6,36,9,19.975,36.6328745800818,324,19,-1.6,0.0039,1.162,0.72625,15.1024307809991,0.192105887476333,36
W:36_L:9_NM:19_T:-1.6,36,9,19.975,36.6328745800818,324,19,-1.6,0.0039,1.169,0.730625,15.1256706976513,0.191123077674852,36
W:36_L:9_NM:19_T:-1.6,36,9,19.975,36.6328745800818,324,19,-1.6,0.0039,1.177,0.735625,15.1377989209834,0.190287313759364,36
W:36_L:9_NM:19_T:-1.6,36,9,19.975,36.6328745800818,324,19,-1.6,0.0039,1.184,0.74,15.1351163894044,0.189852491515712,36
W:36_L:9_NM:19_T:-1.6,36,9,19.975,36.6328745800818,324,19,-1.6,0.0039,1.192,0.745,15.1150764157824,0.189744743857942,36
W:36_L:9_NM:19_T:-1.6,36,9,19.975,36.6328745800818,324,19,-1.6,0.0039,1.199,0.749375,15.0806832359311,0.190092615330602,36
W:36_L:9_NM:19_T:-1.6,36,9,19.975,36.6328745800818,324,19,-1.6,0.0039,1.207,0.754375,15.0179755182753,0.191217911369439,36
W:36_L:9_NM:19_T:-1.6,36,9,19.975,36.6328745800818,324,19,-1.6,0.0039,1.214,0.75875,14.9362518271485,0.193181682830596,36
W:36_L:9_NM:19_T:-1.6,36,9,19.975,36.6328745800818,324,19,-1.6,0.0039,1.222,0.76375,14.7996937638919,0.197370337772577,36
W:36_L:9_NM:19_T:-1.6,36,9,19.975,36.6328745800818,324,19,-1.6,0.0039,1.229,0.768125,14.6215423829269,0.20423297369834,36
W:36_L:9_NM:19_T:-1.6,36,9,19.975,36.6328745800818,324,19,-1.6,0.0039,1.237,0.773125,14.3046078651864,0.220023094593539,36
W:36_L:9_NM:19_T:-1.6,36,9,19.975,36.6328745800818,324,19,-1.6,0.0039,1.244,0.7775,13.888134607524,0.249262346171313,36
W:36_L:9_NM:19_T:-1.6,36,9,19.975,36.6328745800818,324,19,-1.6,0.0039,1.252,0.7825,13.5323226774653,0.309165648206225,42
W:36_L:9_NM:19_T:-1.6,36,9,19.975,36.6328745800818,324,19,-1.6,0.0039,1.259,0.786875,14.4806303856755,0.320560647629175,44
W:36_L:9_NM:19_T:-1.6,36,9,19.975,36.6328745800818,324,19,-1.6,0.0039,1.267,0.791875,16.3495198712967,0.278448922529423,44
W:36_L:9_NM:19_T:-1.6,36,9,19.975,36.6328745800818,324,19,-1.6,0.0039,1.274,0.79625,16.699549842883,0.266687313168736,44
W:36_L:9_NM:19_T:-1.6,36,9,19.975,36.6328745800818,324,19,-1.6,0.0039,1.282,0.80125,16.9192841849503,0.259478378464518,44
W:36_L:9_NM:19_T:-1.6,36,9,19.975,36.6328745800818,324,19,-1.6,0.0039,1.289,0.805625,17.0563075998444,0.255474273973826,44
W:36_L:9_NM:19_T:-1.6,36,9,19.975,36.6328745800818,324,19,-1.6,0.0039,1.297,0.810625,17.1808962454087,0.252403632754519,44
W:36_L:9_NM:19_T:-1.6,36,9,19.975,36.6328745800818,324,19,-1.6,0.0039,1.305,0.815625,17.2859289528096,0.250440483722247,44
W:36_L:9_NM:19_T:-1.6,36,9,19.975,36.6328745800818,324,19,-1.6,0.0039,1.312,0.82,17.3655386882162,0.249430540948956,44
W:36_L:9_NM:19_T:-1.6,36,9,19.975,36.6328745800818,324,19,-1.6,0.0039,1.32,0.825,17.4440626993405,0.248975299414007,44
W:36_L:9_NM:19_T:-1.6,36,9,19.975,36.6328745800818,324,19,-1.6,0.0039,1.327,0.829375,17.5007605819117,0.24915890911824,44
W:36_L:9_NM:19_T:-1.6,36,9,19.975,36.6328745800818,324,19,-1.6,0.0039,1.335,0.834375,17.5505605700479,0.250086831304208,44
W:36_L:9_NM:19_T:-1.6,36,9,19.975,36.6328745800818,324,19,-1.6,0.0039,1.342,0.83875,17.5786539609515,0.251655892647699,44
W:36_L:9_NM:19_T:-1.6,36,9,19.975,36.6328745800818,324,19,-1.6,0.0039,1.35,0.84375,17.5858544319226,0.254592435463277,44
W:36_L:9_NM:19_T:-1.6,36,9,19.975,36.6328745800818,324,19,-1.6,0.0039,1.357,0.848125,17.5624993293031,0.258622628960988,44
W:36_L:9_NM:19_T:-1.6,36,9,19.975,36.6328745800818,324,19,-1.6,0.0039,1.365,0.853125,17.4845317100605,0.26590793414228,44
W:36_L:9_NM:19_T:-1.6,36,9,19.975,36.6328745800818,324,19,-1.6,0.0039,1.372,0.8575,17.3474409049867,0.276012508758458,44
W:36_L:9_NM:19_T:-1.6,36,9,19.975,36.6328745800818,324,19,-1.6,0.0039,1.38,0.8625,17.0858378487544,0.292718303006341,44
W:36_L:9_NM:19_T:-1.6,36,9,19.975,36.6328745800818,324,19,-1.6,0.0039,1.387,0.866875,16.8365223869807,0.306397108219252,44
W:36_L:9_NM:19_T:-1.6,36,9,19.975,36.6328745800818,324,19,-1.6,0.0039,1.395,0.871875,16.7110669059962,0.315668725858399,44
W:36_L:9_NM:19_T:-1.6,36,9,19.975,36.6328745800818,324,19,-1.6,0.0039,1.402,0.87625,16.8857940786263,0.324378154661395,52
W:36_L:9_NM:19_T:-1.6,36,9,19.975,36.6328745800818,324,19,-1.6,0.0039,1.41,0.88125,18.4720556376929,0.332992842897477,52
W:36_L:9_NM:19_T:-1.6,36,9,19.975,36.6328745800818,324,19,-1.6,0.0039,1.417,0.885625,19.0255820790536,0.334720094617561,52
W:36_L:9_NM:19_T:-1.6,36,9,19.975,36.6328745800818,324,19,-1.6,0.0039,1.425,0.890625,19.3296852723877,0.335718752301721,52
W:36_L:9_NM:19_T:-1.6,36,9,19.975,36.6328745800818,324,19,-1.6,0.0039,1.432,0.895,19.4911178261145,0.336555512001667,52
W:36_L:9_NM:19_T:-1.6,36,9,19.975,36.6328745800818,324,19,-1.6,0.0039,1.44,0.9,19.5989124995386,0.337570880850288,52
W:36_L:9_NM:19_T:-1.6,36,9,19.975,36.6328745800818,324,19,-1.6,0.0039,1.447,0.904375,19.6376954064359,0.338651232405484,52
W:36_L:9_NM:19_T:-1.6,36,9,19.975,36.6328745800818,324,19,-1.6,0.0039,1.455,0.909375,19.6253586670019,0.34028635846882,52
W:36_L:9_NM:19_T:-1.6,36,9,19.975,36.6328745800818,324,19,-1.6,0.0039,1.462,0.91375,19.5831735104786,0.342178908197208,52
W:36_L:9_NM:19_T:-1.6,36,9,19.975,36.6328745800818,324,19,-1.6,0.0039,1.47,0.91875,19.5370669584775,0.344600872251281,52
W:36_L:9_NM:19_T:-1.6,36,9,19.975,36.6328745800818,324,19,-1.6,0.0039,1.477,0.923125,19.5281782088018,0.34659134209154,52
W:36_L:9_NM:19_T:-1.6,36,9,19.975,36.6328745800818,324,19,-1.6,0.0039,1.485,0.928125,19.5300583712843,0.34949053468537,52
W:36_L:9_NM:19_T:-1.6,36,9,19.975,36.6328745800818,324,19,-1.6,0.0039,1.492,0.9325,19.4683760834902,0.355572490021152,52
W:36_L:9_NM:19_T:-1.6,36,9,19.975,36.6328745800818,324,19,-1.6,0.0039,1.5,0.9375,19.2752857612259,0.374657838360336,52
W:14_L:5_NM:4_T:-0.79,14,5,12.735,17.1559632489697,70,4,-0.79,0.1,-1.5,-1.89873417721519,5.40455337890347,0.41468378507477,16
W:14_L:5_NM:4_T:-0.79,14,5,12.735,17.1559632489697,70,4,-0.79,0.1,-1.492,-1.88860759493671,5.32999299264256,0.414072220469826,16
W:14_L:5_NM:4_T:-0.79,14,5,12.735,17.1559632489697,70,4,-0.79,0.1,-1.485,-1.87974683544304,5.27054741828541,0.414485373479755,16
W:14_L:5_NM:4_T:-0.79,14,5,12.735,17.1559632489697,70,4,-0.79,0.1,-1.477,-1.86962025316456,5.21192701982666,0.416229201982812,16
W:14_L:5_NM:4_T:-0.79,14,5,12.735,17.1559632489697,70,4,-0.79,0.1,-1.47,-1.86075949367089,5.17177853256321,0.419068321368446,16
W:14_L:5_NM:4_T:-0.79,14,5,12.735,17.1559632489697,70,4,-0.79,0.1,-1.462,-1.85063291139241,5.14555901628223,0.424063958268318,16
W:14_L:5_NM:4_T:-0.79,14,5,12.735,17.1559632489697,70,4,-0.79,0.1,-1.455,-1.84177215189873,5.15009354879319,0.430102249928331,16
W:14_L:5_NM:4_T:-0.79,14,5,12.735,17.1559632489697,70,4,-0.79,0.1,-1.447,-1.83164556962025,5.20669495445888,0.438597562223895,16
W:14_L:5_NM:4_T:-0.79,14,5,12.735,17.1559632489697,70,4,-0.79,0.1,-1.44,-1.82278481012658,5.32203675460839,0.446535443835972,16
W:14_L:5_NM:4_T:-0.79,14,5,12.735,17.1559632489697,70,4,-0.79,0.1,-1.432,-1.8126582278481,5.53684018107439,0.454755158340563,16
W:14_L:5_NM:4_T:-0.79,14,5,12.735,17.1559632489697,70,4,-0.79,0.1,-1.425,-1.80379746835443,5.76856348017525,0.463449003912605,16
W:14_L:5_NM:4_T:-0.79,14,5,12.735,17.1559632489697,70,4,-0.79,0.1,-1.417,-1.79367088607595,6.30862668582906,0.525660888632728,20
W:14_L:5_NM:4_T:-0.79,14,5,12.735,17.1559632489697,70,4,-0.79,0.1,-1.41,-1.78481012658228,6.53329381875442,0.531333538614201,20
W:14_L:5_NM:4_T:-0.79,14,5,12.735,17.1559632489697,70,4,-0.79,0.1,-1.402,-1.7746835443038,6.6845117974899,0.528570661095028,20
W:14_L:5_NM:4_T:-0.79,14,5,12.735,17.1559632489697,70,4,-0.79,0.1,-1.395,-1.76582278481013,6.7886266433945,0.525197452241208,20
W:14_L:5_NM:4_T:-0.79,14,5,12.735,17.1559632489697,70,4,-0.79,0.1,-1.387,-1.75569620253165,6.89101988268315,0.52192924063269,20
W:14_L:5_NM:4_T:-0.79,14,5,12.735,17.1559632489697,70,4,-0.79,0.1,-1.38,-1.74683544303797,6.97449068205668,0.5201642915241,20
W:14_L:5_NM:4_T:-0.79,14,5,12.735,17.1559632489697,70,4,-0.79,0.1,-1.372,-1.73670886075949,7.0676955783903,0.519567802870422,20
W:14_L:5_NM:4_T:-0.79,14,5,12.735,17.1559632489697,70,4,-0.79,0.1,-1.365,-1.72784810126582,7.14910994971442,0.520155723940501,20
W:14_L:5_NM:4_T:-0.79,14,5,12.735,17.1559632489697,70,4,-0.79,0.1,-1.357,-1.71772151898734,7.2431443336069,0.521720383698038,20
W:14_L:5_NM:4_T:-0.79,14,5,12.735,17.1559632489697,70,4,-0.79,0.1,-1.35,-1.70886075949367,7.32516622669845,0.5231852754703,20
W:14_L:5_NM:4_T:-0.79,14,5,12.735,17.1559632489697,70,4,-0.79,0.1,-1.342,-1.69873417721519,7.41587116542064,0.52417904934567,20
W:14_L:5_NM:4_T:-0.79,14,5,12.735,17.1559632489697,70,4,-0.79,0.1,-1.335,-1.68987341772152,7.48845349053753,0.523659414114052,20
W:14_L:5_NM:4_T:-0.79,14,5,12.735,17.1559632489697,70,4,-0.79,0.1,-1.327,-1.67974683544304,7.55842944771966,0.520895751097338,20
W:14_L:5_NM:4_T:-0.79,14,5,12.735,17.1559632489697,70,4,-0.79,0.1,-1.32,-1.67088607594937,7.6054076824211,0.516555750945866,20
W:14_L:5_NM:4_T:-0.79,14,5,12.735,17.1559632489697,70,4,-0.79,0.1,-1.312,-1.66075949367089,7.64175417620366,0.509886326672781,20
W:14_L:5_NM:4_T:-0.79,14,5,12.735,17.1559632489697,70,4,-0.79,0.1,-1.305,-1.65189873417722,7.65990319808815,0.503180677661968,20
W:14_L:5_NM:4_T:-0.79,14,5,12.735,17.1559632489697,70,4,-0.79,0.1,-1.297,-1.64177215189873,7.66740859730055,0.495267536058725,20
W:14_L:5_NM:4_T:-0.79,14,5,12.735,17.1559632489697,70,4,-0.79,0.1,-1.289,-1.63164556962025,7.66474126377266,0.487694969059748,20
W:14_L:5_NM:4_T:-0.79,14,5,12.735,17.1559632489697,70,4,-0.79,0.1,-1.282,-1.62278481012658,7.6561827937265,0.481623916809948,20
W:14_L:5_NM:4_T:-0.79,14,5,12.735,17.1559632489697,70,4,-0.79,0.1,-1.274,-1.6126582278481,7.64120471928591,0.475456778836092,20
W:14_L:5_NM:4_T:-0.79,14,5,12.735,17.1559632489697,70,4,-0.79,0.1,-1.267,-1.60379746835443,7.62414686178158,0.470742883518787,20
W:14_L:5_NM:4_T:-0.79,14,5,12.735,17.1559632489697,70,4,-0.79,0.1,-1.259,-1.59367088607595,7.60122443347412,0.466095391445047,20
W:14_L:5_NM:4_T:-0.79,14,5,12.735,17.1559632489697,70,4,-0.79,0.1,-1.252,-1.58481012658228,7.57896546716234,0.462627337511673,20
W:14_L:5_NM:4_T:-0.79,14,5,12.735,17.1559632489697,70,4,-0.79,0.1,-1.244,-1.5746835443038,7.55061068079571,0.459271769917214,20
W:14_L:5_NM:4_T:-0.79,14,5,12.735,17.1559632489697,70,4,-0.79,0.1,-1.237,-1.56582278481013,7.52423222695138,0.45683424571216,20
W:14_L:5_NM:4_T:-0.79,14,5,12.735,17.1559632489697,70,4,-0.79,0.1,-1.229,-1.55569620253165,7.49232992329815,0.454577660065085,20
W:14_L:5_NM:4_T:-0.79,14,5,12.735,17.1559632489697,70,4,-0.79,0.1,-1.222,-1.54683544303797,7.46326075983481,0.453057512205269,20
W:14_L:5_NM:4_T:-0.79,14,5,12.735,17.1559632489697,70,4,-0.79,0.1,-1.214,-1.53670886075949,7.42921663291964,0.451858947746136,20
W:14_L:5_NM:4_T:-0.79,14,5,12.735,17.1559632489697,70,4,-0.79,0.1,-1.207,-1.52784810126582,7.39908082899649,0.451321942325035,20
W:14_L:5_NM:4_T:-0.79,14,5,12.735,17.1559632489697,70,4,-0.79,0.1,-1.199,-1.51772151898734,7.36405637827421,0.451366178019686,20
W:14_L:5_NM:4_T:-0.79,14,5,12.735,17.1559632489697,70,4,-0.79,0.1,-1.192,-1.50886075949367,7.33366750235736,0.452119771562252,20
W:14_L:5_NM:4_T:-0.79,14,5,12.735,17.1559632489697,70,4,-0.79,0.1,-1.184,-1.49873417721519,7.2987380429677,0.454010234287846,20
W:14_L:5_NM:4_T:-0.79,14,5,12.735,17.1559632489697,70,4,-0.79,0.1,-1.177,-1.48987341772152,7.26870280847725,0.45688726813908,20
W:14_L:5_NM:4_T:-0.79,14,5,12.735,17.1559632489697,70,4,-0.79,0.1,-1.169,-1.47974683544304,7.23408497818953,0.462179986507798,20
W:14_L:5_NM:4_T:-0.79,14,5,12.735,17.1559632489697,70,4,-0.79,0.1,-1.162,-1.47088607594937,7.20389648774813,0.469482247700489,20
W:14_L:5_NM:4_T:-0.79,14,5,12.735,17.1559632489697,70,4,-0.79,0.1,-1.154,-1.46075949367089,7.1693532534389,0.482922892368167,20
W:14_L:5_NM:4_T:-0.79,14,5,12.735,17.1559632489697,70,4,-0.79,0.1,-1.147,-1.45189873417722,7.14077079419829,0.50262563069912,20
W:14_L:5_NM:4_T:-0.79,14,5,12.735,17.1559632489697,70,4,-0.79,0.1,-1.139,-1.44177215189873,7.12098531550722,0.542893851427586,20
W:14_L:5_NM:4_T:-0.79,14,5,12.735,17.1559632489697,70,4,-0.79,0.1,-1.132,-1.43291139240506,7.16443042695212,0.603957896181366,20
W:14_L:5_NM:4_T:-0.79,14,5,12.735,17.1559632489697,70,4,-0.79,0.1,-1.124,-1.42278481012658,7.44721646607021,0.665909303130054,20
W:14_L:5_NM:4_T:-0.79,14,5,12.735,17.1559632489697,70,4,-0.79,0.1,-1.117,-1.41392405063291,8.09492412378665,0.68400134007111,24
W:14_L:5_NM:4_T:-0.79,14,5,12.735,17.1559632489697,70,4,-0.79,0.1,-1.109,-1.40379746835443,8.37610808651808,0.679155353239309,24
W:14_L:5_NM:4_T:-0.79,14,5,12.735,17.1559632489697,70,4,-0.79,0.1,-1.102,-1.39493670886076,8.49524832667422,0.668384677153635,24
W:14_L:5_NM:4_T:-0.79,14,5,12.735,17.1559632489697,70,4,-0.79,0.1,-1.094,-1.38481012658228,8.60379137558223,0.655089858760906,24
W:14_L:5_NM:4_T:-0.79,14,5,12.735,17.1559632489697,70,4,-0.79,0.1,-1.086,-1.3746835443038,8.70010066457742,0.642177884720255,24
W:14_L:5_NM:4_T:-0.79,14,5,12.735,17.1559632489697,70,4,-0.79,0.1,-1.079,-1.36582278481013,8.77650224770421,0.631661912371836,24
W:14_L:5_NM:4_T:-0.79,14,5,12.735,17.1559632489697,70,4,-0.79,0.1,-1.071,-1.35569620253165,8.85526179863124,0.620839855904582,24
W:14_L:5_NM:4_T:-0.79,14,5,12.735,17.1559632489697,70,4,-0.79,0.1,-1.064,-1.34683544303797,8.91600382158951,0.612551479002217,24
W:14_L:5_NM:4_T:-0.79,14,5,12.735,17.1559632489697,70,4,-0.79,0.1,-1.056,-1.33670886075949,8.97602581795658,0.604509163837495,24
W:14_L:5_NM:4_T:-0.79,14,5,12.735,17.1559632489697,70,4,-0.79,0.1,-1.049,-1.32784810126582,9.01999650850488,0.598710675778706,24
W:14_L:5_NM:4_T:-0.79,14,5,12.735,17.1559632489697,70,4,-0.79,0.1,-1.041,-1.31772151898734,9.06038482039651,0.593493040206932,24
W:14_L:5_NM:4_T:-0.79,14,5,12.735,17.1559632489697,70,4,-0.79,0.1,-1.034,-1.30886075949367,9.08729799132571,0.590116238838711,24
W:14_L:5_NM:4_T:-0.79,14,5,12.735,17.1559632489697,70,4,-0.79,0.1,-1.026,-1.29873417721519,9.10951941947157,0.587626410214185,24
W:14_L:5_NM:4_T:-0.79,14,5,12.735,17.1559632489697,70,4,-0.79,0.1,-1.019,-1.28987341772152,9.12189787356608,0.58663100207763,24
W:14_L:5_NM:4_T:-0.79,14,5,12.735,17.1559632489697,70,4,-0.79,0.1,-1.011,-1.27974683544304,9.12869386194602,0.586862410019867,24
W:14_L:5_NM:4_T:-0.79,14,5,12.735,17.1559632489697,70,4,-0.79,0.1,-1.004,-1.27088607594937,9.12878869921775,0.588285845752546,24
W:14_L:5_NM:4_T:-0.79,14,5,12.735,17.1559632489697,70,4,-0.79,0.1,-0.996,-1.26075949367089,9.12286423673958,0.591339904396072,24
W:14_L:5_NM:4_T:-0.79,14,5,12.735,17.1559632489697,70,4,-0.79,0.1,-0.989,-1.25189873417722,9.11344136832302,0.595270232806426,24
W:14_L:5_NM:4_T:-0.79,14,5,12.735,17.1559632489697,70,4,-0.79,0.1,-0.981,-1.24177215189873,9.09933667785405,0.601146218684725,24
W:14_L:5_NM:4_T:-0.79,14,5,12.735,17.1559632489697,70,4,-0.79,0.1,-0.974,-1.23291139240506,9.08696782698517,0.607342189802958,24
W:14_L:5_NM:4_T:-0.79,14,5,12.735,17.1559632489697,70,4,-0.79,0.1,-0.966,-1.22278481012658,9.07512083116969,0.615249115308781,24
W:14_L:5_NM:4_T:-0.79,14,5,12.735,17.1559632489697,70,4,-0.79,0.1,-0.959,-1.21392405063291,9.07054593392562,0.622437236060481,24
W:14_L:5_NM:4_T:-0.79,14,5,12.735,17.1559632489697,70,4,-0.79,0.1,-0.951,-1.20379746835443,9.07598544025446,0.630294031958674,24
W:14_L:5_NM:4_T:-0.79,14,5,12.735,17.1559632489697,70,4,-0.79,0.1,-0.944,-1.19493670886076,9.09293777775332,0.636295280367972,24
W:14_L:5_NM:4_T:-0.79,14,5,12.735,17.1559632489697,70,4,-0.79,0.1,-0.936,-1.18481012658228,9.12449621469967,0.641989503639847,24
W:14_L:5_NM:4_T:-0.79,14,5,12.735,17.1559632489697,70,4,-0.79,0.1,-0.929,-1.17594936708861,9.15991683760083,0.646101608603369,24
W:14_L:5_NM:4_T:-0.79,14,5,12.735,17.1559632489697,70,4,-0.79,0.1,-0.921,-1.16582278481013,9.20529872391435,0.650731810208859,24
W:14_L:5_NM:4_T:-0.79,14,5,12.735,17.1559632489697,70,4,-0.79,0.1,-0.914,-1.15696202531646,9.24275501255091,0.655714717357688,24
W:14_L:5_NM:4_T:-0.79,14,5,12.735,17.1559632489697,70,4,-0.79,0.1,-0.906,-1.14683544303797,9.27417541077943,0.664129785971959,24
W:14_L:5_NM:4_T:-0.79,14,5,12.735,17.1559632489697,70,4,-0.79,0.1,-0.898,-1.13670886075949,9.27989163610485,0.678126460077315,24
W:14_L:5_NM:4_T:-0.79,14,5,12.735,17.1559632489697,70,4,-0.79,0.1,-0.891,-1.12784810126582,9.24367637048874,0.700948969751599,24
W:14_L:5_NM:4_T:-0.79,14,5,12.735,17.1559632489697,70,4,-0.79,0.1,-0.883,-1.11772151898734,9.03789163544067,0.772798522133708,28
W:14_L:5_NM:4_T:-0.79,14,5,12.735,17.1559632489697,70,4,-0.79,0.1,-0.876,-1.10886075949367,9.71051069202993,0.802445313294737,28
W:14_L:5_NM:4_T:-0.79,14,5,12.735,17.1559632489697,70,4,-0.79,0.1,-0.868,-1.09873417721519,9.84764983180061,0.81066157345372,28
W:14_L:5_NM:4_T:-0.79,14,5,12.735,17.1559632489697,70,4,-0.79,0.1,-0.861,-1.08987341772152,9.90438356388034,0.818077270178638,28
W:14_L:5_NM:4_T:-0.79,14,5,12.735,17.1559632489697,70,4,-0.79,0.1,-0.853,-1.07974683544304,9.94234489601907,0.827010887444506,28
W:14_L:5_NM:4_T:-0.79,14,5,12.735,17.1559632489697,70,4,-0.79,0.1,-0.846,-1.07088607594937,9.96244250580218,0.835510320872323,28
W:14_L:5_NM:4_T:-0.79,14,5,12.735,17.1559632489697,70,4,-0.79,0.1,-0.838,-1.06075949367089,9.97386153063418,0.846315475402259,28
W:14_L:5_NM:4_T:-0.79,14,5,12.735,17.1559632489697,70,4,-0.79,0.1,-0.831,-1.05189873417722,9.97302515445556,0.856684436937086,28
W:14_L:5_NM:4_T:-0.79,14,5,12.735,17.1559632489697,70,4,-0.79,0.1,-0.823,-1.04177215189873,9.95801770470066,0.869989528997288,28
W:14_L:5_NM:4_T:-0.79,14,5,12.735,17.1559632489697,70,4,-0.79,0.1,-0.816,-1.03291139240506,9.93382583533034,0.883333911927361,28
W:14_L:5_NM:4_T:-0.79,14,5,12.735,17.1559632489697,70,4,-0.79,0.1,-0.808,-1.02278481012658,9.88865072467741,0.901655967580584,28
W:14_L:5_NM:4_T:-0.79,14,5,12.735,17.1559632489697,70,4,-0.79,0.1,-0.801,-1.01392405063291,9.81153756652523,0.921090627251145,28
W:14_L:5_NM:4_T:-0.79,14,5,12.735,17.1559632489697,70,4,-0.79,0.1,-0.793,-1.00379746835443,9.63411959027857,0.950805779180472,28
W:14_L:5_NM:4_T:-0.79,14,5,12.735,17.1559632489697,70,4,-0.79,0.1,-0.786,-0.99493670886076,9.51638830110919,1.00280527274722,28
W:14_L:5_NM:4_T:-0.79,14,5,12.735,17.1559632489697,70,4,-0.79,0.1,-0.778,-0.984810126582279,8.77225134222748,1.17539796163038,28
W:14_L:5_NM:4_T:-0.79,14,5,12.735,17.1559632489697,70,4,-0.79,0.1,-0.771,-0.975949367088608,7.07297951873424,1.0136091388733,24
W:14_L:5_NM:4_T:-0.79,14,5,12.735,17.1559632489697,70,4,-0.79,0.1,-0.763,-0.965822784810127,6.56816523488247,0.772957299085506,20
W:14_L:5_NM:4_T:-0.79,14,5,12.735,17.1559632489697,70,4,-0.79,0.1,-0.756,-0.956962025316456,6.61835999719986,0.673860547369619,20
W:14_L:5_NM:4_T:-0.79,14,5,12.735,17.1559632489697,70,4,-0.79,0.1,-0.748,-0.946835443037975,6.66096521590512,0.623668898322467,20
W:14_L:5_NM:4_T:-0.79,14,5,12.735,17.1559632489697,70,4,-0.79,0.1,-0.741,-0.937974683544304,6.66745354198764,0.598949235506502,20
W:14_L:5_NM:4_T:-0.79,14,5,12.735,17.1559632489697,70,4,-0.79,0.1,-0.733,-0.927848101265823,6.64949247734098,0.580206819119319,20
W:14_L:5_NM:4_T:-0.79,14,5,12.735,17.1559632489697,70,4,-0.79,0.1,-0.726,-0.918987341772152,6.61561238313187,0.568496296869724,20
W:14_L:5_NM:4_T:-0.79,14,5,12.735,17.1559632489697,70,4,-0.79,0.1,-0.718,-0.908860759493671,6.55926750536093,0.558365948299791,20
W:14_L:5_NM:4_T:-0.79,14,5,12.735,17.1559632489697,70,4,-0.79,0.1,-0.711,-0.9,6.4954196687306,0.551777613383322,20
W:14_L:5_NM:4_T:-0.79,14,5,12.735,17.1559632489697,70,4,-0.79,0.1,-0.703,-0.889873417721519,6.40555643854618,0.546137438538052,20
W:14_L:5_NM:4_T:-0.79,14,5,12.735,17.1559632489697,70,4,-0.79,0.1,-0.695,-0.879746835443038,6.29324968585317,0.54233696740233,20
W:14_L:5_NM:4_T:-0.79,14,5,12.735,17.1559632489697,70,4,-0.79,0.1,-0.688,-0.870886075949367,6.17077246902097,0.54022120420959,20
W:14_L:5_NM:4_T:-0.79,14,5,12.735,17.1559632489697,70,4,-0.79,0.1,-0.68,-0.860759493670886,5.98741080073489,0.538971739700164,20
W:14_L:5_NM:4_T:-0.79,14,5,12.735,17.1559632489697,70,4,-0.79,0.1,-0.673,-0.851898734177215,5.76011172623046,0.538557514275573,20
W:14_L:5_NM:4_T:-0.79,14,5,12.735,17.1559632489697,70,4,-0.79,0.1,-0.665,-0.841772151898734,5.2487353638563,0.534024673275614,20
W:14_L:5_NM:4_T:-0.79,14,5,12.735,17.1559632489697,70,4,-0.79,0.1,-0.658,-0.832911392405063,4.73272718048964,0.480836375665916,18
W:14_L:5_NM:4_T:-0.79,14,5,12.735,17.1559632489697,70,4,-0.79,0.1,-0.65,-0.822784810126582,4.50883622765706,0.467217083439679,16
W:14_L:5_NM:4_T:-0.79,14,5,12.735,17.1559632489697,70,4,-0.79,0.1,-0.643,-0.813924050632911,4.05030161775329,0.468945666365513,16
W:14_L:5_NM:4_T:-0.79,14,5,12.735,17.1559632489697,70,4,-0.79,0.1,-0.635,-0.80379746835443,3.75903378931081,0.49865143708678,12
W:14_L:5_NM:4_T:-0.79,14,5,12.735,17.1559632489697,70,4,-0.79,0.1,-0.628,-0.79493670886076,3.54979893200812,0.483767947128723,12
W:14_L:5_NM:4_T:-0.79,14,5,12.735,17.1559632489697,70,4,-0.79,0.1,-0.62,-0.784810126582278,3.56735939726829,0.432474321803185,12
W:14_L:5_NM:4_T:-0.79,14,5,12.735,17.1559632489697,70,4,-0.79,0.1,-0.613,-0.775949367088608,3.68702173500139,0.393270278629846,12
W:14_L:5_NM:4_T:-0.79,14,5,12.735,17.1559632489697,70,4,-0.79,0.1,-0.605,-0.765822784810127,3.82660901843767,0.362832173544878,12
W:14_L:5_NM:4_T:-0.79,14,5,12.735,17.1559632489697,70,4,-0.79,0.1,-0.598,-0.756962025316456,3.92890074141998,0.345121099997861,12
W:14_L:5_NM:4_T:-0.79,14,5,12.735,17.1559632489697,70,4,-0.79,0.1,-0.59,-0.746835443037975,4.0232981526077,0.331259692111599,12
W:14_L:5_NM:4_T:-0.79,14,5,12.735,17.1559632489697,70,4,-0.79,0.1,-0.583,-0.737974683544304,4.09057510696828,0.322740988320557,12
W:14_L:5_NM:4_T:-0.79,14,5,12.735,17.1559632489697,70,4,-0.79,0.1,-0.575,-0.727848101265823,4.15449628093452,0.3156716255247,12
W:14_L:5_NM:4_T:-0.79,14,5,12.735,17.1559632489697,70,4,-0.79,0.1,-0.568,-0.718987341772152,4.20202056326498,0.311268488998162,12
W:14_L:5_NM:4_T:-0.79,14,5,12.735,17.1559632489697,70,4,-0.79,0.1,-0.56,-0.708860759493671,4.24891748069606,0.307709177655214,12
W:14_L:5_NM:4_T:-0.79,14,5,12.735,17.1559632489697,70,4,-0.79,0.1,-0.553,-0.7,4.28490870328135,0.305696108203434,12
W:14_L:5_NM:4_T:-0.79,14,5,12.735,17.1559632489697,70,4,-0.79,0.1,-0.545,-0.689873417721519,4.3213612601017,0.304448435570711,12
W:14_L:5_NM:4_T:-0.79,14,5,12.735,17.1559632489697,70,4,-0.79,0.1,-0.538,-0.681012658227848,4.34961776674064,0.304170253850021,12
W:14_L:5_NM:4_T:-0.79,14,5,12.735,17.1559632489697,70,4,-0.79,0.1,-0.53,-0.670886075949367,4.37830091707028,0.304791233665672,12
W:14_L:5_NM:4_T:-0.79,14,5,12.735,17.1559632489697,70,4,-0.79,0.1,-0.523,-0.662025316455696,4.40024846169254,0.306148538380387,12
W:14_L:5_NM:4_T:-0.79,14,5,12.735,17.1559632489697,70,4,-0.79,0.1,-0.515,-0.651898734177215,4.42113422932477,0.308675534824453,12
W:14_L:5_NM:4_T:-0.79,14,5,12.735,17.1559632489697,70,4,-0.79,0.1,-0.508,-0.643037974683544,4.4352785031465,0.311859941737147,12
W:14_L:5_NM:4_T:-0.79,14,5,12.735,17.1559632489697,70,4,-0.79,0.1,-0.5,-0.632911392405063,4.44596307571478,0.316686993783987,12
W:14_L:5_NM:4_T:-0.79,14,5,12.735,17.1559632489697,70,4,-0.79,0.1,-0.492,-0.622784810126582,4.44816505635313,0.323155318887498,12
W:14_L:5_NM:4_T:-0.79,14,5,12.735,17.1559632489697,70,4,-0.79,0.1,-0.485,-0.613924050632911,4.44098780951221,0.330413604881831,12
W:14_L:5_NM:4_T:-0.79,14,5,12.735,17.1559632489697,70,4,-0.79,0.1,-0.477,-0.60379746835443,4.41668294329796,0.34123071026682,12
W:14_L:5_NM:4_T:-0.79,14,5,12.735,17.1559632489697,70,4,-0.79,0.1,-0.47,-0.594936708860759,4.37513536529379,0.353526427211932,12
W:14_L:5_NM:4_T:-0.79,14,5,12.735,17.1559632489697,70,4,-0.79,0.1,-0.462,-0.584810126582279,4.28329752143821,0.373021955457306,12
W:14_L:5_NM:4_T:-0.79,14,5,12.735,17.1559632489697,70,4,-0.79,0.1,-0.455,-0.575949367088608,4.12296399610507,0.398377304726549,12
W:14_L:5_NM:4_T:-0.79,14,5,12.735,17.1559632489697,70,4,-0.79,0.1,-0.447,-0.565822784810127,3.63925434983554,0.448852226799892,12
W:14_L:5_NM:4_T:-0.79,14,5,12.735,17.1559632489697,70,4,-0.79,0.1,-0.44,-0.556962025316456,2.48595634041774,0.624802159315857,12
W:14_L:5_NM:4_T:-0.79,14,5,12.735,17.1559632489697,70,4,-0.79,0.1,-0.432,-0.546835443037975,2.20412847203033,0.367909648842897,8
W:14_L:5_NM:4_T:-0.79,14,5,12.735,17.1559632489697,70,4,-0.79,0.1,-0.425,-0.537974683544304,1.81319520866755,0.328126866999472,8
W:14_L:5_NM:4_T:-0.79,14,5,12.735,17.1559632489697,70,4,-0.79,0.1,-0.417,-0.527848101265823,1.2214418742434,0.262726504319839,6
W:14_L:5_NM:4_T:-0.79,14,5,12.735,17.1559632489697,70,4,-0.79,0.1,-0.41,-0.518987341772152,0.582099002334485,1.87206250795206,4
W:14_L:5_NM:4_T:-0.79,14,5,12.735,17.1559632489697,70,4,-0.79,0.1,-0.402,-0.508860759493671,1.45913347364759,0.177371853817178,4
W:14_L:5_NM:4_T:-0.79,14,5,12.735,17.1559632489697,70,4,-0.79,0.1,-0.395,-0.5,1.55030577003709,0.13202125257537,4
W:14_L:5_NM:4_T:-0.79,14,5,12.735,17.1559632489697,70,4,-0.79,0.1,-0.387,-0.489873417721519,1.60916231556679,0.117046916266869,4
W:14_L:5_NM:4_T:-0.79,14,5,12.735,17.1559632489697,70,4,-0.79,0.1,-0.38,-0.481012658227848,1.64705856100514,0.110878644269956,4
W:14_L:5_NM:4_T:-0.79,14,5,12.735,17.1559632489697,70,4,-0.79,0.1,-0.372,-0.470886075949367,1.68248765025629,0.106807186461143,4
W:14_L:5_NM:4_T:-0.79,14,5,12.735,17.1559632489697,70,4,-0.79,0.1,-0.365,-0.462025316455696,1.7094500504296,0.104569624692024,4
W:14_L:5_NM:4_T:-0.79,14,5,12.735,17.1559632489697,70,4,-0.79,0.1,-0.357,-0.451898734177215,1.73735708860481,0.102907589673736,4
W:14_L:5_NM:4_T:-0.79,14,5,12.735,17.1559632489697,70,4,-0.79,0.1,-0.35,-0.443037974683544,1.76003259617386,0.101986016194205,4
W:14_L:5_NM:4_T:-0.79,14,5,12.735,17.1559632489697,70,4,-0.79,0.1,-0.342,-0.432911392405063,1.78452910642935,0.101392257497091,4
W:14_L:5_NM:4_T:-0.79,14,5,12.735,17.1559632489697,70,4,-0.79,0.1,-0.335,-0.424050632911392,1.80504254311212,0.101184329665021,4
W:14_L:5_NM:4_T:-0.79,14,5,12.735,17.1559632489697,70,4,-0.79,0.1,-0.327,-0.413924050632911,1.82759233795479,0.101281075420283,4
W:14_L:5_NM:4_T:-0.79,14,5,12.735,17.1559632489697,70,4,-0.79,0.1,-0.32,-0.405063291139241,1.84662506911953,0.101641639128737,4
W:14_L:5_NM:4_T:-0.79,14,5,12.735,17.1559632489697,70,4,-0.79,0.1,-0.312,-0.39493670886076,1.86749506052418,0.102392229283344,4
W:14_L:5_NM:4_T:-0.79,14,5,12.735,17.1559632489697,70,4,-0.79,0.1,-0.305,-0.386075949367089,1.88497190031961,0.10335582939602,4
W:14_L:5_NM:4_T:-0.79,14,5,12.735,17.1559632489697,70,4,-0.79,0.1,-0.297,-0.375949367088608,1.90373066007954,0.104888617139833,4
W:14_L:5_NM:4_T:-0.79,14,5,12.735,17.1559632489697,70,4,-0.79,0.1,-0.289,-0.365822784810127,1.92079016977246,0.106963978999208,4
W:14_L:5_NM:4_T:-0.79,14,5,12.735,17.1559632489697,70,4,-0.79,0.1,-0.282,-0.356962025316456,1.93369405232259,0.109366499035712,4
W:14_L:5_NM:4_T:-0.79,14,5,12.735,17.1559632489697,70,4,-0.79,0.1,-0.274,-0.346835443037975,1.94512199919597,0.112915058357404,4
W:14_L:5_NM:4_T:-0.79,14,5,12.735,17.1559632489697,70,4,-0.79,0.1,-0.267,-0.337974683544304,1.95070545205795,0.117024604888315,4
W:14_L:5_NM:4_T:-0.79,14,5,12.735,17.1559632489697,70,4,-0.79,0.1,-0.259,-0.327848101265823,1.94930708027331,0.123237091494494,4
W:14_L:5_NM:4_T:-0.79,14,5,12.735,17.1559632489697,70,4,-0.79,0.1,-0.252,-0.318987341772152,1.93728837218857,0.130520009497135,4
W:14_L:5_NM:4_T:-0.79,14,5,12.735,17.1559632489697,70,4,-0.79,0.1,-0.244,-0.308860759493671,1.90423129329715,0.141631706071071,4
W:14_L:5_NM:4_T:-0.79,14,5,12.735,17.1559632489697,70,4,-0.79,0.1,-0.237,-0.3,1.84868264877082,0.154624561711987,4
W:14_L:5_NM:4_T:-0.79,14,5,12.735,17.1559632489697,70,4,-0.79,0.1,-0.229,-0.289873417721519,1.74025106191451,0.173748367602329,4
W:14_L:5_NM:4_T:-0.79,14,5,12.735,17.1559632489697,70,4,-0.79,0.1,-0.222,-0.281012658227848,1.59507482880934,0.193485189237062,4
W:14_L:5_NM:4_T:-0.79,14,5,12.735,17.1559632489697,70,4,-0.79,0.1,-0.214,-0.270886075949367,1.38212343424422,0.214415488085258,4
W:14_L:5_NM:4_T:-0.79,14,5,12.735,17.1559632489697,70,4,-0.79,0.1,-0.207,-0.262025316455696,1.20244279016324,0.22394807533736,4
W:14_L:5_NM:4_T:-0.79,14,5,12.735,17.1559632489697,70,4,-0.79,0.1,-0.199,-0.251898734177215,1.08785173804907,0.218295848122548,4
W:14_L:5_NM:4_T:-0.79,14,5,12.735,17.1559632489697,70,4,-0.79,0.1,-0.192,-0.243037974683544,1.09362622193635,0.202186768939372,4
W:14_L:5_NM:4_T:-0.79,14,5,12.735,17.1559632489697,70,4,-0.79,0.1,-0.184,-0.232911392405063,1.17948647500396,0.180505225331308,4
W:14_L:5_NM:4_T:-0.79,14,5,12.735,17.1559632489697,70,4,-0.79,0.1,-0.177,-0.224050632911392,1.27895891530345,0.163885148929217,4
W:14_L:5_NM:4_T:-0.79,14,5,12.735,17.1559632489697,70,4,-0.79,0.1,-0.169,-0.213924050632911,1.38905655266454,0.149465318611084,4
W:14_L:5_NM:4_T:-0.79,14,5,12.735,17.1559632489697,70,4,-0.79,0.1,-0.162,-0.205063291139241,1.47333868355472,0.14054031833085,4
W:14_L:5_NM:4_T:-0.79,14,5,12.735,17.1559632489697,70,4,-0.79,0.1,-0.154,-0.194936708860759,1.55342726137752,0.133698006187724,4
W:14_L:5_NM:4_T:-0.79,14,5,12.735,17.1559632489697,70,4,-0.79,0.1,-0.147,-0.186075949367089,1.61114600699159,0.129988078772763,4
W:14_L:5_NM:4_T:-0.79,14,5,12.735,17.1559632489697,70,4,-0.79,0.1,-0.139,-0.175949367088608,1.66561202850596,0.127782642523524,4
W:14_L:5_NM:4_T:-0.79,14,5,12.735,17.1559632489697,70,4,-0.79,0.1,-0.132,-0.167088607594937,1.70541604718771,0.127332351572878,4
W:14_L:5_NM:4_T:-0.79,14,5,12.735,17.1559632489697,70,4,-0.79,0.1,-0.124,-0.156962025316456,1.74344882176298,0.12839455457568,4
W:14_L:5_NM:4_T:-0.79,14,5,12.735,17.1559632489697,70,4,-0.79,0.1,-0.117,-0.148101265822785,1.77157631697084,0.130731831763502,4
W:14_L:5_NM:4_T:-0.79,14,5,12.735,17.1559632489697,70,4,-0.79,0.1,-0.109,-0.137974683544304,1.79925801066087,0.135244834095141,4
W:14_L:5_NM:4_T:-0.79,14,5,12.735,17.1559632489697,70,4,-0.79,0.1,-0.102,-0.129113924050633,1.8204898566024,0.141238971685811,4
W:14_L:5_NM:4_T:-0.79,14,5,12.735,17.1559632489697,70,4,-0.79,0.1,-0.094,-0.118987341772152,1.84234342904493,0.151419938162482,4
W:14_L:5_NM:4_T:-0.79,14,5,12.735,17.1559632489697,70,4,-0.79,0.1,-0.086,-0.108860759493671,1.86346454113439,0.167073723482816,4
W:14_L:5_NM:4_T:-0.79,14,5,12.735,17.1559632489697,70,4,-0.79,0.1,-0.079,-0.1,1.88311539870358,0.188369645560012,4
W:14_L:5_NM:4_T:-0.79,14,5,12.735,17.1559632489697,70,4,-0.79,0.1,-0.071,-0.089873417721519,1.91081694591434,0.227789703933312,4
W:14_L:5_NM:4_T:-0.79,14,5,12.735,17.1559632489697,70,4,-0.79,0.1,-0.064,-0.0810126582278481,1.9434361611086,0.280137367249772,4
W:14_L:5_NM:4_T:-0.79,14,5,12.735,17.1559632489697,70,4,-0.79,0.1,-0.056,-0.0708860759493671,1.98120119993482,0.334764559193695,4
W:14_L:5_NM:4_T:-0.79,14,5,12.735,17.1559632489697,70,4,-0.79,0.1,-0.049,-0.0620253164556962,1.99619130365801,0.347378442109311,4
W:14_L:5_NM:4_T:-0.79,14,5,12.735,17.1559632489697,70,4,-0.79,0.1,-0.041,-0.0518987341772152,1.99960581544924,0.347136454115222,4
W:14_L:5_NM:4_T:-0.79,14,5,12.735,17.1559632489697,70,4,-0.79,0.1,-0.034,-0.0430379746835443,1.99996381769447,0.353878482093847,4
W:14_L:5_NM:4_T:-0.79,14,5,12.735,17.1559632489697,70,4,-0.79,0.1,-0.026,-0.0329113924050633,1.99999465247295,0.36630735757136,4
W:14_L:5_NM:4_T:-0.79,14,5,12.735,17.1559632489697,70,4,-0.79,0.1,-0.019,-0.0240506329113924,1.99999803779601,0.369522021968387,4
W:14_L:5_NM:4_T:-0.79,14,5,12.735,17.1559632489697,70,4,-0.79,0.1,-0.011,-0.0139240506329114,1.99999933282186,0.365004805577351,4
W:14_L:5_NM:4_T:-0.79,14,5,12.735,17.1559632489697,70,4,-0.79,0.1,-0.004,-0.00506329113924051,1.99998985341877,0.361358514430186,4
W:14_L:5_NM:4_T:-0.79,14,5,12.735,17.1559632489697,70,4,-0.79,0.1,0.004,0.00506329113924051,1.99998985405856,0.361358512231531,4
W:14_L:5_NM:4_T:-0.79,14,5,12.735,17.1559632489697,70,4,-0.79,0.1,0.011,0.0139240506329114,1.99999933279613,0.365004792818838,4
W:14_L:5_NM:4_T:-0.79,14,5,12.735,17.1559632489697,70,4,-0.79,0.1,0.019,0.0240506329113924,1.99999803797744,0.369522017938049,4
W:14_L:5_NM:4_T:-0.79,14,5,12.735,17.1559632489697,70,4,-0.79,0.1,0.026,0.0329113924050633,1.99999465256993,0.366307381837797,4
W:14_L:5_NM:4_T:-0.79,14,5,12.735,17.1559632489697,70,4,-0.79,0.1,0.034,0.0430379746835443,1.99996381798798,0.353878511857303,4
W:14_L:5_NM:4_T:-0.79,14,5,12.735,17.1559632489697,70,4,-0.79,0.1,0.041,0.0518987341772152,1.99960581859908,0.347136461285205,4
W:14_L:5_NM:4_T:-0.79,14,5,12.735,17.1559632489697,70,4,-0.79,0.1,0.049,0.0620253164556962,1.99619132330701,0.34737843921855,4
W:14_L:5_NM:4_T:-0.79,14,5,12.735,17.1559632489697,70,4,-0.79,0.1,0.056,0.0708860759493671,1.98120127199573,0.334764645288313,4
W:14_L:5_NM:4_T:-0.79,14,5,12.735,17.1559632489697,70,4,-0.79,0.1,0.064,0.0810126582278481,1.94343626411624,0.280137530948655,4
W:14_L:5_NM:4_T:-0.79,14,5,12.735,17.1559632489697,70,4,-0.79,0.1,0.071,0.089873417721519,1.91081702579739,0.22778983247484,4
W:14_L:5_NM:4_T:-0.79,14,5,12.735,17.1559632489697,70,4,-0.79,0.1,0.079,0.1,1.88311545907179,0.188369720141921,4
W:14_L:5_NM:4_T:-0.79,14,5,12.735,17.1559632489697,70,4,-0.79,0.1,0.086,0.108860759493671,1.86346459379293,0.167073773125947,4
W:14_L:5_NM:4_T:-0.79,14,5,12.735,17.1559632489697,70,4,-0.79,0.1,0.094,0.118987341772152,1.84234347518434,0.151419968849887,4
W:14_L:5_NM:4_T:-0.79,14,5,12.735,17.1559632489697,70,4,-0.79,0.1,0.102,0.129113924050633,1.82048990712788,0.141238992913142,4
W:14_L:5_NM:4_T:-0.79,14,5,12.735,17.1559632489697,70,4,-0.79,0.1,0.109,0.137974683544304,1.79925806927121,0.135244848698625,4
W:14_L:5_NM:4_T:-0.79,14,5,12.735,17.1559632489697,70,4,-0.79,0.1,0.117,0.148101265822785,1.77157637995188,0.130731840818603,4
W:14_L:5_NM:4_T:-0.79,14,5,12.735,17.1559632489697,70,4,-0.79,0.1,0.124,0.156962025316456,1.74344889104191,0.128394559814751,4
W:14_L:5_NM:4_T:-0.79,14,5,12.735,17.1559632489697,70,4,-0.79,0.1,0.132,0.167088607594937,1.70541613204511,0.127332354057752,4
W:14_L:5_NM:4_T:-0.79,14,5,12.735,17.1559632489697,70,4,-0.79,0.1,0.139,0.175949367088608,1.66561214256755,0.127782640768365,4
W:14_L:5_NM:4_T:-0.79,14,5,12.735,17.1559632489697,70,4,-0.79,0.1,0.147,0.186075949367089,1.61114613604112,0.12998807316695,4
W:14_L:5_NM:4_T:-0.79,14,5,12.735,17.1559632489697,70,4,-0.79,0.1,0.154,0.194936708860759,1.55342739971867,0.133697997036926,4
W:14_L:5_NM:4_T:-0.79,14,5,12.735,17.1559632489697,70,4,-0.79,0.1,0.162,0.205063291139241,1.4733389245195,0.140540297725755,4
W:14_L:5_NM:4_T:-0.79,14,5,12.735,17.1559632489697,70,4,-0.79,0.1,0.169,0.213924050632911,1.3890567875718,0.149465292833942,4
W:14_L:5_NM:4_T:-0.79,14,5,12.735,17.1559632489697,70,4,-0.79,0.1,0.177,0.224050632911392,1.27895915157565,0.163885113074011,4
W:14_L:5_NM:4_T:-0.79,14,5,12.735,17.1559632489697,70,4,-0.79,0.1,0.184,0.232911392405063,1.17948670912435,0.180505180568925,4
W:14_L:5_NM:4_T:-0.79,14,5,12.735,17.1559632489697,70,4,-0.79,0.1,0.192,0.243037974683544,1.09362633467547,0.202186724798611,4
W:14_L:5_NM:4_T:-0.79,14,5,12.735,17.1559632489697,70,4,-0.79,0.1,0.199,0.251898734177215,1.08785164326622,0.218295821130942,4
W:14_L:5_NM:4_T:-0.79,14,5,12.735,17.1559632489697,70,4,-0.79,0.1,0.207,0.262025316455696,1.20244244005489,0.223948085516349,4
W:14_L:5_NM:4_T:-0.79,14,5,12.735,17.1559632489697,70,4,-0.79,0.1,0.214,0.270886075949367,1.38212298028547,0.214415525777028,4
W:14_L:5_NM:4_T:-0.79,14,5,12.735,17.1559632489697,70,4,-0.79,0.1,0.222,0.281012658227848,1.59507444423655,0.19348523645704,4
W:14_L:5_NM:4_T:-0.79,14,5,12.735,17.1559632489697,70,4,-0.79,0.1,0.229,0.289873417721519,1.74025077586469,0.173748413433076,4
W:14_L:5_NM:4_T:-0.79,14,5,12.735,17.1559632489697,70,4,-0.79,0.1,0.237,0.3,1.84868248528665,0.154624596774414,4
W:14_L:5_NM:4_T:-0.79,14,5,12.735,17.1559632489697,70,4,-0.79,0.1,0.244,0.308860759493671,1.90423120401211,0.141631733099895,4
W:14_L:5_NM:4_T:-0.79,14,5,12.735,17.1559632489697,70,4,-0.79,0.1,0.252,0.318987341772152,1.93728833414845,0.130520029855165,4
W:14_L:5_NM:4_T:-0.79,14,5,12.735,17.1559632489697,70,4,-0.79,0.1,0.259,0.327848101265823,1.94930706904916,0.123237108099871,4
W:14_L:5_NM:4_T:-0.79,14,5,12.735,17.1559632489697,70,4,-0.79,0.1,0.267,0.337974683544304,1.95070546116131,0.117024617727059,4
W:14_L:5_NM:4_T:-0.79,14,5,12.735,17.1559632489697,70,4,-0.79,0.1,0.274,0.346835443037975,1.94512202310987,0.112915067902597,4
W:14_L:5_NM:4_T:-0.79,14,5,12.735,17.1559632489697,70,4,-0.79,0.1,0.282,0.356962025316456,1.93369408345192,0.109366506170045,4
W:14_L:5_NM:4_T:-0.79,14,5,12.735,17.1559632489697,70,4,-0.79,0.1,0.289,0.365822784810127,1.92079020534271,0.106963984831753,4
W:14_L:5_NM:4_T:-0.79,14,5,12.735,17.1559632489697,70,4,-0.79,0.1,0.297,0.375949367088608,1.90373069948351,0.104888621426358,4
W:14_L:5_NM:4_T:-0.79,14,5,12.735,17.1559632489697,70,4,-0.79,0.1,0.305,0.386075949367089,1.88497194618537,0.10335583194773,4
W:14_L:5_NM:4_T:-0.79,14,5,12.735,17.1559632489697,70,4,-0.79,0.1,0.312,0.39493670886076,1.86749510353586,0.10239223203388,4
W:14_L:5_NM:4_T:-0.79,14,5,12.735,17.1559632489697,70,4,-0.79,0.1,0.32,0.405063291139241,1.84662511457363,0.101641641093005,4
W:14_L:5_NM:4_T:-0.79,14,5,12.735,17.1559632489697,70,4,-0.79,0.1,0.327,0.413924050632911,1.82759238580097,0.101281076036041,4
W:14_L:5_NM:4_T:-0.79,14,5,12.735,17.1559632489697,70,4,-0.79,0.1,0.335,0.424050632911392,1.80504259344496,0.101184329652924,4
W:14_L:5_NM:4_T:-0.79,14,5,12.735,17.1559632489697,70,4,-0.79,0.1,0.342,0.432911392405063,1.78452915760368,0.101392256764429,4
W:14_L:5_NM:4_T:-0.79,14,5,12.735,17.1559632489697,70,4,-0.79,0.1,0.35,0.443037974683544,1.76003264723997,0.101986014824477,4
W:14_L:5_NM:4_T:-0.79,14,5,12.735,17.1559632489697,70,4,-0.79,0.1,0.357,0.451898734177215,1.73735714318836,0.102907587012087,4
W:14_L:5_NM:4_T:-0.79,14,5,12.735,17.1559632489697,70,4,-0.79,0.1,0.365,0.462025316455696,1.70945011211161,0.104569620010267,4
W:14_L:5_NM:4_T:-0.79,14,5,12.735,17.1559632489697,70,4,-0.79,0.1,0.372,0.470886075949367,1.68248771953774,0.106807179337419,4
W:14_L:5_NM:4_T:-0.79,14,5,12.735,17.1559632489697,70,4,-0.79,0.1,0.38,0.481012658227848,1.6470586376993,0.110878633299117,4
W:14_L:5_NM:4_T:-0.79,14,5,12.735,17.1559632489697,70,4,-0.79,0.1,0.387,0.489873417721519,1.60916241443105,0.11704689586601,4
W:14_L:5_NM:4_T:-0.79,14,5,12.735,17.1559632489697,70,4,-0.79,0.1,0.395,0.5,1.55030592533956,0.132021198771354,4
W:14_L:5_NM:4_T:-0.79,14,5,12.735,17.1559632489697,70,4,-0.79,0.1,0.402,0.508860759493671,1.45913381686706,0.177371602657415,4
W:14_L:5_NM:4_T:-0.79,14,5,12.735,17.1559632489697,70,4,-0.79,0.1,0.41,0.518987341772152,0.582102341038476,1.87205179038412,4
W:14_L:5_NM:4_T:-0.79,14,5,12.735,17.1559632489697,70,4,-0.79,0.1,0.417,0.527848101265823,1.2214427371741,0.262726611790085,6
W:14_L:5_NM:4_T:-0.79,14,5,12.735,17.1559632489697,70,4,-0.79,0.1,0.425,0.537974683544304,1.81318827746183,0.328130437124414,8
W:14_L:5_NM:4_T:-0.79,14,5,12.735,17.1559632489697,70,4,-0.79,0.1,0.432,0.546835443037975,2.20412812004873,0.367909044643975,8
W:14_L:5_NM:4_T:-0.79,14,5,12.735,17.1559632489697,70,4,-0.79,0.1,0.44,0.556962025316456,2.48595292854787,0.624803545907077,12
W:14_L:5_NM:4_T:-0.79,14,5,12.735,17.1559632489697,70,4,-0.79,0.1,0.447,0.565822784810127,3.63925043771842,0.448852306692382,12
W:14_L:5_NM:4_T:-0.79,14,5,12.735,17.1559632489697,70,4,-0.79,0.1,0.455,0.575949367088608,4.12296327325903,0.398377393163026,12
W:14_L:5_NM:4_T:-0.79,14,5,12.735,17.1559632489697,70,4,-0.79,0.1,0.462,0.584810126582279,4.28329702141053,0.373022030826391,12
W:14_L:5_NM:4_T:-0.79,14,5,12.735,17.1559632489697,70,4,-0.79,0.1,0.47,0.594936708860759,4.37513513875516,0.353526470004042,12
W:14_L:5_NM:4_T:-0.79,14,5,12.735,17.1559632489697,70,4,-0.79,0.1,0.477,0.60379746835443,4.41668280046586,0.341230742532353,12
W:14_L:5_NM:4_T:-0.79,14,5,12.735,17.1559632489697,70,4,-0.79,0.1,0.485,0.613924050632911,4.44098777607364,0.330413620366806,12
W:14_L:5_NM:4_T:-0.79,14,5,12.735,17.1559632489697,70,4,-0.79,0.1,0.492,0.622784810126582,4.44816501247289,0.323155336336141,12
W:14_L:5_NM:4_T:-0.79,14,5,12.735,17.1559632489697,70,4,-0.79,0.1,0.5,0.632911392405063,4.44596305581377,0.316687007070313,12
W:14_L:5_NM:4_T:-0.79,14,5,12.735,17.1559632489697,70,4,-0.79,0.1,0.508,0.643037974683544,4.43527850179826,0.311859951384291,12
W:14_L:5_NM:4_T:-0.79,14,5,12.735,17.1559632489697,70,4,-0.79,0.1,0.515,0.651898734177215,4.42113424348202,0.308675541475611,12
W:14_L:5_NM:4_T:-0.79,14,5,12.735,17.1559632489697,70,4,-0.79,0.1,0.523,0.662025316455696,4.40024848658511,0.306148542591651,12
W:14_L:5_NM:4_T:-0.79,14,5,12.735,17.1559632489697,70,4,-0.79,0.1,0.53,0.670886075949367,4.37830094955152,0.304791235849735,12
W:14_L:5_NM:4_T:-0.79,14,5,12.735,17.1559632489697,70,4,-0.79,0.1,0.538,0.681012658227848,4.34961781135333,0.304170253907059,12
W:14_L:5_NM:4_T:-0.79,14,5,12.735,17.1559632489697,70,4,-0.79,0.1,0.545,0.689873417721519,4.32136130661857,0.304448432756576,12
W:14_L:5_NM:4_T:-0.79,14,5,12.735,17.1559632489697,70,4,-0.79,0.1,0.553,0.7,4.28490876763352,0.305696103756271,12
W:14_L:5_NM:4_T:-0.79,14,5,12.735,17.1559632489697,70,4,-0.79,0.1,0.56,0.708860759493671,4.24891755707281,0.307709171726282,12
W:14_L:5_NM:4_T:-0.79,14,5,12.735,17.1559632489697,70,4,-0.79,0.1,0.568,0.718987341772152,4.20202065054389,0.311268479365765,12
W:14_L:5_NM:4_T:-0.79,14,5,12.735,17.1559632489697,70,4,-0.79,0.1,0.575,0.727848101265823,4.15449638188994,0.315671611234716,12
W:14_L:5_NM:4_T:-0.79,14,5,12.735,17.1559632489697,70,4,-0.79,0.1,0.583,0.737974683544304,4.09057523624961,0.322740969362057,12
W:14_L:5_NM:4_T:-0.79,14,5,12.735,17.1559632489697,70,4,-0.79,0.1,0.59,0.746835443037975,4.02329831594488,0.331259665580466,12
W:14_L:5_NM:4_T:-0.79,14,5,12.735,17.1559632489697,70,4,-0.79,0.1,0.598,0.756962025316456,3.92890095519675,0.345121060809207,12
W:14_L:5_NM:4_T:-0.79,14,5,12.735,17.1559632489697,70,4,-0.79,0.1,0.605,0.765822784810127,3.82660929010743,0.36283211594302,12
W:14_L:5_NM:4_T:-0.79,14,5,12.735,17.1559632489697,70,4,-0.79,0.1,0.613,0.775949367088608,3.68702205620196,0.393270187906778,12
W:14_L:5_NM:4_T:-0.79,14,5,12.735,17.1559632489697,70,4,-0.79,0.1,0.62,0.784810126582278,3.5673596372337,0.432474194382276,12
W:14_L:5_NM:4_T:-0.79,14,5,12.735,17.1559632489697,70,4,-0.79,0.1,0.628,0.79493670886076,3.54979864239556,0.483767835065625,12
W:14_L:5_NM:4_T:-0.79,14,5,12.735,17.1559632489697,70,4,-0.79,0.1,0.635,0.80379746835443,3.75903298124416,0.498651458076879,12
W:14_L:5_NM:4_T:-0.79,14,5,12.735,17.1559632489697,70,4,-0.79,0.1,0.643,0.813924050632911,4.05030106409772,0.468945746364984,16
W:14_L:5_NM:4_T:-0.79,14,5,12.735,17.1559632489697,70,4,-0.79,0.1,0.65,0.822784810126582,4.50883315141844,0.467216970651415,16
W:14_L:5_NM:4_T:-0.79,14,5,12.735,17.1559632489697,70,4,-0.79,0.1,0.658,0.832911392405063,4.73272668722267,0.480836317907099,18
W:14_L:5_NM:4_T:-0.79,14,5,12.735,17.1559632489697,70,4,-0.79,0.1,0.665,0.841772151898734,5.24873643422415,0.534024872279576,20
W:14_L:5_NM:4_T:-0.79,14,5,12.735,17.1559632489697,70,4,-0.79,0.1,0.673,0.851898734177215,5.76011078778037,0.538557527175216,20
W:14_L:5_NM:4_T:-0.79,14,5,12.735,17.1559632489697,70,4,-0.79,0.1,0.68,0.860759493670886,5.98741027477655,0.5389717381929,20
W:14_L:5_NM:4_T:-0.79,14,5,12.735,17.1559632489697,70,4,-0.79,0.1,0.688,0.870886075949367,6.17077208259734,0.540221201463169,20
W:14_L:5_NM:4_T:-0.79,14,5,12.735,17.1559632489697,70,4,-0.79,0.1,0.695,0.879746835443038,6.29324935518352,0.542336960500665,20
W:14_L:5_NM:4_T:-0.79,14,5,12.735,17.1559632489697,70,4,-0.79,0.1,0.703,0.889873417721519,6.40555618146082,0.546137428475857,20
W:14_L:5_NM:4_T:-0.79,14,5,12.735,17.1559632489697,70,4,-0.79,0.1,0.711,0.9,6.49541944664674,0.551777597094421,20
W:14_L:5_NM:4_T:-0.79,14,5,12.735,17.1559632489697,70,4,-0.79,0.1,0.718,0.908860759493671,6.55926733501117,0.558365928567114,20
W:14_L:5_NM:4_T:-0.79,14,5,12.735,17.1559632489697,70,4,-0.79,0.1,0.726,0.918987341772152,6.61561224604023,0.568496270937473,20
W:14_L:5_NM:4_T:-0.79,14,5,12.735,17.1559632489697,70,4,-0.79,0.1,0.733,0.927848101265823,6.64949237424324,0.580206784753526,20
W:14_L:5_NM:4_T:-0.79,14,5,12.735,17.1559632489697,70,4,-0.79,0.1,0.741,0.937974683544304,6.66745352344364,0.598949184464578,20
W:14_L:5_NM:4_T:-0.79,14,5,12.735,17.1559632489697,70,4,-0.79,0.1,0.748,0.946835443037975,6.66096529283734,0.623668814268625,20
W:14_L:5_NM:4_T:-0.79,14,5,12.735,17.1559632489697,70,4,-0.79,0.1,0.756,0.956962025316456,6.61836018462628,0.67386038886487,20
W:14_L:5_NM:4_T:-0.79,14,5,12.735,17.1559632489697,70,4,-0.79,0.1,0.763,0.965822784810127,6.56816524064985,0.772956868208966,20
W:14_L:5_NM:4_T:-0.79,14,5,12.735,17.1559632489697,70,4,-0.79,0.1,0.771,0.975949367088608,7.07297600686794,1.01360825681534,24
W:14_L:5_NM:4_T:-0.79,14,5,12.735,17.1559632489697,70,4,-0.79,0.1,0.778,0.984810126582279,8.77224654228039,1.17539973983341,28
W:14_L:5_NM:4_T:-0.79,14,5,12.735,17.1559632489697,70,4,-0.79,0.1,0.786,0.99493670886076,9.51638487239962,1.00280508594468,28
W:14_L:5_NM:4_T:-0.79,14,5,12.735,17.1559632489697,70,4,-0.79,0.1,0.793,1.00379746835443,9.63412606844464,0.95080587205282,28
W:14_L:5_NM:4_T:-0.79,14,5,12.735,17.1559632489697,70,4,-0.79,0.1,0.801,1.01392405063291,9.81153575282305,0.921090593944425,28
W:14_L:5_NM:4_T:-0.79,14,5,12.735,17.1559632489697,70,4,-0.79,0.1,0.808,1.02278481012658,9.88865136296237,0.90165605474514,28
W:14_L:5_NM:4_T:-0.79,14,5,12.735,17.1559632489697,70,4,-0.79,0.1,0.816,1.03291139240506,9.93382549580967,0.88333393149628,28
W:14_L:5_NM:4_T:-0.79,14,5,12.735,17.1559632489697,70,4,-0.79,0.1,0.823,1.04177215189873,9.95801753710893,0.869989556011198,28
W:14_L:5_NM:4_T:-0.79,14,5,12.735,17.1559632489697,70,4,-0.79,0.1,0.831,1.05189873417722,9.97302498876138,0.856684459986083,28
W:14_L:5_NM:4_T:-0.79,14,5,12.735,17.1559632489697,70,4,-0.79,0.1,0.838,1.06075949367089,9.97386151593014,0.846315498799724,28
W:14_L:5_NM:4_T:-0.79,14,5,12.735,17.1559632489697,70,4,-0.79,0.1,0.846,1.07088607594937,9.96244260865442,0.83551034769455,28
W:14_L:5_NM:4_T:-0.79,14,5,12.735,17.1559632489697,70,4,-0.79,0.1,0.853,1.07974683544304,9.94234498725798,0.82701090980586,28
W:14_L:5_NM:4_T:-0.79,14,5,12.735,17.1559632489697,70,4,-0.79,0.1,0.861,1.08987341772152,9.90438369924413,0.818077290692869,28
W:14_L:5_NM:4_T:-0.79,14,5,12.735,17.1559632489697,70,4,-0.79,0.1,0.868,1.09873417721519,9.84765003228176,0.810661592090103,28
W:14_L:5_NM:4_T:-0.79,14,5,12.735,17.1559632489697,70,4,-0.79,0.1,0.876,1.10886075949367,9.71051126760609,0.802445331803306,28
W:14_L:5_NM:4_T:-0.79,14,5,12.735,17.1559632489697,70,4,-0.79,0.1,0.883,1.11772151898734,9.03789064165755,0.772798935806763,28
W:14_L:5_NM:4_T:-0.79,14,5,12.735,17.1559632489697,70,4,-0.79,0.1,0.891,1.12784810126582,9.2436762093712,0.700949062536544,24
W:14_L:5_NM:4_T:-0.79,14,5,12.735,17.1559632489697,70,4,-0.79,0.1,0.898,1.13670886075949,9.27989160896006,0.678126506390188,24
W:14_L:5_NM:4_T:-0.79,14,5,12.735,17.1559632489697,70,4,-0.79,0.1,0.906,1.14683544303797,9.274175458736,0.664129811896047,24
W:14_L:5_NM:4_T:-0.79,14,5,12.735,17.1559632489697,70,4,-0.79,0.1,0.914,1.15696202531646,9.2427550857506,0.655714735626338,24
W:14_L:5_NM:4_T:-0.79,14,5,12.735,17.1559632489697,70,4,-0.79,0.1,0.921,1.16582278481013,9.20529883404932,0.650731822359729,24
W:14_L:5_NM:4_T:-0.79,14,5,12.735,17.1559632489697,70,4,-0.79,0.1,0.929,1.17594936708861,9.15991694602422,0.646101621076859,24
W:14_L:5_NM:4_T:-0.79,14,5,12.735,17.1559632489697,70,4,-0.79,0.1,0.936,1.18481012658228,9.12449632401339,0.6419895180096,24
W:14_L:5_NM:4_T:-0.79,14,5,12.735,17.1559632489697,70,4,-0.79,0.1,0.944,1.19493670886076,9.09293784542045,0.636295297550526,24
W:14_L:5_NM:4_T:-0.79,14,5,12.735,17.1559632489697,70,4,-0.79,0.1,0.951,1.20379746835443,9.07598547563417,0.630294050988786,24
W:14_L:5_NM:4_T:-0.79,14,5,12.735,17.1559632489697,70,4,-0.79,0.1,0.959,1.21392405063291,9.07054594334788,0.62243725643518,24
W:14_L:5_NM:4_T:-0.79,14,5,12.735,17.1559632489697,70,4,-0.79,0.1,0.966,1.22278481012658,9.07512082427646,0.615249135398207,24
W:14_L:5_NM:4_T:-0.79,14,5,12.735,17.1559632489697,70,4,-0.79,0.1,0.974,1.23291139240506,9.08696781395233,0.607342208156081,24
W:14_L:5_NM:4_T:-0.79,14,5,12.735,17.1559632489697,70,4,-0.79,0.1,0.981,1.24177215189873,9.09933665548797,0.601146234369684,24
W:14_L:5_NM:4_T:-0.79,14,5,12.735,17.1559632489697,70,4,-0.79,0.1,0.989,1.25189873417722,9.11344135066633,0.595270244942111,24
W:14_L:5_NM:4_T:-0.79,14,5,12.735,17.1559632489697,70,4,-0.79,0.1,0.996,1.26075949367089,9.12286422684251,0.591339913273301,24
W:14_L:5_NM:4_T:-0.79,14,5,12.735,17.1559632489697,70,4,-0.79,0.1,1.004,1.27088607594937,9.12878869863855,0.588285850891325,24
W:14_L:5_NM:4_T:-0.79,14,5,12.735,17.1559632489697,70,4,-0.79,0.1,1.011,1.27974683544304,9.12869387324811,0.58686241196862,24
W:14_L:5_NM:4_T:-0.79,14,5,12.735,17.1559632489697,70,4,-0.79,0.1,1.019,1.28987341772152,9.121897904722,0.586631000621655,24
W:14_L:5_NM:4_T:-0.79,14,5,12.735,17.1559632489697,70,4,-0.79,0.1,1.026,1.29873417721519,9.10951946593711,0.587626405780261,24
W:14_L:5_NM:4_T:-0.79,14,5,12.735,17.1559632489697,70,4,-0.79,0.1,1.034,1.30886075949367,9.08729806398653,0.590116231145544,24
W:14_L:5_NM:4_T:-0.79,14,5,12.735,17.1559632489697,70,4,-0.79,0.1,1.041,1.31772151898734,9.06038490541149,0.593493029328105,24
W:14_L:5_NM:4_T:-0.79,14,5,12.735,17.1559632489697,70,4,-0.79,0.1,1.049,1.32784810126582,9.01999662864748,0.598710662300629,24
W:14_L:5_NM:4_T:-0.79,14,5,12.735,17.1559632489697,70,4,-0.79,0.1,1.056,1.33670886075949,8.97602593485925,0.604509145961634,24
W:14_L:5_NM:4_T:-0.79,14,5,12.735,17.1559632489697,70,4,-0.79,0.1,1.064,1.34683544303797,8.91600398232727,0.612551457822398,24
W:14_L:5_NM:4_T:-0.79,14,5,12.735,17.1559632489697,70,4,-0.79,0.1,1.071,1.35569620253165,8.85526198253289,0.62083983170713,24
W:14_L:5_NM:4_T:-0.79,14,5,12.735,17.1559632489697,70,4,-0.79,0.1,1.079,1.36582278481013,8.77650245335739,0.631661884911933,24
W:14_L:5_NM:4_T:-0.79,14,5,12.735,17.1559632489697,70,4,-0.79,0.1,1.086,1.3746835443038,8.7001008961038,0.642177855107513,24
W:14_L:5_NM:4_T:-0.79,14,5,12.735,17.1559632489697,70,4,-0.79,0.1,1.094,1.38481012658228,8.60379162790738,0.655089827082636,24
W:14_L:5_NM:4_T:-0.79,14,5,12.735,17.1559632489697,70,4,-0.79,0.1,1.102,1.39493670886076,8.49524864748628,0.668384643087235,24
W:14_L:5_NM:4_T:-0.79,14,5,12.735,17.1559632489697,70,4,-0.79,0.1,1.109,1.40379746835443,8.3761085779646,0.679155321937285,24
W:14_L:5_NM:4_T:-0.79,14,5,12.735,17.1559632489697,70,4,-0.79,0.1,1.117,1.41392405063291,8.09492545649661,0.684001202654934,24
W:14_L:5_NM:4_T:-0.79,14,5,12.735,17.1559632489697,70,4,-0.79,0.1,1.124,1.42278481012658,7.4472174866506,0.665909336567725,20
W:14_L:5_NM:4_T:-0.79,14,5,12.735,17.1559632489697,70,4,-0.79,0.1,1.132,1.43291139240506,7.16443073630514,0.603958103589799,20
W:14_L:5_NM:4_T:-0.79,14,5,12.735,17.1559632489697,70,4,-0.79,0.1,1.139,1.44177215189873,7.12098534424252,0.542893988204783,20
W:14_L:5_NM:4_T:-0.79,14,5,12.735,17.1559632489697,70,4,-0.79,0.1,1.147,1.45189873417722,7.14077074064223,0.502625702653646,20
W:14_L:5_NM:4_T:-0.79,14,5,12.735,17.1559632489697,70,4,-0.79,0.1,1.154,1.46075949367089,7.16935319161266,0.482922935538901,20
W:14_L:5_NM:4_T:-0.79,14,5,12.735,17.1559632489697,70,4,-0.79,0.1,1.162,1.47088607594937,7.20389643002373,0.469482273373663,20
W:14_L:5_NM:4_T:-0.79,14,5,12.735,17.1559632489697,70,4,-0.79,0.1,1.169,1.47974683544304,7.23408494718964,0.462180003554771,20
W:14_L:5_NM:4_T:-0.79,14,5,12.735,17.1559632489697,70,4,-0.79,0.1,1.177,1.48987341772152,7.26870275987697,0.456887277921174,20
W:14_L:5_NM:4_T:-0.79,14,5,12.735,17.1559632489697,70,4,-0.79,0.1,1.184,1.49873417721519,7.29873796998114,0.454010238928387,20
W:14_L:5_NM:4_T:-0.79,14,5,12.735,17.1559632489697,70,4,-0.79,0.1,1.192,1.50886075949367,7.33366745744512,0.452119774079152,20
W:14_L:5_NM:4_T:-0.79,14,5,12.735,17.1559632489697,70,4,-0.79,0.1,1.199,1.51772151898734,7.36405634645582,0.451366178734017,20
W:14_L:5_NM:4_T:-0.79,14,5,12.735,17.1559632489697,70,4,-0.79,0.1,1.207,1.52784810126582,7.39908079353077,0.451321940995674,20
W:14_L:5_NM:4_T:-0.79,14,5,12.735,17.1559632489697,70,4,-0.79,0.1,1.214,1.53670886075949,7.4292166215504,0.451858945103968,20
W:14_L:5_NM:4_T:-0.79,14,5,12.735,17.1559632489697,70,4,-0.79,0.1,1.222,1.54683544303797,7.4632607217673,0.453057507630959,20
W:14_L:5_NM:4_T:-0.79,14,5,12.735,17.1559632489697,70,4,-0.79,0.1,1.229,1.55569620253165,7.49232991874557,0.454577654851181,20
W:14_L:5_NM:4_T:-0.79,14,5,12.735,17.1559632489697,70,4,-0.79,0.1,1.237,1.56582278481013,7.52423217901159,0.456834238463738,20
W:14_L:5_NM:4_T:-0.79,14,5,12.735,17.1559632489697,70,4,-0.79,0.1,1.244,1.5746835443038,7.55061062825511,0.459271761422401,20
W:14_L:5_NM:4_T:-0.79,14,5,12.735,17.1559632489697,70,4,-0.79,0.1,1.252,1.58481012658228,7.57896543012402,0.462627327733135,20
W:14_L:5_NM:4_T:-0.79,14,5,12.735,17.1559632489697,70,4,-0.79,0.1,1.259,1.59367088607595,7.60122441649335,0.466095380308191,20
W:14_L:5_NM:4_T:-0.79,14,5,12.735,17.1559632489697,70,4,-0.79,0.1,1.267,1.60379746835443,7.6241468655716,0.470742870994326,20
W:14_L:5_NM:4_T:-0.79,14,5,12.735,17.1559632489697,70,4,-0.79,0.1,1.274,1.6126582278481,7.64120470925459,0.475456764320068,20
W:14_L:5_NM:4_T:-0.79,14,5,12.735,17.1559632489697,70,4,-0.79,0.1,1.282,1.62278481012658,7.65618279002796,0.481623900359802,20
W:14_L:5_NM:4_T:-0.79,14,5,12.735,17.1559632489697,70,4,-0.79,0.1,1.289,1.63164556962025,7.66474125789253,0.487694950648492,20
W:14_L:5_NM:4_T:-0.79,14,5,12.735,17.1559632489697,70,4,-0.79,0.1,1.297,1.64177215189873,7.66740864469425,0.495267517045609,20
W:14_L:5_NM:4_T:-0.79,14,5,12.735,17.1559632489697,70,4,-0.79,0.1,1.305,1.65189873417722,7.65990327267995,0.503180658470129,20
W:14_L:5_NM:4_T:-0.79,14,5,12.735,17.1559632489697,70,4,-0.79,0.1,1.312,1.66075949367089,7.64175426705301,0.50988630863227,20
W:14_L:5_NM:4_T:-0.79,14,5,12.735,17.1559632489697,70,4,-0.79,0.1,1.32,1.67088607594937,7.60540781809653,0.516555736333678,20
W:14_L:5_NM:4_T:-0.79,14,5,12.735,17.1559632489697,70,4,-0.79,0.1,1.327,1.67974683544304,7.55842963092872,0.520895742672648,20
W:14_L:5_NM:4_T:-0.79,14,5,12.735,17.1559632489697,70,4,-0.79,0.1,1.335,1.68987341772152,7.4884536931804,0.523659408213383,20
W:14_L:5_NM:4_T:-0.79,14,5,12.735,17.1559632489697,70,4,-0.79,0.1,1.342,1.69873417721519,7.41587139443211,0.524179048917026,20
W:14_L:5_NM:4_T:-0.79,14,5,12.735,17.1559632489697,70,4,-0.79,0.1,1.35,1.70886075949367,7.32516648151045,0.523185280770141,20
W:14_L:5_NM:4_T:-0.79,14,5,12.735,17.1559632489697,70,4,-0.79,0.1,1.357,1.71772151898734,7.24314457483486,0.521720388496905,20
W:14_L:5_NM:4_T:-0.79,14,5,12.735,17.1559632489697,70,4,-0.79,0.1,1.365,1.72784810126582,7.14911020770414,0.520155731543048,20
W:14_L:5_NM:4_T:-0.79,14,5,12.735,17.1559632489697,70,4,-0.79,0.1,1.372,1.73670886075949,7.06769583198634,0.519567806288189,20
W:14_L:5_NM:4_T:-0.79,14,5,12.735,17.1559632489697,70,4,-0.79,0.1,1.38,1.74683544303797,6.97449091544029,0.520164288119569,20
W:14_L:5_NM:4_T:-0.79,14,5,12.735,17.1559632489697,70,4,-0.79,0.1,1.387,1.75569620253165,6.8910201208088,0.521929234383111,20
W:14_L:5_NM:4_T:-0.79,14,5,12.735,17.1559632489697,70,4,-0.79,0.1,1.395,1.76582278481013,6.78862691050623,0.525197443305615,20
W:14_L:5_NM:4_T:-0.79,14,5,12.735,17.1559632489697,70,4,-0.79,0.1,1.402,1.7746835443038,6.68451213797275,0.528570654825323,20
W:14_L:5_NM:4_T:-0.79,14,5,12.735,17.1559632489697,70,4,-0.79,0.1,1.41,1.78481012658228,6.53329433143821,0.531333539572794,20
W:14_L:5_NM:4_T:-0.79,14,5,12.735,17.1559632489697,70,4,-0.79,0.1,1.417,1.79367088607595,6.30862716247397,0.525660904193007,20
W:14_L:5_NM:4_T:-0.79,14,5,12.735,17.1559632489697,70,4,-0.79,0.1,1.425,1.80379746835443,5.76856416226728,0.46344904371882,16
W:14_L:5_NM:4_T:-0.79,14,5,12.735,17.1559632489697,70,4,-0.79,0.1,1.432,1.8126582278481,5.53684076573744,0.454755181409011,16
W:14_L:5_NM:4_T:-0.79,14,5,12.735,17.1559632489697,70,4,-0.79,0.1,1.44,1.82278481012658,5.32203715092373,0.446535468306208,16
W:14_L:5_NM:4_T:-0.79,14,5,12.735,17.1559632489697,70,4,-0.79,0.1,1.447,1.83164556962025,5.20669518829802,0.438597587312967,16
W:14_L:5_NM:4_T:-0.79,14,5,12.735,17.1559632489697,70,4,-0.79,0.1,1.455,1.84177215189873,5.15009362146887,0.430102271300336,16
W:14_L:5_NM:4_T:-0.79,14,5,12.735,17.1559632489697,70,4,-0.79,0.1,1.462,1.85063291139241,5.14555900020622,0.424063975476261,16
W:14_L:5_NM:4_T:-0.79,14,5,12.735,17.1559632489697,70,4,-0.79,0.1,1.47,1.86075949367089,5.17177845953527,0.419068332925055,16
W:14_L:5_NM:4_T:-0.79,14,5,12.735,17.1559632489697,70,4,-0.79,0.1,1.477,1.86962025316456,5.21192691823883,0.416229208791704,16
W:14_L:5_NM:4_T:-0.79,14,5,12.735,17.1559632489697,70,4,-0.79,0.1,1.485,1.87974683544304,5.27054728867728,0.414485376463906,16
W:14_L:5_NM:4_T:-0.79,14,5,12.735,17.1559632489697,70,4,-0.79,0.1,1.492,1.88860759493671,5.32999287460906,0.4140722217687,16
W:14_L:5_NM:4_T:-0.79,14,5,12.735,17.1559632489697,70,4,-0.79,0.1,1.5,1.89873417721519,5.40455325344719,0.414683783273375,16
W:14_L:9_NM:8_T:-0.79,14,9,24.055,17.1559632489697,126,8,-0.79,0.1,-1.5,-1.89873417721519,4.62196905640588,0.392318504846593,16
W:14_L:9_NM:8_T:-0.79,14,9,24.055,17.1559632489697,126,8,-0.79,0.1,-1.492,-1.88860759493671,4.50725932996544,0.38602079496394,16
W:14_L:9_NM:8_T:-0.79,14,9,24.055,17.1559632489697,126,8,-0.79,0.1,-1.485,-1.87974683544304,4.40549129601363,0.384349237674504,16
W:14_L:9_NM:8_T:-0.79,14,9,24.055,17.1559632489697,126,8,-0.79,0.1,-1.477,-1.86962025316456,4.28483060892931,0.386712386605259,16
W:14_L:9_NM:8_T:-0.79,14,9,24.055,17.1559632489697,126,8,-0.79,0.1,-1.47,-1.86075949367089,4.1749000141746,0.393350684939386,16
W:14_L:9_NM:8_T:-0.79,14,9,24.055,17.1559632489697,126,8,-0.79,0.1,-1.462,-1.85063291139241,4.05024633695046,0.408242358976506,16
W:14_L:9_NM:8_T:-0.79,14,9,24.055,17.1559632489697,126,8,-0.79,0.1,-1.455,-1.84177215189873,3.96640397535333,0.429909401897041,16
W:14_L:9_NM:8_T:-0.79,14,9,24.055,17.1559632489697,126,8,-0.79,0.1,-1.447,-1.83164556962025,3.98730617197916,0.463699483302646,16
W:14_L:9_NM:8_T:-0.79,14,9,24.055,17.1559632489697,126,8,-0.79,0.1,-1.44,-1.82278481012658,4.2046305963088,0.489299329401363,16
W:14_L:9_NM:8_T:-0.79,14,9,24.055,17.1559632489697,126,8,-0.79,0.1,-1.432,-1.8126582278481,4.55425410393189,0.498962654407139,16
W:14_L:9_NM:8_T:-0.79,14,9,24.055,17.1559632489697,126,8,-0.79,0.1,-1.425,-1.80379746835443,4.70976544059671,0.506294798414479,16
W:14_L:9_NM:8_T:-0.79,14,9,24.055,17.1559632489697,126,8,-0.79,0.1,-1.417,-1.79367088607595,4.76683994121505,0.541275043753536,20
W:14_L:9_NM:8_T:-0.79,14,9,24.055,17.1559632489697,126,8,-0.79,0.1,-1.41,-1.78481012658228,4.80994632423565,0.543450674488421,20
W:14_L:9_NM:8_T:-0.79,14,9,24.055,17.1559632489697,126,8,-0.79,0.1,-1.402,-1.7746835443038,4.8720353677205,0.538342080112066,20
W:14_L:9_NM:8_T:-0.79,14,9,24.055,17.1559632489697,126,8,-0.79,0.1,-1.395,-1.76582278481013,4.94134131782092,0.532252043227633,20
W:14_L:9_NM:8_T:-0.79,14,9,24.055,17.1559632489697,126,8,-0.79,0.1,-1.387,-1.75569620253165,5.03632226900962,0.525647413361906,20
W:14_L:9_NM:8_T:-0.79,14,9,24.055,17.1559632489697,126,8,-0.79,0.1,-1.38,-1.74683544303797,5.13154229407057,0.520551674157871,20
W:14_L:9_NM:8_T:-0.79,14,9,24.055,17.1559632489697,126,8,-0.79,0.1,-1.372,-1.73670886075949,5.24972540466624,0.514941984437917,20
W:14_L:9_NM:8_T:-0.79,14,9,24.055,17.1559632489697,126,8,-0.79,0.1,-1.365,-1.72784810126582,5.35561009362311,0.5095557492202,20
W:14_L:9_NM:8_T:-0.79,14,9,24.055,17.1559632489697,126,8,-0.79,0.1,-1.357,-1.71772151898734,5.47198868217316,0.502162847618251,20
W:14_L:9_NM:8_T:-0.79,14,9,24.055,17.1559632489697,126,8,-0.79,0.1,-1.35,-1.70886075949367,5.56450494803886,0.494465251829604,20
W:14_L:9_NM:8_T:-0.79,14,9,24.055,17.1559632489697,126,8,-0.79,0.1,-1.342,-1.69873417721519,5.65603402886489,0.484720407155051,20
W:14_L:9_NM:8_T:-0.79,14,9,24.055,17.1559632489697,126,8,-0.79,0.1,-1.335,-1.68987341772152,5.72268052128724,0.475997289768727,20
W:14_L:9_NM:8_T:-0.79,14,9,24.055,17.1559632489697,126,8,-0.79,0.1,-1.327,-1.67974683544304,5.7849178110531,0.466742963284816,20
W:14_L:9_NM:8_T:-0.79,14,9,24.055,17.1559632489697,126,8,-0.79,0.1,-1.32,-1.67088607594937,5.82986495840816,0.460005777526111,20
W:14_L:9_NM:8_T:-0.79,14,9,24.055,17.1559632489697,126,8,-0.79,0.1,-1.312,-1.66075949367089,5.87419849629307,0.454505190979711,20
W:14_L:9_NM:8_T:-0.79,14,9,24.055,17.1559632489697,126,8,-0.79,0.1,-1.305,-1.65189873417722,5.91045643749262,0.452062204668781,20
W:14_L:9_NM:8_T:-0.79,14,9,24.055,17.1559632489697,126,8,-0.79,0.1,-1.297,-1.64177215189873,5.95232899390673,0.452413701847461,20
W:14_L:9_NM:8_T:-0.79,14,9,24.055,17.1559632489697,126,8,-0.79,0.1,-1.289,-1.63164556962025,5.99835455796221,0.456515414262654,20
W:14_L:9_NM:8_T:-0.79,14,9,24.055,17.1559632489697,126,8,-0.79,0.1,-1.282,-1.62278481012658,6.04347724313537,0.463217567786791,20
W:14_L:9_NM:8_T:-0.79,14,9,24.055,17.1559632489697,126,8,-0.79,0.1,-1.274,-1.6126582278481,6.10000909575914,0.473489079049407,20
W:14_L:9_NM:8_T:-0.79,14,9,24.055,17.1559632489697,126,8,-0.79,0.1,-1.267,-1.60379746835443,6.14912781382219,0.482354774821825,20
W:14_L:9_NM:8_T:-0.79,14,9,24.055,17.1559632489697,126,8,-0.79,0.1,-1.259,-1.59367088607595,6.19456860574517,0.487761715054191,20
W:14_L:9_NM:8_T:-0.79,14,9,24.055,17.1559632489697,126,8,-0.79,0.1,-1.252,-1.58481012658228,6.21841801996609,0.485708392826353,20
W:14_L:9_NM:8_T:-0.79,14,9,24.055,17.1559632489697,126,8,-0.79,0.1,-1.244,-1.5746835443038,6.22911623014778,0.47710387029435,20
W:14_L:9_NM:8_T:-0.79,14,9,24.055,17.1559632489697,126,8,-0.79,0.1,-1.237,-1.56582278481013,6.23149062240592,0.46783016327473,20
W:14_L:9_NM:8_T:-0.79,14,9,24.055,17.1559632489697,126,8,-0.79,0.1,-1.229,-1.55569620253165,6.23369127355949,0.458672012901259,20
W:14_L:9_NM:8_T:-0.79,14,9,24.055,17.1559632489697,126,8,-0.79,0.1,-1.222,-1.54683544303797,6.23741673204335,0.452958599692979,20
W:14_L:9_NM:8_T:-0.79,14,9,24.055,17.1559632489697,126,8,-0.79,0.1,-1.214,-1.53670886075949,6.24307049885761,0.448920941064741,20
W:14_L:9_NM:8_T:-0.79,14,9,24.055,17.1559632489697,126,8,-0.79,0.1,-1.207,-1.52784810126582,6.24737816236067,0.447023041044237,20
W:14_L:9_NM:8_T:-0.79,14,9,24.055,17.1559632489697,126,8,-0.79,0.1,-1.199,-1.51772151898734,6.24881178341359,0.446049314957627,20
W:14_L:9_NM:8_T:-0.79,14,9,24.055,17.1559632489697,126,8,-0.79,0.1,-1.192,-1.50886075949367,6.24463025023257,0.445814447562803,20
W:14_L:9_NM:8_T:-0.79,14,9,24.055,17.1559632489697,126,8,-0.79,0.1,-1.184,-1.49873417721519,6.2315471261001,0.446142561917545,20
W:14_L:9_NM:8_T:-0.79,14,9,24.055,17.1559632489697,126,8,-0.79,0.1,-1.177,-1.48987341772152,6.21277236361638,0.447301863964259,20
W:14_L:9_NM:8_T:-0.79,14,9,24.055,17.1559632489697,126,8,-0.79,0.1,-1.169,-1.47974683544304,6.1845621549876,0.450764756553536,20
W:14_L:9_NM:8_T:-0.79,14,9,24.055,17.1559632489697,126,8,-0.79,0.1,-1.162,-1.47088607594937,6.15759666744896,0.457499013053646,20
W:14_L:9_NM:8_T:-0.79,14,9,24.055,17.1559632489697,126,8,-0.79,0.1,-1.154,-1.46075949367089,6.12987010129899,0.473459169436349,20
W:14_L:9_NM:8_T:-0.79,14,9,24.055,17.1559632489697,126,8,-0.79,0.1,-1.147,-1.45189873417722,6.11432246755802,0.501014192809252,20
W:14_L:9_NM:8_T:-0.79,14,9,24.055,17.1559632489697,126,8,-0.79,0.1,-1.139,-1.44177215189873,6.11151991657734,0.561719088355745,20
W:14_L:9_NM:8_T:-0.79,14,9,24.055,17.1559632489697,126,8,-0.79,0.1,-1.132,-1.43291139240506,6.13630074857728,0.67040992183848,20
W:14_L:9_NM:8_T:-0.79,14,9,24.055,17.1559632489697,126,8,-0.79,0.1,-1.124,-1.42278481012658,6.32583341764071,0.84842344700158,20
W:14_L:9_NM:8_T:-0.79,14,9,24.055,17.1559632489697,126,8,-0.79,0.1,-1.117,-1.41392405063291,6.20652252094012,0.639443961210655,24
W:14_L:9_NM:8_T:-0.79,14,9,24.055,17.1559632489697,126,8,-0.79,0.1,-1.109,-1.40379746835443,6.40251758584147,0.638582291375638,24
W:14_L:9_NM:8_T:-0.79,14,9,24.055,17.1559632489697,126,8,-0.79,0.1,-1.102,-1.39493670886076,6.50732394718154,0.644839999530249,24
W:14_L:9_NM:8_T:-0.79,14,9,24.055,17.1559632489697,126,8,-0.79,0.1,-1.094,-1.38481012658228,6.66386955422431,0.669480108693285,24
W:14_L:9_NM:8_T:-0.79,14,9,24.055,17.1559632489697,126,8,-0.79,0.1,-1.086,-1.3746835443038,6.89708297566653,0.708957491271585,24
W:14_L:9_NM:8_T:-0.79,14,9,24.055,17.1559632489697,126,8,-0.79,0.1,-1.079,-1.36582278481013,7.09348365031794,0.722265061806192,24
W:14_L:9_NM:8_T:-0.79,14,9,24.055,17.1559632489697,126,8,-0.79,0.1,-1.071,-1.35569620253165,7.16446102028232,0.689801412335703,24
W:14_L:9_NM:8_T:-0.79,14,9,24.055,17.1559632489697,126,8,-0.79,0.1,-1.064,-1.34683544303797,7.15456000565333,0.656513086159117,24
W:14_L:9_NM:8_T:-0.79,14,9,24.055,17.1559632489697,126,8,-0.79,0.1,-1.056,-1.33670886075949,7.1463319081006,0.633315849693627,24
W:14_L:9_NM:8_T:-0.79,14,9,24.055,17.1559632489697,126,8,-0.79,0.1,-1.049,-1.32784810126582,7.14387859719428,0.62177705743357,24
W:14_L:9_NM:8_T:-0.79,14,9,24.055,17.1559632489697,126,8,-0.79,0.1,-1.041,-1.31772151898734,7.12678313583085,0.611214357169457,24
W:14_L:9_NM:8_T:-0.79,14,9,24.055,17.1559632489697,126,8,-0.79,0.1,-1.034,-1.30886075949367,7.09280772839176,0.601038516603885,24
W:14_L:9_NM:8_T:-0.79,14,9,24.055,17.1559632489697,126,8,-0.79,0.1,-1.026,-1.29873417721519,7.04261080900259,0.588575326825742,24
W:14_L:9_NM:8_T:-0.79,14,9,24.055,17.1559632489697,126,8,-0.79,0.1,-1.019,-1.28987341772152,7.0045622013696,0.578994187887556,24
W:14_L:9_NM:8_T:-0.79,14,9,24.055,17.1559632489697,126,8,-0.79,0.1,-1.011,-1.27974683544304,6.98136458005746,0.571717759569885,24
W:14_L:9_NM:8_T:-0.79,14,9,24.055,17.1559632489697,126,8,-0.79,0.1,-1.004,-1.27088607594937,6.98518147868096,0.569590601146958,24
W:14_L:9_NM:8_T:-0.79,14,9,24.055,17.1559632489697,126,8,-0.79,0.1,-0.996,-1.26075949367089,7.01639866829398,0.572132705069763,24
W:14_L:9_NM:8_T:-0.79,14,9,24.055,17.1559632489697,126,8,-0.79,0.1,-0.989,-1.25189873417722,7.05916718793072,0.577791909520369,24
W:14_L:9_NM:8_T:-0.79,14,9,24.055,17.1559632489697,126,8,-0.79,0.1,-0.981,-1.24177215189873,7.10354323343022,0.585365147481355,24
W:14_L:9_NM:8_T:-0.79,14,9,24.055,17.1559632489697,126,8,-0.79,0.1,-0.974,-1.23291139240506,7.11335264616244,0.589395503475429,24
W:14_L:9_NM:8_T:-0.79,14,9,24.055,17.1559632489697,126,8,-0.79,0.1,-0.966,-1.22278481012658,7.07384415863543,0.588364411718352,24
W:14_L:9_NM:8_T:-0.79,14,9,24.055,17.1559632489697,126,8,-0.79,0.1,-0.959,-1.21392405063291,7.00847831569729,0.583802505405207,24
W:14_L:9_NM:8_T:-0.79,14,9,24.055,17.1559632489697,126,8,-0.79,0.1,-0.951,-1.20379746835443,6.9276007033484,0.57836569178714,24
W:14_L:9_NM:8_T:-0.79,14,9,24.055,17.1559632489697,126,8,-0.79,0.1,-0.944,-1.19493670886076,6.87096607750733,0.576247641918854,24
W:14_L:9_NM:8_T:-0.79,14,9,24.055,17.1559632489697,126,8,-0.79,0.1,-0.936,-1.18481012658228,6.82785597851367,0.578643561820045,24
W:14_L:9_NM:8_T:-0.79,14,9,24.055,17.1559632489697,126,8,-0.79,0.1,-0.929,-1.17594936708861,6.80744977295748,0.585697889153453,24
W:14_L:9_NM:8_T:-0.79,14,9,24.055,17.1559632489697,126,8,-0.79,0.1,-0.921,-1.16582278481013,6.79369571689533,0.600022046241145,24
W:14_L:9_NM:8_T:-0.79,14,9,24.055,17.1559632489697,126,8,-0.79,0.1,-0.914,-1.15696202531646,6.78323531384936,0.619182896581862,24
W:14_L:9_NM:8_T:-0.79,14,9,24.055,17.1559632489697,126,8,-0.79,0.1,-0.906,-1.14683544303797,6.77050933410864,0.650635391225459,24
W:14_L:9_NM:8_T:-0.79,14,9,24.055,17.1559632489697,126,8,-0.79,0.1,-0.898,-1.13670886075949,6.77501197913027,0.693932360188665,24
W:14_L:9_NM:8_T:-0.79,14,9,24.055,17.1559632489697,126,8,-0.79,0.1,-0.891,-1.12784810126582,6.81211023964096,0.74141087633742,24
W:14_L:9_NM:8_T:-0.79,14,9,24.055,17.1559632489697,126,8,-0.79,0.1,-0.883,-1.11772151898734,6.81844320267094,0.865864231972715,28
W:14_L:9_NM:8_T:-0.79,14,9,24.055,17.1559632489697,126,8,-0.79,0.1,-0.876,-1.10886075949367,7.43608846255258,0.914040092161427,28
W:14_L:9_NM:8_T:-0.79,14,9,24.055,17.1559632489697,126,8,-0.79,0.1,-0.868,-1.09873417721519,7.58679034340706,0.866820318906155,28
W:14_L:9_NM:8_T:-0.79,14,9,24.055,17.1559632489697,126,8,-0.79,0.1,-0.861,-1.08987341772152,7.66532216785568,0.842081281706494,28
W:14_L:9_NM:8_T:-0.79,14,9,24.055,17.1559632489697,126,8,-0.79,0.1,-0.853,-1.07974683544304,7.72821945933521,0.827157546682358,28
W:14_L:9_NM:8_T:-0.79,14,9,24.055,17.1559632489697,126,8,-0.79,0.1,-0.846,-1.07088607594937,7.76687003577373,0.823198911154943,28
W:14_L:9_NM:8_T:-0.79,14,9,24.055,17.1559632489697,126,8,-0.79,0.1,-0.838,-1.06075949367089,7.8011507499201,0.825817686271355,28
W:14_L:9_NM:8_T:-0.79,14,9,24.055,17.1559632489697,126,8,-0.79,0.1,-0.831,-1.05189873417722,7.82650197819598,0.830683063874136,28
W:14_L:9_NM:8_T:-0.79,14,9,24.055,17.1559632489697,126,8,-0.79,0.1,-0.823,-1.04177215189873,7.84518201309212,0.834874970503924,28
W:14_L:9_NM:8_T:-0.79,14,9,24.055,17.1559632489697,126,8,-0.79,0.1,-0.816,-1.03291139240506,7.85243349580634,0.836611751692356,28
W:14_L:9_NM:8_T:-0.79,14,9,24.055,17.1559632489697,126,8,-0.79,0.1,-0.808,-1.02278481012658,7.83778229780475,0.837814211082989,28
W:14_L:9_NM:8_T:-0.79,14,9,24.055,17.1559632489697,126,8,-0.79,0.1,-0.801,-1.01392405063291,7.82843110586058,0.840407126528351,28
W:14_L:9_NM:8_T:-0.79,14,9,24.055,17.1559632489697,126,8,-0.79,0.1,-0.793,-1.00379746835443,7.75870284660346,0.839599824866134,28
W:14_L:9_NM:8_T:-0.79,14,9,24.055,17.1559632489697,126,8,-0.79,0.1,-0.786,-0.99493670886076,7.6776927181426,0.86435636717276,28
W:14_L:9_NM:8_T:-0.79,14,9,24.055,17.1559632489697,126,8,-0.79,0.1,-0.778,-0.984810126582279,7.36390793806464,0.879944720356099,28
W:14_L:9_NM:8_T:-0.79,14,9,24.055,17.1559632489697,126,8,-0.79,0.1,-0.771,-0.975949367088608,6.47109505778921,0.71818647739677,24
W:14_L:9_NM:8_T:-0.79,14,9,24.055,17.1559632489697,126,8,-0.79,0.1,-0.763,-0.965822784810127,6.01002044585999,0.647298256858217,20
W:14_L:9_NM:8_T:-0.79,14,9,24.055,17.1559632489697,126,8,-0.79,0.1,-0.756,-0.956962025316456,5.7855521996346,0.620107638271678,20
W:14_L:9_NM:8_T:-0.79,14,9,24.055,17.1559632489697,126,8,-0.79,0.1,-0.748,-0.946835443037975,5.67212040405393,0.598969132811628,20
W:14_L:9_NM:8_T:-0.79,14,9,24.055,17.1559632489697,126,8,-0.79,0.1,-0.741,-0.937974683544304,5.64182951775545,0.587875166224754,20
W:14_L:9_NM:8_T:-0.79,14,9,24.055,17.1559632489697,126,8,-0.79,0.1,-0.733,-0.927848101265823,5.63814191360756,0.581923780730389,20
W:14_L:9_NM:8_T:-0.79,14,9,24.055,17.1559632489697,126,8,-0.79,0.1,-0.726,-0.918987341772152,5.645302708299,0.581594291671154,20
W:14_L:9_NM:8_T:-0.79,14,9,24.055,17.1559632489697,126,8,-0.79,0.1,-0.718,-0.908860759493671,5.66330613445891,0.58666295183489,20
W:14_L:9_NM:8_T:-0.79,14,9,24.055,17.1559632489697,126,8,-0.79,0.1,-0.711,-0.9,5.68226582830783,0.595936279310225,20
W:14_L:9_NM:8_T:-0.79,14,9,24.055,17.1559632489697,126,8,-0.79,0.1,-0.703,-0.889873417721519,5.70779875552194,0.612762387408589,20
W:14_L:9_NM:8_T:-0.79,14,9,24.055,17.1559632489697,126,8,-0.79,0.1,-0.695,-0.879746835443038,5.71937280489518,0.636501941157269,20
W:14_L:9_NM:8_T:-0.79,14,9,24.055,17.1559632489697,126,8,-0.79,0.1,-0.688,-0.870886075949367,5.69743511762691,0.660713191564915,20
W:14_L:9_NM:8_T:-0.79,14,9,24.055,17.1559632489697,126,8,-0.79,0.1,-0.68,-0.860759493670886,5.58048695969548,0.683754962410345,20
W:14_L:9_NM:8_T:-0.79,14,9,24.055,17.1559632489697,126,8,-0.79,0.1,-0.673,-0.851898734177215,5.35228632650107,0.687176384257478,20
W:14_L:9_NM:8_T:-0.79,14,9,24.055,17.1559632489697,126,8,-0.79,0.1,-0.665,-0.841772151898734,4.83253781024342,0.649319197531351,20
W:14_L:9_NM:8_T:-0.79,14,9,24.055,17.1559632489697,126,8,-0.79,0.1,-0.658,-0.832911392405063,4.28243479689719,0.542762711386873,18
W:14_L:9_NM:8_T:-0.79,14,9,24.055,17.1559632489697,126,8,-0.79,0.1,-0.65,-0.822784810126582,3.95091866137544,0.515820927139432,16
W:14_L:9_NM:8_T:-0.79,14,9,24.055,17.1559632489697,126,8,-0.79,0.1,-0.643,-0.813924050632911,3.21034070821064,0.481123942707337,16
W:14_L:9_NM:8_T:-0.79,14,9,24.055,17.1559632489697,126,8,-0.79,0.1,-0.635,-0.80379746835443,3.07119419156481,0.447283442078082,12
W:14_L:9_NM:8_T:-0.79,14,9,24.055,17.1559632489697,126,8,-0.79,0.1,-0.628,-0.79493670886076,3.03417506707894,0.450649107356765,12
W:14_L:9_NM:8_T:-0.79,14,9,24.055,17.1559632489697,126,8,-0.79,0.1,-0.62,-0.784810126582278,3.00499467391184,0.547676947959318,12
W:14_L:9_NM:8_T:-0.79,14,9,24.055,17.1559632489697,126,8,-0.79,0.1,-0.613,-0.775949367088608,3.10427498732432,0.66534414347172,12
W:14_L:9_NM:8_T:-0.79,14,9,24.055,17.1559632489697,126,8,-0.79,0.1,-0.605,-0.765822784810127,3.35606948153906,0.487893359850515,12
W:14_L:9_NM:8_T:-0.79,14,9,24.055,17.1559632489697,126,8,-0.79,0.1,-0.598,-0.756962025316456,3.48610439859551,0.419412087669212,12
W:14_L:9_NM:8_T:-0.79,14,9,24.055,17.1559632489697,126,8,-0.79,0.1,-0.59,-0.746835443037975,3.62748819027649,0.397798003470789,12
W:14_L:9_NM:8_T:-0.79,14,9,24.055,17.1559632489697,126,8,-0.79,0.1,-0.583,-0.737974683544304,3.73474438856861,0.390527026386662,12
W:14_L:9_NM:8_T:-0.79,14,9,24.055,17.1559632489697,126,8,-0.79,0.1,-0.575,-0.727848101265823,3.79366303177876,0.379047069935167,12
W:14_L:9_NM:8_T:-0.79,14,9,24.055,17.1559632489697,126,8,-0.79,0.1,-0.568,-0.718987341772152,3.77420075836694,0.363645242262326,12
W:14_L:9_NM:8_T:-0.79,14,9,24.055,17.1559632489697,126,8,-0.79,0.1,-0.56,-0.708860759493671,3.698090156922,0.34422838121895,12
W:14_L:9_NM:8_T:-0.79,14,9,24.055,17.1559632489697,126,8,-0.79,0.1,-0.553,-0.7,3.61468441245545,0.329191059799164,12
W:14_L:9_NM:8_T:-0.79,14,9,24.055,17.1559632489697,126,8,-0.79,0.1,-0.545,-0.689873417721519,3.52166357422046,0.315850161239325,12
W:14_L:9_NM:8_T:-0.79,14,9,24.055,17.1559632489697,126,8,-0.79,0.1,-0.538,-0.681012658227848,3.44811942619514,0.307330150276682,12
W:14_L:9_NM:8_T:-0.79,14,9,24.055,17.1559632489697,126,8,-0.79,0.1,-0.53,-0.670886075949367,3.37506698792931,0.300683420812384,12
W:14_L:9_NM:8_T:-0.79,14,9,24.055,17.1559632489697,126,8,-0.79,0.1,-0.523,-0.662025316455696,3.32006009546091,0.297078499399376,12
W:14_L:9_NM:8_T:-0.79,14,9,24.055,17.1559632489697,126,8,-0.79,0.1,-0.515,-0.651898734177215,3.26577292653714,0.295026932067056,12
W:14_L:9_NM:8_T:-0.79,14,9,24.055,17.1559632489697,126,8,-0.79,0.1,-0.508,-0.643037974683544,3.22556616178385,0.29501805696694,12
W:14_L:9_NM:8_T:-0.79,14,9,24.055,17.1559632489697,126,8,-0.79,0.1,-0.5,-0.632911392405063,3.18588585644202,0.297039730599441,12
W:14_L:9_NM:8_T:-0.79,14,9,24.055,17.1559632489697,126,8,-0.79,0.1,-0.492,-0.622784810126582,3.1508157408325,0.301537385922745,12
W:14_L:9_NM:8_T:-0.79,14,9,24.055,17.1559632489697,126,8,-0.79,0.1,-0.485,-0.613924050632911,3.12059915852002,0.30798222226083,12
W:14_L:9_NM:8_T:-0.79,14,9,24.055,17.1559632489697,126,8,-0.79,0.1,-0.477,-0.60379746835443,3.08008140411975,0.319012941811412,12
W:14_L:9_NM:8_T:-0.79,14,9,24.055,17.1559632489697,126,8,-0.79,0.1,-0.47,-0.594936708860759,3.02670580663861,0.332179918569927,12
W:14_L:9_NM:8_T:-0.79,14,9,24.055,17.1559632489697,126,8,-0.79,0.1,-0.462,-0.584810126582279,2.91996551167741,0.350390042959916,12
W:14_L:9_NM:8_T:-0.79,14,9,24.055,17.1559632489697,126,8,-0.79,0.1,-0.455,-0.575949367088608,2.75050630983299,0.365463529790899,12
W:14_L:9_NM:8_T:-0.79,14,9,24.055,17.1559632489697,126,8,-0.79,0.1,-0.447,-0.565822784810127,2.35584285518326,0.375455812826388,12
W:14_L:9_NM:8_T:-0.79,14,9,24.055,17.1559632489697,126,8,-0.79,0.1,-0.44,-0.556962025316456,1.41615518237193,0.423710310375743,12
W:14_L:9_NM:8_T:-0.79,14,9,24.055,17.1559632489697,126,8,-0.79,0.1,-0.432,-0.546835443037975,1.33440265210245,0.397677415244721,8
W:14_L:9_NM:8_T:-0.79,14,9,24.055,17.1559632489697,126,8,-0.79,0.1,-0.425,-0.537974683544304,1.10357123902774,0.382204680963398,8
W:14_L:9_NM:8_T:-0.79,14,9,24.055,17.1559632489697,126,8,-0.79,0.1,-0.417,-0.527848101265823,0.089480810577892,0.385870987666859,6
W:14_L:9_NM:8_T:-0.79,14,9,24.055,17.1559632489697,126,8,-0.79,0.1,-0.41,-0.518987341772152,0.179915508048709,0.280040746356523,4
W:14_L:9_NM:8_T:-0.79,14,9,24.055,17.1559632489697,126,8,-0.79,0.1,-0.402,-0.508860759493671,0.55633021359035,0.219015907429341,4
W:14_L:9_NM:8_T:-0.79,14,9,24.055,17.1559632489697,126,8,-0.79,0.1,-0.395,-0.5,0.814984487110861,0.181135203101257,4
W:14_L:9_NM:8_T:-0.79,14,9,24.055,17.1559632489697,126,8,-0.79,0.1,-0.387,-0.489873417721519,1.00855476670354,0.155024144082393,4
W:14_L:9_NM:8_T:-0.79,14,9,24.055,17.1559632489697,126,8,-0.79,0.1,-0.38,-0.481012658227848,1.12827222746524,0.141577939333381,4
W:14_L:9_NM:8_T:-0.79,14,9,24.055,17.1559632489697,126,8,-0.79,0.1,-0.372,-0.470886075949367,1.23812441642405,0.132415429888145,4
W:14_L:9_NM:8_T:-0.79,14,9,24.055,17.1559632489697,126,8,-0.79,0.1,-0.365,-0.462025316455696,1.32273281504003,0.127751123017904,4
W:14_L:9_NM:8_T:-0.79,14,9,24.055,17.1559632489697,126,8,-0.79,0.1,-0.357,-0.451898734177215,1.4128221780837,0.124876542359661,4
W:14_L:9_NM:8_T:-0.79,14,9,24.055,17.1559632489697,126,8,-0.79,0.1,-0.35,-0.443037974683544,1.48762984756335,0.123812001465364,4
W:14_L:9_NM:8_T:-0.79,14,9,24.055,17.1559632489697,126,8,-0.79,0.1,-0.342,-0.432911392405063,1.56745632318208,0.123677893558845,4
W:14_L:9_NM:8_T:-0.79,14,9,24.055,17.1559632489697,126,8,-0.79,0.1,-0.335,-0.424050632911392,1.62928165630479,0.124073227742127,4
W:14_L:9_NM:8_T:-0.79,14,9,24.055,17.1559632489697,126,8,-0.79,0.1,-0.327,-0.413924050632911,1.68478033809202,0.124661252266001,4
W:14_L:9_NM:8_T:-0.79,14,9,24.055,17.1559632489697,126,8,-0.79,0.1,-0.32,-0.405063291139241,1.71417096363142,0.124899490520621,4
W:14_L:9_NM:8_T:-0.79,14,9,24.055,17.1559632489697,126,8,-0.79,0.1,-0.312,-0.39493670886076,1.71955582894408,0.124458483191262,4
W:14_L:9_NM:8_T:-0.79,14,9,24.055,17.1559632489697,126,8,-0.79,0.1,-0.305,-0.386075949367089,1.69711688619402,0.123226164338517,4
W:14_L:9_NM:8_T:-0.79,14,9,24.055,17.1559632489697,126,8,-0.79,0.1,-0.297,-0.375949367088608,1.64238083313691,0.120851489564739,4
W:14_L:9_NM:8_T:-0.79,14,9,24.055,17.1559632489697,126,8,-0.79,0.1,-0.289,-0.365822784810127,1.5636317176767,0.117658765117765,4
W:14_L:9_NM:8_T:-0.79,14,9,24.055,17.1559632489697,126,8,-0.79,0.1,-0.282,-0.356962025316456,1.48288911635949,0.114531463660616,4
W:14_L:9_NM:8_T:-0.79,14,9,24.055,17.1559632489697,126,8,-0.79,0.1,-0.274,-0.346835443037975,1.38644608357056,0.110945435751532,4
W:14_L:9_NM:8_T:-0.79,14,9,24.055,17.1559632489697,126,8,-0.79,0.1,-0.267,-0.337974683544304,1.30394637350226,0.10815244510336,4
W:14_L:9_NM:8_T:-0.79,14,9,24.055,17.1559632489697,126,8,-0.79,0.1,-0.259,-0.327848101265823,1.21698984652232,0.105695898031644,4
W:14_L:9_NM:8_T:-0.79,14,9,24.055,17.1559632489697,126,8,-0.79,0.1,-0.252,-0.318987341772152,1.15048009323611,0.104605596459027,4
W:14_L:9_NM:8_T:-0.79,14,9,24.055,17.1559632489697,126,8,-0.79,0.1,-0.244,-0.308860759493671,1.08866225126961,0.105381599523063,4
W:14_L:9_NM:8_T:-0.79,14,9,24.055,17.1559632489697,126,8,-0.79,0.1,-0.237,-0.3,1.05213830031111,0.109790920355044,4
W:14_L:9_NM:8_T:-0.79,14,9,24.055,17.1559632489697,126,8,-0.79,0.1,-0.229,-0.289873417721519,1.05018944977163,0.128198267179539,4
W:14_L:9_NM:8_T:-0.79,14,9,24.055,17.1559632489697,126,8,-0.79,0.1,-0.222,-0.281012658227848,1.16827257994101,0.208601294872417,4
W:14_L:9_NM:8_T:-0.79,14,9,24.055,17.1559632489697,126,8,-0.79,0.1,-0.214,-0.270886075949367,1.47579834092267,0.836558294122068,4
W:14_L:9_NM:8_T:-0.79,14,9,24.055,17.1559632489697,126,8,-0.79,0.1,-0.207,-0.262025316455696,0.717067950377421,0.204262496970615,4
W:14_L:9_NM:8_T:-0.79,14,9,24.055,17.1559632489697,126,8,-0.79,0.1,-0.199,-0.251898734177215,0.691612266490775,0.127631061259769,4
W:14_L:9_NM:8_T:-0.79,14,9,24.055,17.1559632489697,126,8,-0.79,0.1,-0.192,-0.243037974683544,0.690223495880134,0.116391289250138,4
W:14_L:9_NM:8_T:-0.79,14,9,24.055,17.1559632489697,126,8,-0.79,0.1,-0.184,-0.232911392405063,0.696382811995761,0.116167554965331,4
W:14_L:9_NM:8_T:-0.79,14,9,24.055,17.1559632489697,126,8,-0.79,0.1,-0.177,-0.224050632911392,0.715502004297526,0.121313464015149,4
W:14_L:9_NM:8_T:-0.79,14,9,24.055,17.1559632489697,126,8,-0.79,0.1,-0.169,-0.213924050632911,0.767965243054211,0.132305557676632,4
W:14_L:9_NM:8_T:-0.79,14,9,24.055,17.1559632489697,126,8,-0.79,0.1,-0.162,-0.205063291139241,0.861143231050228,0.146562781378332,4
W:14_L:9_NM:8_T:-0.79,14,9,24.055,17.1559632489697,126,8,-0.79,0.1,-0.154,-0.194936708860759,1.05190109092955,0.166482085961119,4
W:14_L:9_NM:8_T:-0.79,14,9,24.055,17.1559632489697,126,8,-0.79,0.1,-0.147,-0.186075949367089,1.29212170518483,0.181247638717635,4
W:14_L:9_NM:8_T:-0.79,14,9,24.055,17.1559632489697,126,8,-0.79,0.1,-0.139,-0.175949367088608,1.5605705847328,0.184210603079452,4
W:14_L:9_NM:8_T:-0.79,14,9,24.055,17.1559632489697,126,8,-0.79,0.1,-0.132,-0.167088607594937,1.69206240800272,0.173561259509753,4
W:14_L:9_NM:8_T:-0.79,14,9,24.055,17.1559632489697,126,8,-0.79,0.1,-0.124,-0.156962025316456,1.72137997899165,0.157288848165532,4
W:14_L:9_NM:8_T:-0.79,14,9,24.055,17.1559632489697,126,8,-0.79,0.1,-0.117,-0.148101265822785,1.69959833834029,0.146492019580425,4
W:14_L:9_NM:8_T:-0.79,14,9,24.055,17.1559632489697,126,8,-0.79,0.1,-0.109,-0.137974683544304,1.66893830446626,0.140004980158254,4
W:14_L:9_NM:8_T:-0.79,14,9,24.055,17.1559632489697,126,8,-0.79,0.1,-0.102,-0.129113924050633,1.65136245787503,0.138846302169351,4
W:14_L:9_NM:8_T:-0.79,14,9,24.055,17.1559632489697,126,8,-0.79,0.1,-0.094,-0.118987341772152,1.64342783661431,0.141778537887725,4
W:14_L:9_NM:8_T:-0.79,14,9,24.055,17.1559632489697,126,8,-0.79,0.1,-0.086,-0.108860759493671,1.6441319081793,0.148766802182695,4
W:14_L:9_NM:8_T:-0.79,14,9,24.055,17.1559632489697,126,8,-0.79,0.1,-0.079,-0.1,1.64838549242165,0.158469754089543,4
W:14_L:9_NM:8_T:-0.79,14,9,24.055,17.1559632489697,126,8,-0.79,0.1,-0.071,-0.089873417721519,1.65713208477113,0.174932362884237,4
W:14_L:9_NM:8_T:-0.79,14,9,24.055,17.1559632489697,126,8,-0.79,0.1,-0.064,-0.0810126582278481,1.67601844259026,0.196146371991985,4
W:14_L:9_NM:8_T:-0.79,14,9,24.055,17.1559632489697,126,8,-0.79,0.1,-0.056,-0.0708860759493671,1.72739734123985,0.229140357816848,4
W:14_L:9_NM:8_T:-0.79,14,9,24.055,17.1559632489697,126,8,-0.79,0.1,-0.049,-0.0620253164556962,1.78876313751912,0.262521852795931,4
W:14_L:9_NM:8_T:-0.79,14,9,24.055,17.1559632489697,126,8,-0.79,0.1,-0.041,-0.0518987341772152,1.85831653203091,0.307563202860789,4
W:14_L:9_NM:8_T:-0.79,14,9,24.055,17.1559632489697,126,8,-0.79,0.1,-0.034,-0.0430379746835443,1.92951710137521,0.354856576642664,4
W:14_L:9_NM:8_T:-0.79,14,9,24.055,17.1559632489697,126,8,-0.79,0.1,-0.026,-0.0329113924050633,1.97401088186294,0.382016194377948,4
W:14_L:9_NM:8_T:-0.79,14,9,24.055,17.1559632489697,126,8,-0.79,0.1,-0.019,-0.0240506329113924,1.98033184043722,0.38449191864102,4
W:14_L:9_NM:8_T:-0.79,14,9,24.055,17.1559632489697,126,8,-0.79,0.1,-0.011,-0.0139240506329114,1.98149471070017,0.382571858559146,4
W:14_L:9_NM:8_T:-0.79,14,9,24.055,17.1559632489697,126,8,-0.79,0.1,-0.004,-0.00506329113924051,1.98204728597373,0.381206298370033,4
W:14_L:9_NM:8_T:-0.79,14,9,24.055,17.1559632489697,126,8,-0.79,0.1,0.004,0.00506329113924051,1.98204787589496,0.381206352864521,4
W:14_L:9_NM:8_T:-0.79,14,9,24.055,17.1559632489697,126,8,-0.79,0.1,0.011,0.0139240506329114,1.98149473429154,0.382571857125667,4
W:14_L:9_NM:8_T:-0.79,14,9,24.055,17.1559632489697,126,8,-0.79,0.1,0.019,0.0240506329113924,1.98033181332601,0.38449191382394,4
W:14_L:9_NM:8_T:-0.79,14,9,24.055,17.1559632489697,126,8,-0.79,0.1,0.026,0.0329113924050633,1.97401093608322,0.382016221209509,4
W:14_L:9_NM:8_T:-0.79,14,9,24.055,17.1559632489697,126,8,-0.79,0.1,0.034,0.0430379746835443,1.92951728992505,0.354856695833772,4
W:14_L:9_NM:8_T:-0.79,14,9,24.055,17.1559632489697,126,8,-0.79,0.1,0.041,0.0518987341772152,1.85831673904569,0.307563335673196,4
W:14_L:9_NM:8_T:-0.79,14,9,24.055,17.1559632489697,126,8,-0.79,0.1,0.049,0.0620253164556962,1.78876331066855,0.26252195212229,4
W:14_L:9_NM:8_T:-0.79,14,9,24.055,17.1559632489697,126,8,-0.79,0.1,0.056,0.0708860759493671,1.72739750859345,0.22914044946009,4
W:14_L:9_NM:8_T:-0.79,14,9,24.055,17.1559632489697,126,8,-0.79,0.1,0.064,0.0810126582278481,1.67601852244294,0.196146443045962,4
W:14_L:9_NM:8_T:-0.79,14,9,24.055,17.1559632489697,126,8,-0.79,0.1,0.071,0.089873417721519,1.65713211696367,0.174932414159086,4
W:14_L:9_NM:8_T:-0.79,14,9,24.055,17.1559632489697,126,8,-0.79,0.1,0.079,0.1,1.64838550659938,0.158469787332197,4
W:14_L:9_NM:8_T:-0.79,14,9,24.055,17.1559632489697,126,8,-0.79,0.1,0.086,0.108860759493671,1.64413191878906,0.148766825464106,4
W:14_L:9_NM:8_T:-0.79,14,9,24.055,17.1559632489697,126,8,-0.79,0.1,0.094,0.118987341772152,1.64342781661908,0.141778550699313,4
W:14_L:9_NM:8_T:-0.79,14,9,24.055,17.1559632489697,126,8,-0.79,0.1,0.102,0.129113924050633,1.65136242054198,0.138846305387005,4
W:14_L:9_NM:8_T:-0.79,14,9,24.055,17.1559632489697,126,8,-0.79,0.1,0.109,0.137974683544304,1.66893823571016,0.140004972852687,4
W:14_L:9_NM:8_T:-0.79,14,9,24.055,17.1559632489697,126,8,-0.79,0.1,0.117,0.148101265822785,1.69959825081822,0.146491998468516,4
W:14_L:9_NM:8_T:-0.79,14,9,24.055,17.1559632489697,126,8,-0.79,0.1,0.124,0.156962025316456,1.72137994599285,0.157288815757099,4
W:14_L:9_NM:8_T:-0.79,14,9,24.055,17.1559632489697,126,8,-0.79,0.1,0.132,0.167088607594937,1.69206259930228,0.173561226337297,4
W:14_L:9_NM:8_T:-0.79,14,9,24.055,17.1559632489697,126,8,-0.79,0.1,0.139,0.175949367088608,1.56057110182797,0.184210592092426,4
W:14_L:9_NM:8_T:-0.79,14,9,24.055,17.1559632489697,126,8,-0.79,0.1,0.147,0.186075949367089,1.29212238245419,0.181247669221618,4
W:14_L:9_NM:8_T:-0.79,14,9,24.055,17.1559632489697,126,8,-0.79,0.1,0.154,0.194936708860759,1.05190162520609,0.166482133634484,4
W:14_L:9_NM:8_T:-0.79,14,9,24.055,17.1559632489697,126,8,-0.79,0.1,0.162,0.205063291139241,0.861143579657626,0.146562830421389,4
W:14_L:9_NM:8_T:-0.79,14,9,24.055,17.1559632489697,126,8,-0.79,0.1,0.169,0.213924050632911,0.767965416540642,0.13230559166366,4
W:14_L:9_NM:8_T:-0.79,14,9,24.055,17.1559632489697,126,8,-0.79,0.1,0.177,0.224050632911392,0.715502075594934,0.121313483247293,4
W:14_L:9_NM:8_T:-0.79,14,9,24.055,17.1559632489697,126,8,-0.79,0.1,0.184,0.232911392405063,0.696382839699177,0.11616756416477,4
W:14_L:9_NM:8_T:-0.79,14,9,24.055,17.1559632489697,126,8,-0.79,0.1,0.192,0.243037974683544,0.690223496013692,0.116391280235407,4
W:14_L:9_NM:8_T:-0.79,14,9,24.055,17.1559632489697,126,8,-0.79,0.1,0.199,0.251898734177215,0.691612252101671,0.127631008792629,4
W:14_L:9_NM:8_T:-0.79,14,9,24.055,17.1559632489697,126,8,-0.79,0.1,0.207,0.262025316455696,0.717067747167565,0.204262084096664,4
W:14_L:9_NM:8_T:-0.79,14,9,24.055,17.1559632489697,126,8,-0.79,0.1,0.214,0.270886075949367,1.47579389588622,0.836556571306741,4
W:14_L:9_NM:8_T:-0.79,14,9,24.055,17.1559632489697,126,8,-0.79,0.1,0.222,0.281012658227848,1.16827330498603,0.208601766325409,4
W:14_L:9_NM:8_T:-0.79,14,9,24.055,17.1559632489697,126,8,-0.79,0.1,0.229,0.289873417721519,1.05018954234095,0.128198346193622,4
W:14_L:9_NM:8_T:-0.79,14,9,24.055,17.1559632489697,126,8,-0.79,0.1,0.237,0.3,1.05213824351052,0.109790939775551,4
W:14_L:9_NM:8_T:-0.79,14,9,24.055,17.1559632489697,126,8,-0.79,0.1,0.244,0.308860759493671,1.08866214039784,0.105381604934991,4
W:14_L:9_NM:8_T:-0.79,14,9,24.055,17.1559632489697,126,8,-0.79,0.1,0.252,0.318987341772152,1.15047993604001,0.104605595072253,4
W:14_L:9_NM:8_T:-0.79,14,9,24.055,17.1559632489697,126,8,-0.79,0.1,0.259,0.327848101265823,1.21698965980654,0.105695893881643,4
W:14_L:9_NM:8_T:-0.79,14,9,24.055,17.1559632489697,126,8,-0.79,0.1,0.267,0.337974683544304,1.3039461683115,0.10815243922076,4
W:14_L:9_NM:8_T:-0.79,14,9,24.055,17.1559632489697,126,8,-0.79,0.1,0.274,0.346835443037975,1.38644586383612,0.110945428123647,4
W:14_L:9_NM:8_T:-0.79,14,9,24.055,17.1559632489697,126,8,-0.79,0.1,0.282,0.356962025316456,1.48288890544774,0.114531455882013,4
W:14_L:9_NM:8_T:-0.79,14,9,24.055,17.1559632489697,126,8,-0.79,0.1,0.289,0.365822784810127,1.56363152370277,0.117658757995778,4
W:14_L:9_NM:8_T:-0.79,14,9,24.055,17.1559632489697,126,8,-0.79,0.1,0.297,0.375949367088608,1.64238068087333,0.120851483719906,4
W:14_L:9_NM:8_T:-0.79,14,9,24.055,17.1559632489697,126,8,-0.79,0.1,0.305,0.386075949367089,1.69711678984413,0.123226159813617,4
W:14_L:9_NM:8_T:-0.79,14,9,24.055,17.1559632489697,126,8,-0.79,0.1,0.312,0.39493670886076,1.71955579928301,0.124458482086849,4
W:14_L:9_NM:8_T:-0.79,14,9,24.055,17.1559632489697,126,8,-0.79,0.1,0.32,0.405063291139241,1.71417100358324,0.124899491652203,4
W:14_L:9_NM:8_T:-0.79,14,9,24.055,17.1559632489697,126,8,-0.79,0.1,0.327,0.413924050632911,1.68478043060372,0.124661253815306,4
W:14_L:9_NM:8_T:-0.79,14,9,24.055,17.1559632489697,126,8,-0.79,0.1,0.335,0.424050632911392,1.62928179214461,0.124073229969995,4
W:14_L:9_NM:8_T:-0.79,14,9,24.055,17.1559632489697,126,8,-0.79,0.1,0.342,0.432911392405063,1.56745648272603,0.123677895227401,4
W:14_L:9_NM:8_T:-0.79,14,9,24.055,17.1559632489697,126,8,-0.79,0.1,0.35,0.443037974683544,1.48763001794579,0.123812001245412,4
W:14_L:9_NM:8_T:-0.79,14,9,24.055,17.1559632489697,126,8,-0.79,0.1,0.357,0.451898734177215,1.41282235554665,0.124876538695962,4
W:14_L:9_NM:8_T:-0.79,14,9,24.055,17.1559632489697,126,8,-0.79,0.1,0.365,0.462025316455696,1.32273300585666,0.127751114741425,4
W:14_L:9_NM:8_T:-0.79,14,9,24.055,17.1559632489697,126,8,-0.79,0.1,0.372,0.470886075949367,1.23812462431075,0.132415415389168,4
W:14_L:9_NM:8_T:-0.79,14,9,24.055,17.1559632489697,126,8,-0.79,0.1,0.38,0.481012658227848,1.12827247246038,0.141577913180486,4
W:14_L:9_NM:8_T:-0.79,14,9,24.055,17.1559632489697,126,8,-0.79,0.1,0.387,0.489873417721519,1.0085550972437,0.155024100670808,4
W:14_L:9_NM:8_T:-0.79,14,9,24.055,17.1559632489697,126,8,-0.79,0.1,0.395,0.5,0.814985014364376,0.181135125945964,4
W:14_L:9_NM:8_T:-0.79,14,9,24.055,17.1559632489697,126,8,-0.79,0.1,0.402,0.508860759493671,0.556331009408455,0.219015785309913,4
W:14_L:9_NM:8_T:-0.79,14,9,24.055,17.1559632489697,126,8,-0.79,0.1,0.41,0.518987341772152,0.179916373860093,0.280040595674072,4
W:14_L:9_NM:8_T:-0.79,14,9,24.055,17.1559632489697,126,8,-0.79,0.1,0.417,0.527848101265823,0.0894802901910795,0.385870262348091,6
W:14_L:9_NM:8_T:-0.79,14,9,24.055,17.1559632489697,126,8,-0.79,0.1,0.425,0.537974683544304,1.10357266048122,0.382207017418189,8
W:14_L:9_NM:8_T:-0.79,14,9,24.055,17.1559632489697,126,8,-0.79,0.1,0.432,0.546835443037975,1.33440216768521,0.397677307098115,8
W:14_L:9_NM:8_T:-0.79,14,9,24.055,17.1559632489697,126,8,-0.79,0.1,0.44,0.556962025316456,1.41615417406835,0.423710309333687,12
W:14_L:9_NM:8_T:-0.79,14,9,24.055,17.1559632489697,126,8,-0.79,0.1,0.447,0.565822784810127,2.35584012563916,0.37545590637093,12
W:14_L:9_NM:8_T:-0.79,14,9,24.055,17.1559632489697,126,8,-0.79,0.1,0.455,0.575949367088608,2.75050559769758,0.365463558229444,12
W:14_L:9_NM:8_T:-0.79,14,9,24.055,17.1559632489697,126,8,-0.79,0.1,0.462,0.584810126582279,2.91996508194798,0.350390084629275,12
W:14_L:9_NM:8_T:-0.79,14,9,24.055,17.1559632489697,126,8,-0.79,0.1,0.47,0.594936708860759,3.02670560410511,0.332179956862068,12
W:14_L:9_NM:8_T:-0.79,14,9,24.055,17.1559632489697,126,8,-0.79,0.1,0.477,0.60379746835443,3.08008125333184,0.319012970763143,12
W:14_L:9_NM:8_T:-0.79,14,9,24.055,17.1559632489697,126,8,-0.79,0.1,0.485,0.613924050632911,3.12059899312148,0.30798223699975,12
W:14_L:9_NM:8_T:-0.79,14,9,24.055,17.1559632489697,126,8,-0.79,0.1,0.492,0.622784810126582,3.1508156403202,0.301537399434215,12
W:14_L:9_NM:8_T:-0.79,14,9,24.055,17.1559632489697,126,8,-0.79,0.1,0.5,0.632911392405063,3.18588575970887,0.297039738900261,12
W:14_L:9_NM:8_T:-0.79,14,9,24.055,17.1559632489697,126,8,-0.79,0.1,0.508,0.643037974683544,3.22556604489393,0.295018059435057,12
W:14_L:9_NM:8_T:-0.79,14,9,24.055,17.1559632489697,126,8,-0.79,0.1,0.515,0.651898734177215,3.26577279465657,0.295026930634572,12
W:14_L:9_NM:8_T:-0.79,14,9,24.055,17.1559632489697,126,8,-0.79,0.1,0.523,0.662025316455696,3.3200599441297,0.297078493208376,12
W:14_L:9_NM:8_T:-0.79,14,9,24.055,17.1559632489697,126,8,-0.79,0.1,0.53,0.670886075949367,3.37506681818848,0.300683409975942,12
W:14_L:9_NM:8_T:-0.79,14,9,24.055,17.1559632489697,126,8,-0.79,0.1,0.538,0.681012658227848,3.44811922964407,0.307330132916461,12
W:14_L:9_NM:8_T:-0.79,14,9,24.055,17.1559632489697,126,8,-0.79,0.1,0.545,0.689873417721519,3.52166335328981,0.315850135869657,12
W:14_L:9_NM:8_T:-0.79,14,9,24.055,17.1559632489697,126,8,-0.79,0.1,0.553,0.7,3.61468418321308,0.329191027424572,12
W:14_L:9_NM:8_T:-0.79,14,9,24.055,17.1559632489697,126,8,-0.79,0.1,0.56,0.708860759493671,3.69808993621963,0.344228340874943,12
W:14_L:9_NM:8_T:-0.79,14,9,24.055,17.1559632489697,126,8,-0.79,0.1,0.568,0.718987341772152,3.77420061726546,0.36364519947099,12
W:14_L:9_NM:8_T:-0.79,14,9,24.055,17.1559632489697,126,8,-0.79,0.1,0.575,0.727848101265823,3.79366304043056,0.379047035640441,12
W:14_L:9_NM:8_T:-0.79,14,9,24.055,17.1559632489697,126,8,-0.79,0.1,0.583,0.737974683544304,3.73474457814444,0.390527005465527,12
W:14_L:9_NM:8_T:-0.79,14,9,24.055,17.1559632489697,126,8,-0.79,0.1,0.59,0.746835443037975,3.62748847426616,0.397797981822583,12
W:14_L:9_NM:8_T:-0.79,14,9,24.055,17.1559632489697,126,8,-0.79,0.1,0.598,0.756962025316456,3.48610468845044,0.419411999111994,12
W:14_L:9_NM:8_T:-0.79,14,9,24.055,17.1559632489697,126,8,-0.79,0.1,0.605,0.765822784810127,3.35606983454867,0.487893057766885,12
W:14_L:9_NM:8_T:-0.79,14,9,24.055,17.1559632489697,126,8,-0.79,0.1,0.613,0.775949367088608,3.10427561177461,0.665343942080648,12
W:14_L:9_NM:8_T:-0.79,14,9,24.055,17.1559632489697,126,8,-0.79,0.1,0.62,0.784810126582278,3.00499459391197,0.547677352221501,12
W:14_L:9_NM:8_T:-0.79,14,9,24.055,17.1559632489697,126,8,-0.79,0.1,0.628,0.79493670886076,3.03417494992903,0.450649179139957,12
W:14_L:9_NM:8_T:-0.79,14,9,24.055,17.1559632489697,126,8,-0.79,0.1,0.635,0.80379746835443,3.07119402996618,0.447283395779499,12
W:14_L:9_NM:8_T:-0.79,14,9,24.055,17.1559632489697,126,8,-0.79,0.1,0.643,0.813924050632911,3.21034007149376,0.481123826361376,16
W:14_L:9_NM:8_T:-0.79,14,9,24.055,17.1559632489697,126,8,-0.79,0.1,0.65,0.822784810126582,3.95091493787953,0.515820886053698,16
W:14_L:9_NM:8_T:-0.79,14,9,24.055,17.1559632489697,126,8,-0.79,0.1,0.658,0.832911392405063,4.28243389424373,0.542762575881888,18
W:14_L:9_NM:8_T:-0.79,14,9,24.055,17.1559632489697,126,8,-0.79,0.1,0.665,0.841772151898734,4.83253863883071,0.649319442974341,20
W:14_L:9_NM:8_T:-0.79,14,9,24.055,17.1559632489697,126,8,-0.79,0.1,0.673,0.851898734177215,5.35228546992546,0.687176402109078,20
W:14_L:9_NM:8_T:-0.79,14,9,24.055,17.1559632489697,126,8,-0.79,0.1,0.68,0.860759493670886,5.58048646817692,0.683755000843591,20
W:14_L:9_NM:8_T:-0.79,14,9,24.055,17.1559632489697,126,8,-0.79,0.1,0.688,0.870886075949367,5.69743493232668,0.660713259952865,20
W:14_L:9_NM:8_T:-0.79,14,9,24.055,17.1559632489697,126,8,-0.79,0.1,0.695,0.879746835443038,5.71937276847291,0.636502004820659,20
W:14_L:9_NM:8_T:-0.79,14,9,24.055,17.1559632489697,126,8,-0.79,0.1,0.703,0.889873417721519,5.70779876862795,0.612762435160938,20
W:14_L:9_NM:8_T:-0.79,14,9,24.055,17.1559632489697,126,8,-0.79,0.1,0.711,0.9,5.68226586978213,0.595936310885697,20
W:14_L:9_NM:8_T:-0.79,14,9,24.055,17.1559632489697,126,8,-0.79,0.1,0.718,0.908860759493671,5.66330616724795,0.586662967922909,20
W:14_L:9_NM:8_T:-0.79,14,9,24.055,17.1559632489697,126,8,-0.79,0.1,0.726,0.918987341772152,5.64530267660328,0.58159429624302,20
W:14_L:9_NM:8_T:-0.79,14,9,24.055,17.1559632489697,126,8,-0.79,0.1,0.733,0.927848101265823,5.63814185500276,0.581923769712949,20
W:14_L:9_NM:8_T:-0.79,14,9,24.055,17.1559632489697,126,8,-0.79,0.1,0.741,0.937974683544304,5.64182936562286,0.587875140461197,20
W:14_L:9_NM:8_T:-0.79,14,9,24.055,17.1559632489697,126,8,-0.79,0.1,0.748,0.946835443037975,5.67212015687796,0.598969095655294,20
W:14_L:9_NM:8_T:-0.79,14,9,24.055,17.1559632489697,126,8,-0.79,0.1,0.756,0.956962025316456,5.78555144467255,0.620107540233572,20
W:14_L:9_NM:8_T:-0.79,14,9,24.055,17.1559632489697,126,8,-0.79,0.1,0.763,0.965822784810127,6.01001905772122,0.647298143290047,20
W:14_L:9_NM:8_T:-0.79,14,9,24.055,17.1559632489697,126,8,-0.79,0.1,0.771,0.975949367088608,6.47109365233239,0.718185824595987,24
W:14_L:9_NM:8_T:-0.79,14,9,24.055,17.1559632489697,126,8,-0.79,0.1,0.778,0.984810126582279,7.36390220270967,0.879944893793505,28
W:14_L:9_NM:8_T:-0.79,14,9,24.055,17.1559632489697,126,8,-0.79,0.1,0.786,0.99493670886076,7.67770411673662,0.864356282100238,28
W:14_L:9_NM:8_T:-0.79,14,9,24.055,17.1559632489697,126,8,-0.79,0.1,0.793,1.00379746835443,7.75869932743233,0.839599825433377,28
W:14_L:9_NM:8_T:-0.79,14,9,24.055,17.1559632489697,126,8,-0.79,0.1,0.801,1.01392405063291,7.82843132085999,0.840407056325909,28
W:14_L:9_NM:8_T:-0.79,14,9,24.055,17.1559632489697,126,8,-0.79,0.1,0.808,1.02278481012658,7.83778114465144,0.837814232731304,28
W:14_L:9_NM:8_T:-0.79,14,9,24.055,17.1559632489697,126,8,-0.79,0.1,0.816,1.03291139240506,7.85243365864876,0.836611727342278,28
W:14_L:9_NM:8_T:-0.79,14,9,24.055,17.1559632489697,126,8,-0.79,0.1,0.823,1.04177215189873,7.84518185911695,0.834874964762891,28
W:14_L:9_NM:8_T:-0.79,14,9,24.055,17.1559632489697,126,8,-0.79,0.1,0.831,1.05189873417722,7.82650217411019,0.830683082344656,28
W:14_L:9_NM:8_T:-0.79,14,9,24.055,17.1559632489697,126,8,-0.79,0.1,0.838,1.06075949367089,7.80115101007235,0.825817707766517,28
W:14_L:9_NM:8_T:-0.79,14,9,24.055,17.1559632489697,126,8,-0.79,0.1,0.846,1.07088607594937,7.7668700968604,0.823198907147974,28
W:14_L:9_NM:8_T:-0.79,14,9,24.055,17.1559632489697,126,8,-0.79,0.1,0.853,1.07974683544304,7.72821955384281,0.82715752262032,28
W:14_L:9_NM:8_T:-0.79,14,9,24.055,17.1559632489697,126,8,-0.79,0.1,0.861,1.08987341772152,7.66532233667846,0.842081227278513,28
W:14_L:9_NM:8_T:-0.79,14,9,24.055,17.1559632489697,126,8,-0.79,0.1,0.868,1.09873417721519,7.58679062678344,0.866820230923543,28
W:14_L:9_NM:8_T:-0.79,14,9,24.055,17.1559632489697,126,8,-0.79,0.1,0.876,1.10886075949367,7.43608902909819,0.914039937039704,28
W:14_L:9_NM:8_T:-0.79,14,9,24.055,17.1559632489697,126,8,-0.79,0.1,0.883,1.11772151898734,6.81844295664766,0.86586518882854,28
W:14_L:9_NM:8_T:-0.79,14,9,24.055,17.1559632489697,126,8,-0.79,0.1,0.891,1.12784810126582,6.81211038594498,0.741411029570353,24
W:14_L:9_NM:8_T:-0.79,14,9,24.055,17.1559632489697,126,8,-0.79,0.1,0.898,1.13670886075949,6.77501206131599,0.693932483282973,24
W:14_L:9_NM:8_T:-0.79,14,9,24.055,17.1559632489697,126,8,-0.79,0.1,0.906,1.14683544303797,6.77050934876425,0.650635484928197,24
W:14_L:9_NM:8_T:-0.79,14,9,24.055,17.1559632489697,126,8,-0.79,0.1,0.914,1.15696202531646,6.78323524419577,0.619182959874347,24
W:14_L:9_NM:8_T:-0.79,14,9,24.055,17.1559632489697,126,8,-0.79,0.1,0.921,1.16582278481013,6.79369572756241,0.600022091943021,24
W:14_L:9_NM:8_T:-0.79,14,9,24.055,17.1559632489697,126,8,-0.79,0.1,0.929,1.17594936708861,6.80744976275824,0.585697916735421,24
W:14_L:9_NM:8_T:-0.79,14,9,24.055,17.1559632489697,126,8,-0.79,0.1,0.936,1.18481012658228,6.82785592447713,0.578643574556984,24
W:14_L:9_NM:8_T:-0.79,14,9,24.055,17.1559632489697,126,8,-0.79,0.1,0.944,1.19493670886076,6.87096596833064,0.576247641368833,24
W:14_L:9_NM:8_T:-0.79,14,9,24.055,17.1559632489697,126,8,-0.79,0.1,0.951,1.20379746835443,6.92760055798231,0.578365681897988,24
W:14_L:9_NM:8_T:-0.79,14,9,24.055,17.1559632489697,126,8,-0.79,0.1,0.959,1.21392405063291,7.0084781454762,0.583802490380837,24
W:14_L:9_NM:8_T:-0.79,14,9,24.055,17.1559632489697,126,8,-0.79,0.1,0.966,1.22278481012658,7.07384403435822,0.588364401588283,24
W:14_L:9_NM:8_T:-0.79,14,9,24.055,17.1559632489697,126,8,-0.79,0.1,0.974,1.23291139240506,7.11335266389948,0.589395507953225,24
W:14_L:9_NM:8_T:-0.79,14,9,24.055,17.1559632489697,126,8,-0.79,0.1,0.981,1.24177215189873,7.10354333620078,0.585365162723934,24
W:14_L:9_NM:8_T:-0.79,14,9,24.055,17.1559632489697,126,8,-0.79,0.1,0.989,1.25189873417722,7.05916734117682,0.577791927252913,24
W:14_L:9_NM:8_T:-0.79,14,9,24.055,17.1559632489697,126,8,-0.79,0.1,0.996,1.26075949367089,7.01639879844727,0.572132716525849,24
W:14_L:9_NM:8_T:-0.79,14,9,24.055,17.1559632489697,126,8,-0.79,0.1,1.004,1.27088607594937,6.98518154349687,0.56959060055008,24
W:14_L:9_NM:8_T:-0.79,14,9,24.055,17.1559632489697,126,8,-0.79,0.1,1.011,1.27974683544304,6.98136458512802,0.571717748099223,24
W:14_L:9_NM:8_T:-0.79,14,9,24.055,17.1559632489697,126,8,-0.79,0.1,1.019,1.28987341772152,7.00456214856685,0.578994165356855,24
W:14_L:9_NM:8_T:-0.79,14,9,24.055,17.1559632489697,126,8,-0.79,0.1,1.026,1.29873417721519,7.04261072241119,0.588575298000786,24
W:14_L:9_NM:8_T:-0.79,14,9,24.055,17.1559632489697,126,8,-0.79,0.1,1.034,1.30886075949367,7.09280765207363,0.601038487301816,24
W:14_L:9_NM:8_T:-0.79,14,9,24.055,17.1559632489697,126,8,-0.79,0.1,1.041,1.31772151898734,7.12678309516241,0.611214331142164,24
W:14_L:9_NM:8_T:-0.79,14,9,24.055,17.1559632489697,126,8,-0.79,0.1,1.049,1.32784810126582,7.14387860713279,0.621777030482578,24
W:14_L:9_NM:8_T:-0.79,14,9,24.055,17.1559632489697,126,8,-0.79,0.1,1.056,1.33670886075949,7.14633193281755,0.633315809927216,24
W:14_L:9_NM:8_T:-0.79,14,9,24.055,17.1559632489697,126,8,-0.79,0.1,1.064,1.34683544303797,7.15456001015345,0.656513010423096,24
W:14_L:9_NM:8_T:-0.79,14,9,24.055,17.1559632489697,126,8,-0.79,0.1,1.071,1.35569620253165,7.16446106853254,0.689801307591497,24
W:14_L:9_NM:8_T:-0.79,14,9,24.055,17.1559632489697,126,8,-0.79,0.1,1.079,1.36582278481013,7.0934840654959,0.722265032116531,24
W:14_L:9_NM:8_T:-0.79,14,9,24.055,17.1559632489697,126,8,-0.79,0.1,1.086,1.3746835443038,6.89708363413143,0.708957577654443,24
W:14_L:9_NM:8_T:-0.79,14,9,24.055,17.1559632489697,126,8,-0.79,0.1,1.094,1.38481012658228,6.66387004909548,0.669480194316912,24
W:14_L:9_NM:8_T:-0.79,14,9,24.055,17.1559632489697,126,8,-0.79,0.1,1.102,1.39493670886076,6.50732432213817,0.644840038914622,24
W:14_L:9_NM:8_T:-0.79,14,9,24.055,17.1559632489697,126,8,-0.79,0.1,1.109,1.40379746835443,6.40251801848794,0.638582303247299,24
W:14_L:9_NM:8_T:-0.79,14,9,24.055,17.1559632489697,126,8,-0.79,0.1,1.117,1.41392405063291,6.20652430551671,0.639444117183902,24
W:14_L:9_NM:8_T:-0.79,14,9,24.055,17.1559632489697,126,8,-0.79,0.1,1.124,1.42278481012658,6.32583286790371,0.848422718575306,20
W:14_L:9_NM:8_T:-0.79,14,9,24.055,17.1559632489697,126,8,-0.79,0.1,1.132,1.43291139240506,6.13630098935608,0.67041040061243,20
W:14_L:9_NM:8_T:-0.79,14,9,24.055,17.1559632489697,126,8,-0.79,0.1,1.139,1.44177215189873,6.11151997354425,0.561719295052287,20
W:14_L:9_NM:8_T:-0.79,14,9,24.055,17.1559632489697,126,8,-0.79,0.1,1.147,1.45189873417722,6.11432248088987,0.501014297284837,20
W:14_L:9_NM:8_T:-0.79,14,9,24.055,17.1559632489697,126,8,-0.79,0.1,1.154,1.46075949367089,6.12987008152919,0.473459225417206,20
W:14_L:9_NM:8_T:-0.79,14,9,24.055,17.1559632489697,126,8,-0.79,0.1,1.162,1.47088607594937,6.157596659654,0.457499041027363,20
W:14_L:9_NM:8_T:-0.79,14,9,24.055,17.1559632489697,126,8,-0.79,0.1,1.169,1.47974683544304,6.18456212856932,0.450764770226831,20
W:14_L:9_NM:8_T:-0.79,14,9,24.055,17.1559632489697,126,8,-0.79,0.1,1.177,1.48987341772152,6.21277234711331,0.447301870230801,20
W:14_L:9_NM:8_T:-0.79,14,9,24.055,17.1559632489697,126,8,-0.79,0.1,1.184,1.49873417721519,6.23154712301797,0.446142565029954,20
W:14_L:9_NM:8_T:-0.79,14,9,24.055,17.1559632489697,126,8,-0.79,0.1,1.192,1.50886075949367,6.24463026902299,0.445814448674676,20
W:14_L:9_NM:8_T:-0.79,14,9,24.055,17.1559632489697,126,8,-0.79,0.1,1.199,1.51772151898734,6.24881182171354,0.446049314731687,20
W:14_L:9_NM:8_T:-0.79,14,9,24.055,17.1559632489697,126,8,-0.79,0.1,1.207,1.52784810126582,6.24737820814119,0.447023038285448,20
W:14_L:9_NM:8_T:-0.79,14,9,24.055,17.1559632489697,126,8,-0.79,0.1,1.214,1.53670886075949,6.24307055974326,0.448920935290909,20
W:14_L:9_NM:8_T:-0.79,14,9,24.055,17.1559632489697,126,8,-0.79,0.1,1.222,1.54683544303797,6.23741678180209,0.452958588300766,20
W:14_L:9_NM:8_T:-0.79,14,9,24.055,17.1559632489697,126,8,-0.79,0.1,1.229,1.55569620253165,6.23369132155901,0.458671995575061,20
W:14_L:9_NM:8_T:-0.79,14,9,24.055,17.1559632489697,126,8,-0.79,0.1,1.237,1.56582278481013,6.23149065665433,0.467830139335144,20
W:14_L:9_NM:8_T:-0.79,14,9,24.055,17.1559632489697,126,8,-0.79,0.1,1.244,1.5746835443038,6.22911627317226,0.477103845493199,20
W:14_L:9_NM:8_T:-0.79,14,9,24.055,17.1559632489697,126,8,-0.79,0.1,1.252,1.58481012658228,6.21841809128857,0.485708377041331,20
W:14_L:9_NM:8_T:-0.79,14,9,24.055,17.1559632489697,126,8,-0.79,0.1,1.259,1.59367088607595,6.19456871477824,0.48776171550887,20
W:14_L:9_NM:8_T:-0.79,14,9,24.055,17.1559632489697,126,8,-0.79,0.1,1.267,1.60379746835443,6.14912796711891,0.482354792928999,20
W:14_L:9_NM:8_T:-0.79,14,9,24.055,17.1559632489697,126,8,-0.79,0.1,1.274,1.6126582278481,6.10000925143862,0.473489102120388,20
W:14_L:9_NM:8_T:-0.79,14,9,24.055,17.1559632489697,126,8,-0.79,0.1,1.282,1.62278481012658,6.04347738988243,0.463217587445501,20
W:14_L:9_NM:8_T:-0.79,14,9,24.055,17.1559632489697,126,8,-0.79,0.1,1.289,1.63164556962025,5.99835468362107,0.456515426947825,20
W:14_L:9_NM:8_T:-0.79,14,9,24.055,17.1559632489697,126,8,-0.79,0.1,1.297,1.64177215189873,5.95232911550887,0.452413706105316,20
W:14_L:9_NM:8_T:-0.79,14,9,24.055,17.1559632489697,126,8,-0.79,0.1,1.305,1.65189873417722,5.91045655076549,0.452062200632233,20
W:14_L:9_NM:8_T:-0.79,14,9,24.055,17.1559632489697,126,8,-0.79,0.1,1.312,1.66075949367089,5.87419861015966,0.454505180508745,20
W:14_L:9_NM:8_T:-0.79,14,9,24.055,17.1559632489697,126,8,-0.79,0.1,1.32,1.67088607594937,5.82986508303061,0.460005760357701,20
W:14_L:9_NM:8_T:-0.79,14,9,24.055,17.1559632489697,126,8,-0.79,0.1,1.327,1.67974683544304,5.78491796266446,0.466742942899357,20
W:14_L:9_NM:8_T:-0.79,14,9,24.055,17.1559632489697,126,8,-0.79,0.1,1.335,1.68987341772152,5.7226806956937,0.475997264859392,20
W:14_L:9_NM:8_T:-0.79,14,9,24.055,17.1559632489697,126,8,-0.79,0.1,1.342,1.69873417721519,5.65603423699918,0.484720381774882,20
W:14_L:9_NM:8_T:-0.79,14,9,24.055,17.1559632489697,126,8,-0.79,0.1,1.35,1.70886075949367,5.56450519485337,0.494465227878851,20
W:14_L:9_NM:8_T:-0.79,14,9,24.055,17.1559632489697,126,8,-0.79,0.1,1.357,1.71772151898734,5.47198896141689,0.50216282777487,20
W:14_L:9_NM:8_T:-0.79,14,9,24.055,17.1559632489697,126,8,-0.79,0.1,1.365,1.72784810126582,5.35561040076723,0.509555732343599,20
W:14_L:9_NM:8_T:-0.79,14,9,24.055,17.1559632489697,126,8,-0.79,0.1,1.372,1.73670886075949,5.24972571819024,0.514941971499542,20
W:14_L:9_NM:8_T:-0.79,14,9,24.055,17.1559632489697,126,8,-0.79,0.1,1.38,1.74683544303797,5.13154258099107,0.520551660683064,20
W:14_L:9_NM:8_T:-0.79,14,9,24.055,17.1559632489697,126,8,-0.79,0.1,1.387,1.75569620253165,5.03632253185286,0.525647399539836,20
W:14_L:9_NM:8_T:-0.79,14,9,24.055,17.1559632489697,126,8,-0.79,0.1,1.395,1.76582278481013,4.94134154944689,0.532252028011671,20
W:14_L:9_NM:8_T:-0.79,14,9,24.055,17.1559632489697,126,8,-0.79,0.1,1.402,1.7746835443038,4.87203556497344,0.538342066680089,20
W:14_L:9_NM:8_T:-0.79,14,9,24.055,17.1559632489697,126,8,-0.79,0.1,1.41,1.78481012658228,4.80994649334075,0.543450669831006,20
W:14_L:9_NM:8_T:-0.79,14,9,24.055,17.1559632489697,126,8,-0.79,0.1,1.417,1.79367088607595,4.76684003579866,0.541275059679038,20
W:14_L:9_NM:8_T:-0.79,14,9,24.055,17.1559632489697,126,8,-0.79,0.1,1.425,1.80379746835443,4.70976566110678,0.506294844640361,16
W:14_L:9_NM:8_T:-0.79,14,9,24.055,17.1559632489697,126,8,-0.79,0.1,1.432,1.8126582278481,4.5542548320791,0.498962668967404,16
W:14_L:9_NM:8_T:-0.79,14,9,24.055,17.1559632489697,126,8,-0.79,0.1,1.44,1.82278481012658,4.20463147604878,0.489299386278017,16
W:14_L:9_NM:8_T:-0.79,14,9,24.055,17.1559632489697,126,8,-0.79,0.1,1.447,1.83164556962025,3.98730653121835,0.463699571151855,16
W:14_L:9_NM:8_T:-0.79,14,9,24.055,17.1559632489697,126,8,-0.79,0.1,1.455,1.84177215189873,3.96640389422976,0.429909473910079,16
W:14_L:9_NM:8_T:-0.79,14,9,24.055,17.1559632489697,126,8,-0.79,0.1,1.462,1.85063291139241,4.05024614250713,0.408242406140147,16
W:14_L:9_NM:8_T:-0.79,14,9,24.055,17.1559632489697,126,8,-0.79,0.1,1.47,1.86075949367089,4.17489979780794,0.393350709877023,16
W:14_L:9_NM:8_T:-0.79,14,9,24.055,17.1559632489697,126,8,-0.79,0.1,1.477,1.86962025316456,4.28483039972791,0.386712397967552,16
W:14_L:9_NM:8_T:-0.79,14,9,24.055,17.1559632489697,126,8,-0.79,0.1,1.485,1.87974683544304,4.40549109205487,0.384349237555047,16
W:14_L:9_NM:8_T:-0.79,14,9,24.055,17.1559632489697,126,8,-0.79,0.1,1.492,1.88860759493671,4.50725913445361,0.386020786156071,16
W:14_L:9_NM:8_T:-0.79,14,9,24.055,17.1559632489697,126,8,-0.79,0.1,1.5,1.89873417721519,4.62196885265909,0.392318484231927,16
W:36_L:5_NM:11_T:-0.79,36,5,12.735,44.1153340687793,180,11,-0.79,0.1,-1.5,-1.89873417721519,16.1133154912366,0.423046614356188,44
W:36_L:5_NM:11_T:-0.79,36,5,12.735,44.1153340687793,180,11,-0.79,0.1,-1.492,-1.88860759493671,16.1166861070074,0.420062562694219,44
W:36_L:5_NM:11_T:-0.79,36,5,12.735,44.1153340687793,180,11,-0.79,0.1,-1.485,-1.87974683544304,16.10565668005,0.41807037381453,44
W:36_L:5_NM:11_T:-0.79,36,5,12.735,44.1153340687793,180,11,-0.79,0.1,-1.477,-1.86962025316456,16.0697222034206,0.41718288304537,44
W:36_L:5_NM:11_T:-0.79,36,5,12.735,44.1153340687793,180,11,-0.79,0.1,-1.47,-1.86075949367089,16.0049972382642,0.418790101342532,44
W:36_L:5_NM:11_T:-0.79,36,5,12.735,44.1153340687793,180,11,-0.79,0.1,-1.462,-1.85063291139241,15.8697022494636,0.426643283290907,44
W:36_L:5_NM:11_T:-0.79,36,5,12.735,44.1153340687793,180,11,-0.79,0.1,-1.455,-1.84177215189873,15.7156088384846,0.444452389099424,44
W:36_L:5_NM:11_T:-0.79,36,5,12.735,44.1153340687793,180,11,-0.79,0.1,-1.447,-1.83164556962025,15.8966096921323,0.467514425306983,44
W:36_L:5_NM:11_T:-0.79,36,5,12.735,44.1153340687793,180,11,-0.79,0.1,-1.44,-1.82278481012658,16.4228403040257,0.46099087036629,44
W:36_L:5_NM:11_T:-0.79,36,5,12.735,44.1153340687793,180,11,-0.79,0.1,-1.432,-1.8126582278481,17.1487198966742,0.488184133218154,48
W:36_L:5_NM:11_T:-0.79,36,5,12.735,44.1153340687793,180,11,-0.79,0.1,-1.425,-1.80379746835443,17.5280533328863,0.503583419491754,48
W:36_L:5_NM:11_T:-0.79,36,5,12.735,44.1153340687793,180,11,-0.79,0.1,-1.417,-1.79367088607595,17.8443973952156,0.523423401896409,48
W:36_L:5_NM:11_T:-0.79,36,5,12.735,44.1153340687793,180,11,-0.79,0.1,-1.41,-1.78481012658228,18.0766355877551,0.511809374312984,48
W:36_L:5_NM:11_T:-0.79,36,5,12.735,44.1153340687793,180,11,-0.79,0.1,-1.402,-1.7746835443038,18.2172091648993,0.487669481153983,48
W:36_L:5_NM:11_T:-0.79,36,5,12.735,44.1153340687793,180,11,-0.79,0.1,-1.395,-1.76582278481013,18.2916892060051,0.474069802722252,48
W:36_L:5_NM:11_T:-0.79,36,5,12.735,44.1153340687793,180,11,-0.79,0.1,-1.387,-1.75569620253165,18.346322761782,0.4637332599086,48
W:36_L:5_NM:11_T:-0.79,36,5,12.735,44.1153340687793,180,11,-0.79,0.1,-1.38,-1.74683544303797,18.3679611716384,0.456571706815623,48
W:36_L:5_NM:11_T:-0.79,36,5,12.735,44.1153340687793,180,11,-0.79,0.1,-1.372,-1.73670886075949,18.3653898961948,0.449670358686978,48
W:36_L:5_NM:11_T:-0.79,36,5,12.735,44.1153340687793,180,11,-0.79,0.1,-1.365,-1.72784810126582,18.3420441654592,0.444785708691643,48
W:36_L:5_NM:11_T:-0.79,36,5,12.735,44.1153340687793,180,11,-0.79,0.1,-1.357,-1.71772151898734,18.294542947301,0.44092267001176,48
W:36_L:5_NM:11_T:-0.79,36,5,12.735,44.1153340687793,180,11,-0.79,0.1,-1.35,-1.70886075949367,18.2350604919156,0.439457511941028,48
W:36_L:5_NM:11_T:-0.79,36,5,12.735,44.1153340687793,180,11,-0.79,0.1,-1.342,-1.69873417721519,18.1455678110182,0.440845925797103,48
W:36_L:5_NM:11_T:-0.79,36,5,12.735,44.1153340687793,180,11,-0.79,0.1,-1.335,-1.68987341772152,18.0406758185919,0.446042096642305,48
W:36_L:5_NM:11_T:-0.79,36,5,12.735,44.1153340687793,180,11,-0.79,0.1,-1.327,-1.67974683544304,17.868423301045,0.459789656564496,48
W:36_L:5_NM:11_T:-0.79,36,5,12.735,44.1153340687793,180,11,-0.79,0.1,-1.32,-1.67088607594937,17.6605623900371,0.482319106441151,48
W:36_L:5_NM:11_T:-0.79,36,5,12.735,44.1153340687793,180,11,-0.79,0.1,-1.312,-1.66075949367089,17.5035661523097,0.515128574524173,48
W:36_L:5_NM:11_T:-0.79,36,5,12.735,44.1153340687793,180,11,-0.79,0.1,-1.305,-1.65189873417722,17.8196961855946,0.55256139522057,50
W:36_L:5_NM:11_T:-0.79,36,5,12.735,44.1153340687793,180,11,-0.79,0.1,-1.297,-1.64177215189873,18.7267915350363,0.540251403475236,52
W:36_L:5_NM:11_T:-0.79,36,5,12.735,44.1153340687793,180,11,-0.79,0.1,-1.289,-1.63164556962025,18.9210125175789,0.53044356255747,52
W:36_L:5_NM:11_T:-0.79,36,5,12.735,44.1153340687793,180,11,-0.79,0.1,-1.282,-1.62278481012658,19.1451960032327,0.504084714107536,52
W:36_L:5_NM:11_T:-0.79,36,5,12.735,44.1153340687793,180,11,-0.79,0.1,-1.274,-1.6126582278481,19.3115066788743,0.482741373969086,52
W:36_L:5_NM:11_T:-0.79,36,5,12.735,44.1153340687793,180,11,-0.79,0.1,-1.267,-1.60379746835443,19.3983322940032,0.473260027691353,52
W:36_L:5_NM:11_T:-0.79,36,5,12.735,44.1153340687793,180,11,-0.79,0.1,-1.259,-1.59367088607595,19.4738212588639,0.468602209307203,52
W:36_L:5_NM:11_T:-0.79,36,5,12.735,44.1153340687793,180,11,-0.79,0.1,-1.252,-1.58481012658228,19.5341164905612,0.467609177035162,52
W:36_L:5_NM:11_T:-0.79,36,5,12.735,44.1153340687793,180,11,-0.79,0.1,-1.244,-1.5746835443038,19.6033823517159,0.468395942330501,52
W:36_L:5_NM:11_T:-0.79,36,5,12.735,44.1153340687793,180,11,-0.79,0.1,-1.237,-1.56582278481013,19.6623160883175,0.469895483313683,52
W:36_L:5_NM:11_T:-0.79,36,5,12.735,44.1153340687793,180,11,-0.79,0.1,-1.229,-1.55569620253165,19.7236996805201,0.471845888307604,52
W:36_L:5_NM:11_T:-0.79,36,5,12.735,44.1153340687793,180,11,-0.79,0.1,-1.222,-1.54683544303797,19.7678528012665,0.473465902138471,52
W:36_L:5_NM:11_T:-0.79,36,5,12.735,44.1153340687793,180,11,-0.79,0.1,-1.214,-1.53670886075949,19.8033297687168,0.475259987925773,52
W:36_L:5_NM:11_T:-0.79,36,5,12.735,44.1153340687793,180,11,-0.79,0.1,-1.207,-1.52784810126582,19.8193385508448,0.477277322365086,52
W:36_L:5_NM:11_T:-0.79,36,5,12.735,44.1153340687793,180,11,-0.79,0.1,-1.199,-1.51772151898734,19.8194769633742,0.481814847926708,52
W:36_L:5_NM:11_T:-0.79,36,5,12.735,44.1153340687793,180,11,-0.79,0.1,-1.192,-1.50886075949367,19.8011845737537,0.491101599001041,52
W:36_L:5_NM:11_T:-0.79,36,5,12.735,44.1153340687793,180,11,-0.79,0.1,-1.184,-1.49873417721519,19.7314988193144,0.519071445492097,52
W:36_L:5_NM:11_T:-0.79,36,5,12.735,44.1153340687793,180,11,-0.79,0.1,-1.177,-1.48987341772152,19.5982499288781,0.583197015559942,56
W:36_L:5_NM:11_T:-0.79,36,5,12.735,44.1153340687793,180,11,-0.79,0.1,-1.169,-1.47974683544304,20.6872449992151,0.552265565014578,56
W:36_L:5_NM:11_T:-0.79,36,5,12.735,44.1153340687793,180,11,-0.79,0.1,-1.162,-1.47088607594937,20.7988935218174,0.542779618415324,56
W:36_L:5_NM:11_T:-0.79,36,5,12.735,44.1153340687793,180,11,-0.79,0.1,-1.154,-1.46075949367089,20.8476552848372,0.543339456927576,56
W:36_L:5_NM:11_T:-0.79,36,5,12.735,44.1153340687793,180,11,-0.79,0.1,-1.147,-1.45189873417722,20.8922363019635,0.549375122142957,56
W:36_L:5_NM:11_T:-0.79,36,5,12.735,44.1153340687793,180,11,-0.79,0.1,-1.139,-1.44177215189873,20.9907548857839,0.553678177227709,56
W:36_L:5_NM:11_T:-0.79,36,5,12.735,44.1153340687793,180,11,-0.79,0.1,-1.132,-1.43291139240506,21.1082911940794,0.548855234963446,56
W:36_L:5_NM:11_T:-0.79,36,5,12.735,44.1153340687793,180,11,-0.79,0.1,-1.124,-1.42278481012658,21.2133203026186,0.537437814806564,56
W:36_L:5_NM:11_T:-0.79,36,5,12.735,44.1153340687793,180,11,-0.79,0.1,-1.117,-1.41392405063291,21.2536360047686,0.52817650042357,56
W:36_L:5_NM:11_T:-0.79,36,5,12.735,44.1153340687793,180,11,-0.79,0.1,-1.109,-1.40379746835443,21.2531874290111,0.52048015428587,56
W:36_L:5_NM:11_T:-0.79,36,5,12.735,44.1153340687793,180,11,-0.79,0.1,-1.102,-1.39493670886076,21.2290973482985,0.515972821773774,56
W:36_L:5_NM:11_T:-0.79,36,5,12.735,44.1153340687793,180,11,-0.79,0.1,-1.094,-1.38481012658228,21.1888317268308,0.512978102377607,56
W:36_L:5_NM:11_T:-0.79,36,5,12.735,44.1153340687793,180,11,-0.79,0.1,-1.086,-1.3746835443038,21.1433571692128,0.51253924391628,56
W:36_L:5_NM:11_T:-0.79,36,5,12.735,44.1153340687793,180,11,-0.79,0.1,-1.079,-1.36582278481013,21.1018020783457,0.515340844409065,56
W:36_L:5_NM:11_T:-0.79,36,5,12.735,44.1153340687793,180,11,-0.79,0.1,-1.071,-1.35569620253165,21.0526060389238,0.525955189400482,56
W:36_L:5_NM:11_T:-0.79,36,5,12.735,44.1153340687793,180,11,-0.79,0.1,-1.064,-1.34683544303797,21.0292281322331,0.550938268292961,56
W:36_L:5_NM:11_T:-0.79,36,5,12.735,44.1153340687793,180,11,-0.79,0.1,-1.056,-1.33670886075949,21.3146970799642,0.618213077770291,60
W:36_L:5_NM:11_T:-0.79,36,5,12.735,44.1153340687793,180,11,-0.79,0.1,-1.049,-1.32784810126582,22.2169982988923,0.619275337559027,60
W:36_L:5_NM:11_T:-0.79,36,5,12.735,44.1153340687793,180,11,-0.79,0.1,-1.041,-1.31772151898734,22.3092907910838,0.60390036424589,60
W:36_L:5_NM:11_T:-0.79,36,5,12.735,44.1153340687793,180,11,-0.79,0.1,-1.034,-1.30886075949367,22.2772995013325,0.593815870504429,60
W:36_L:5_NM:11_T:-0.79,36,5,12.735,44.1153340687793,180,11,-0.79,0.1,-1.026,-1.29873417721519,22.2106530613774,0.587622200230337,60
W:36_L:5_NM:11_T:-0.79,36,5,12.735,44.1153340687793,180,11,-0.79,0.1,-1.019,-1.28987341772152,22.1635955461545,0.585186716417865,60
W:36_L:5_NM:11_T:-0.79,36,5,12.735,44.1153340687793,180,11,-0.79,0.1,-1.011,-1.27974683544304,22.1357075561153,0.583272623305426,60
W:36_L:5_NM:11_T:-0.79,36,5,12.735,44.1153340687793,180,11,-0.79,0.1,-1.004,-1.27088607594937,22.1344503585732,0.581251286556848,60
W:36_L:5_NM:11_T:-0.79,36,5,12.735,44.1153340687793,180,11,-0.79,0.1,-0.996,-1.26075949367089,22.1497614148112,0.578774529650358,60
W:36_L:5_NM:11_T:-0.79,36,5,12.735,44.1153340687793,180,11,-0.79,0.1,-0.989,-1.25189873417722,22.1666640652993,0.577305901082364,60
W:36_L:5_NM:11_T:-0.79,36,5,12.735,44.1153340687793,180,11,-0.79,0.1,-0.981,-1.24177215189873,22.184923501773,0.577712937818108,60
W:36_L:5_NM:11_T:-0.79,36,5,12.735,44.1153340687793,180,11,-0.79,0.1,-0.974,-1.23291139240506,22.198894754538,0.581472596026647,60
W:36_L:5_NM:11_T:-0.79,36,5,12.735,44.1153340687793,180,11,-0.79,0.1,-0.966,-1.22278481012658,22.2186232375083,0.593849890318333,60
W:36_L:5_NM:11_T:-0.79,36,5,12.735,44.1153340687793,180,11,-0.79,0.1,-0.959,-1.21392405063291,22.2733836247226,0.620718211507337,60
W:36_L:5_NM:11_T:-0.79,36,5,12.735,44.1153340687793,180,11,-0.79,0.1,-0.951,-1.20379746835443,22.6315419507397,0.694974024924669,62
W:36_L:5_NM:11_T:-0.79,36,5,12.735,44.1153340687793,180,11,-0.79,0.1,-0.944,-1.19493670886076,23.4290444792623,0.722397958793593,64
W:36_L:5_NM:11_T:-0.79,36,5,12.735,44.1153340687793,180,11,-0.79,0.1,-0.936,-1.18481012658228,23.5881344280001,0.718172863729724,64
W:36_L:5_NM:11_T:-0.79,36,5,12.735,44.1153340687793,180,11,-0.79,0.1,-0.929,-1.17594936708861,23.6781733049317,0.703303117109639,64
W:36_L:5_NM:11_T:-0.79,36,5,12.735,44.1153340687793,180,11,-0.79,0.1,-0.921,-1.16582278481013,23.7341169364587,0.690235738375707,64
W:36_L:5_NM:11_T:-0.79,36,5,12.735,44.1153340687793,180,11,-0.79,0.1,-0.914,-1.15696202531646,23.7448680772252,0.687015104444413,64
W:36_L:5_NM:11_T:-0.79,36,5,12.735,44.1153340687793,180,11,-0.79,0.1,-0.906,-1.14683544303797,23.7251501364971,0.690249580904122,64
W:36_L:5_NM:11_T:-0.79,36,5,12.735,44.1153340687793,180,11,-0.79,0.1,-0.898,-1.13670886075949,23.6894852874912,0.694648504347507,64
W:36_L:5_NM:11_T:-0.79,36,5,12.735,44.1153340687793,180,11,-0.79,0.1,-0.891,-1.12784810126582,23.6602570945456,0.695579006794678,64
W:36_L:5_NM:11_T:-0.79,36,5,12.735,44.1153340687793,180,11,-0.79,0.1,-0.883,-1.11772151898734,23.6179010460864,0.699894011962012,64
W:36_L:5_NM:11_T:-0.79,36,5,12.735,44.1153340687793,180,11,-0.79,0.1,-0.876,-1.10886075949367,23.5542469388837,0.719067529313208,64
W:36_L:5_NM:11_T:-0.79,36,5,12.735,44.1153340687793,180,11,-0.79,0.1,-0.868,-1.09873417721519,23.4764982657737,0.770247341643579,64
W:36_L:5_NM:11_T:-0.79,36,5,12.735,44.1153340687793,180,11,-0.79,0.1,-0.861,-1.08987341772152,24.3199066478859,0.806889948377206,68
W:36_L:5_NM:11_T:-0.79,36,5,12.735,44.1153340687793,180,11,-0.79,0.1,-0.853,-1.07974683544304,24.4527947958747,0.796824111638184,68
W:36_L:5_NM:11_T:-0.79,36,5,12.735,44.1153340687793,180,11,-0.79,0.1,-0.846,-1.07088607594937,24.4129886198644,0.789337405181112,68
W:36_L:5_NM:11_T:-0.79,36,5,12.735,44.1153340687793,180,11,-0.79,0.1,-0.838,-1.06075949367089,24.3330535753417,0.782952019767124,68
W:36_L:5_NM:11_T:-0.79,36,5,12.735,44.1153340687793,180,11,-0.79,0.1,-0.831,-1.05189873417722,24.2692590465413,0.781547245477083,68
W:36_L:5_NM:11_T:-0.79,36,5,12.735,44.1153340687793,180,11,-0.79,0.1,-0.823,-1.04177215189873,24.1871794378038,0.791762970487286,68
W:36_L:5_NM:11_T:-0.79,36,5,12.735,44.1153340687793,180,11,-0.79,0.1,-0.816,-1.03291139240506,24.098657926074,0.817632423812892,68
W:36_L:5_NM:11_T:-0.79,36,5,12.735,44.1153340687793,180,11,-0.79,0.1,-0.808,-1.02278481012658,24.6244111736873,0.882501810110341,72
W:36_L:5_NM:11_T:-0.79,36,5,12.735,44.1153340687793,180,11,-0.79,0.1,-0.801,-1.01392405063291,24.7132959244499,0.89717654711439,72
W:36_L:5_NM:11_T:-0.79,36,5,12.735,44.1153340687793,180,11,-0.79,0.1,-0.793,-1.00379746835443,24.2143193872991,0.922954471077703,72
W:36_L:5_NM:11_T:-0.79,36,5,12.735,44.1153340687793,180,11,-0.79,0.1,-0.786,-0.99493670886076,23.0156900298242,0.915914681958623,70
W:36_L:5_NM:11_T:-0.79,36,5,12.735,44.1153340687793,180,11,-0.79,0.1,-0.778,-0.984810126582279,21.8192005439398,0.89114991699338,66
W:36_L:5_NM:11_T:-0.79,36,5,12.735,44.1153340687793,180,11,-0.79,0.1,-0.771,-0.975949367088608,20.9324271042193,0.906340179085912,60
W:36_L:5_NM:11_T:-0.79,36,5,12.735,44.1153340687793,180,11,-0.79,0.1,-0.763,-0.965822784810127,20.5816402675904,0.862661880118132,60
W:36_L:5_NM:11_T:-0.79,36,5,12.735,44.1153340687793,180,11,-0.79,0.1,-0.756,-0.956962025316456,20.3934362606327,0.847364061626681,60
W:36_L:5_NM:11_T:-0.79,36,5,12.735,44.1153340687793,180,11,-0.79,0.1,-0.748,-0.946835443037975,19.3495806123968,0.782061980336949,56
W:36_L:5_NM:11_T:-0.79,36,5,12.735,44.1153340687793,180,11,-0.79,0.1,-0.741,-0.937974683544304,18.4099382044669,0.725730931905114,56
W:36_L:5_NM:11_T:-0.79,36,5,12.735,44.1153340687793,180,11,-0.79,0.1,-0.733,-0.927848101265823,18.0755360219551,0.640122596343877,52
W:36_L:5_NM:11_T:-0.79,36,5,12.735,44.1153340687793,180,11,-0.79,0.1,-0.726,-0.918987341772152,17.9210572370297,0.625426355356553,52
W:36_L:5_NM:11_T:-0.79,36,5,12.735,44.1153340687793,180,11,-0.79,0.1,-0.718,-0.908860759493671,17.7049493254885,0.623770065062669,52
W:36_L:5_NM:11_T:-0.79,36,5,12.735,44.1153340687793,180,11,-0.79,0.1,-0.711,-0.9,17.4329848917711,0.628901502692311,52
W:36_L:5_NM:11_T:-0.79,36,5,12.735,44.1153340687793,180,11,-0.79,0.1,-0.703,-0.889873417721519,16.5947445787167,0.642248258688679,52
W:36_L:5_NM:11_T:-0.79,36,5,12.735,44.1153340687793,180,11,-0.79,0.1,-0.695,-0.879746835443038,15.9267267850625,0.620313104987358,48
W:36_L:5_NM:11_T:-0.79,36,5,12.735,44.1153340687793,180,11,-0.79,0.1,-0.688,-0.870886075949367,15.4316136297516,0.600753865505973,48
W:36_L:5_NM:11_T:-0.79,36,5,12.735,44.1153340687793,180,11,-0.79,0.1,-0.68,-0.860759493670886,14.6346946995899,0.603051667654958,44
W:36_L:5_NM:11_T:-0.79,36,5,12.735,44.1153340687793,180,11,-0.79,0.1,-0.673,-0.851898734177215,14.7551406644082,0.565864652881312,44
W:36_L:5_NM:11_T:-0.79,36,5,12.735,44.1153340687793,180,11,-0.79,0.1,-0.665,-0.841772151898734,14.9858367546015,0.539560711413641,44
W:36_L:5_NM:11_T:-0.79,36,5,12.735,44.1153340687793,180,11,-0.79,0.1,-0.658,-0.832911392405063,15.1075829971102,0.529125670694486,44
W:36_L:5_NM:11_T:-0.79,36,5,12.735,44.1153340687793,180,11,-0.79,0.1,-0.65,-0.822784810126582,15.1502812512072,0.52572693027361,44
W:36_L:5_NM:11_T:-0.79,36,5,12.735,44.1153340687793,180,11,-0.79,0.1,-0.643,-0.813924050632911,15.0928582505155,0.529163446403138,44
W:36_L:5_NM:11_T:-0.79,36,5,12.735,44.1153340687793,180,11,-0.79,0.1,-0.635,-0.80379746835443,14.7292043004908,0.551718641986223,44
W:36_L:5_NM:11_T:-0.79,36,5,12.735,44.1153340687793,180,11,-0.79,0.1,-0.628,-0.79493670886076,13.6913971373462,0.509663082894582,40
W:36_L:5_NM:11_T:-0.79,36,5,12.735,44.1153340687793,180,11,-0.79,0.1,-0.62,-0.784810126582278,13.6035596544652,0.487091417919143,40
W:36_L:5_NM:11_T:-0.79,36,5,12.735,44.1153340687793,180,11,-0.79,0.1,-0.613,-0.775949367088608,12.7047240856803,0.500282091946235,40
W:36_L:5_NM:11_T:-0.79,36,5,12.735,44.1153340687793,180,11,-0.79,0.1,-0.605,-0.765822784810127,12.2754774481851,0.455942749066344,36
W:36_L:5_NM:11_T:-0.79,36,5,12.735,44.1153340687793,180,11,-0.79,0.1,-0.598,-0.756962025316456,12.4010487962209,0.427232118431434,36
W:36_L:5_NM:11_T:-0.79,36,5,12.735,44.1153340687793,180,11,-0.79,0.1,-0.59,-0.746835443037975,12.5267885079172,0.412148493921146,36
W:36_L:5_NM:11_T:-0.79,36,5,12.735,44.1153340687793,180,11,-0.79,0.1,-0.583,-0.737974683544304,12.5750482157371,0.406554734189269,36
W:36_L:5_NM:11_T:-0.79,36,5,12.735,44.1153340687793,180,11,-0.79,0.1,-0.575,-0.727848101265823,12.5489772884697,0.403923168300648,36
W:36_L:5_NM:11_T:-0.79,36,5,12.735,44.1153340687793,180,11,-0.79,0.1,-0.568,-0.718987341772152,12.4549793844203,0.402191059257944,36
W:36_L:5_NM:11_T:-0.79,36,5,12.735,44.1153340687793,180,11,-0.79,0.1,-0.56,-0.708860759493671,12.2852131839608,0.399263208457176,36
W:36_L:5_NM:11_T:-0.79,36,5,12.735,44.1153340687793,180,11,-0.79,0.1,-0.553,-0.7,12.065262343741,0.396546559441477,36
W:36_L:5_NM:11_T:-0.79,36,5,12.735,44.1153340687793,180,11,-0.79,0.1,-0.545,-0.689873417721519,11.4094391752121,0.386845105517523,36
W:36_L:5_NM:11_T:-0.79,36,5,12.735,44.1153340687793,180,11,-0.79,0.1,-0.538,-0.681012658227848,11.0543657066206,0.383460204834841,32
W:36_L:5_NM:11_T:-0.79,36,5,12.735,44.1153340687793,180,11,-0.79,0.1,-0.53,-0.670886075949367,10.5681281522465,0.38310637606479,32
W:36_L:5_NM:11_T:-0.79,36,5,12.735,44.1153340687793,180,11,-0.79,0.1,-0.523,-0.662025316455696,9.98367473065301,0.348754088629127,32
W:36_L:5_NM:11_T:-0.79,36,5,12.735,44.1153340687793,180,11,-0.79,0.1,-0.515,-0.651898734177215,10.045018139112,0.316605124920885,28
W:36_L:5_NM:11_T:-0.79,36,5,12.735,44.1153340687793,180,11,-0.79,0.1,-0.508,-0.643037974683544,10.0811413026709,0.30690040121448,28
W:36_L:5_NM:11_T:-0.79,36,5,12.735,44.1153340687793,180,11,-0.79,0.1,-0.5,-0.632911392405063,10.1427405393973,0.302187754509271,28
W:36_L:5_NM:11_T:-0.79,36,5,12.735,44.1153340687793,180,11,-0.79,0.1,-0.492,-0.622784810126582,10.2157855936737,0.301081780608603,28
W:36_L:5_NM:11_T:-0.79,36,5,12.735,44.1153340687793,180,11,-0.79,0.1,-0.485,-0.613924050632911,10.2704791118803,0.302309475277607,28
W:36_L:5_NM:11_T:-0.79,36,5,12.735,44.1153340687793,180,11,-0.79,0.1,-0.477,-0.60379746835443,10.3035774369797,0.305842197054408,28
W:36_L:5_NM:11_T:-0.79,36,5,12.735,44.1153340687793,180,11,-0.79,0.1,-0.47,-0.594936708860759,10.2861906430488,0.310883013189292,28
W:36_L:5_NM:11_T:-0.79,36,5,12.735,44.1153340687793,180,11,-0.79,0.1,-0.462,-0.584810126582279,10.1851637366102,0.318717629580514,28
W:36_L:5_NM:11_T:-0.79,36,5,12.735,44.1153340687793,180,11,-0.79,0.1,-0.455,-0.575949367088608,9.97685765321718,0.327121934655945,28
W:36_L:5_NM:11_T:-0.79,36,5,12.735,44.1153340687793,180,11,-0.79,0.1,-0.447,-0.565822784810127,9.40903358707443,0.333253802084274,28
W:36_L:5_NM:11_T:-0.79,36,5,12.735,44.1153340687793,180,11,-0.79,0.1,-0.44,-0.556962025316456,8.92253493589173,0.283968018400119,28
W:36_L:5_NM:11_T:-0.79,36,5,12.735,44.1153340687793,180,11,-0.79,0.1,-0.432,-0.546835443037975,8.63939755223172,0.284687233687049,24
W:36_L:5_NM:11_T:-0.79,36,5,12.735,44.1153340687793,180,11,-0.79,0.1,-0.425,-0.537974683544304,7.85898349759687,0.331986284377024,24
W:36_L:5_NM:11_T:-0.79,36,5,12.735,44.1153340687793,180,11,-0.79,0.1,-0.417,-0.527848101265823,7.29137256827809,0.301105835829171,22
W:36_L:5_NM:11_T:-0.79,36,5,12.735,44.1153340687793,180,11,-0.79,0.1,-0.41,-0.518987341772152,7.63946133903168,0.257282678008986,20
W:36_L:5_NM:11_T:-0.79,36,5,12.735,44.1153340687793,180,11,-0.79,0.1,-0.402,-0.508860759493671,7.85214844315167,0.241527713316714,20
W:36_L:5_NM:11_T:-0.79,36,5,12.735,44.1153340687793,180,11,-0.79,0.1,-0.395,-0.5,7.83075432464839,0.260453598623201,20
W:36_L:5_NM:11_T:-0.79,36,5,12.735,44.1153340687793,180,11,-0.79,0.1,-0.387,-0.489873417721519,7.63380661448011,0.324231033108567,20
W:36_L:5_NM:11_T:-0.79,36,5,12.735,44.1153340687793,180,11,-0.79,0.1,-0.38,-0.481012658227848,7.89836601900856,0.307718208444811,20
W:36_L:5_NM:11_T:-0.79,36,5,12.735,44.1153340687793,180,11,-0.79,0.1,-0.372,-0.470886075949367,8.20802738747448,0.260112444112747,20
W:36_L:5_NM:11_T:-0.79,36,5,12.735,44.1153340687793,180,11,-0.79,0.1,-0.365,-0.462025316455696,8.2965337820663,0.243778841940251,20
W:36_L:5_NM:11_T:-0.79,36,5,12.735,44.1153340687793,180,11,-0.79,0.1,-0.357,-0.451898734177215,8.29998992736928,0.238201686214925,20
W:36_L:5_NM:11_T:-0.79,36,5,12.735,44.1153340687793,180,11,-0.79,0.1,-0.35,-0.443037974683544,8.23958319306185,0.239064206094969,20
W:36_L:5_NM:11_T:-0.79,36,5,12.735,44.1153340687793,180,11,-0.79,0.1,-0.342,-0.432911392405063,8.08890235715445,0.246787361338089,20
W:36_L:5_NM:11_T:-0.79,36,5,12.735,44.1153340687793,180,11,-0.79,0.1,-0.335,-0.424050632911392,7.74871754911542,0.270008667804186,20
W:36_L:5_NM:11_T:-0.79,36,5,12.735,44.1153340687793,180,11,-0.79,0.1,-0.327,-0.413924050632911,6.12098510010788,0.277599536212864,20
W:36_L:5_NM:11_T:-0.79,36,5,12.735,44.1153340687793,180,11,-0.79,0.1,-0.32,-0.405063291139241,6.42274469500196,0.211208228991274,16
W:36_L:5_NM:11_T:-0.79,36,5,12.735,44.1153340687793,180,11,-0.79,0.1,-0.312,-0.39493670886076,5.48124652518206,0.185502327405065,16
W:36_L:5_NM:11_T:-0.79,36,5,12.735,44.1153340687793,180,11,-0.79,0.1,-0.305,-0.386075949367089,5.37954647642051,0.157366877041066,16
W:36_L:5_NM:11_T:-0.79,36,5,12.735,44.1153340687793,180,11,-0.79,0.1,-0.297,-0.375949367088608,5.40312606181919,0.126748455850277,12
W:36_L:5_NM:11_T:-0.79,36,5,12.735,44.1153340687793,180,11,-0.79,0.1,-0.289,-0.365822784810127,5.39914686421802,0.122710139550531,12
W:36_L:5_NM:11_T:-0.79,36,5,12.735,44.1153340687793,180,11,-0.79,0.1,-0.282,-0.356962025316456,5.38727955447438,0.122281970254451,12
W:36_L:5_NM:11_T:-0.79,36,5,12.735,44.1153340687793,180,11,-0.79,0.1,-0.274,-0.346835443037975,5.36490662296667,0.1232368051347,12
W:36_L:5_NM:11_T:-0.79,36,5,12.735,44.1153340687793,180,11,-0.79,0.1,-0.267,-0.337974683544304,5.33559915032101,0.125009044734887,12
W:36_L:5_NM:11_T:-0.79,36,5,12.735,44.1153340687793,180,11,-0.79,0.1,-0.259,-0.327848101265823,5.28970009710357,0.127995282730259,12
W:36_L:5_NM:11_T:-0.79,36,5,12.735,44.1153340687793,180,11,-0.79,0.1,-0.252,-0.318987341772152,5.23738639482575,0.131488190778038,12
W:36_L:5_NM:11_T:-0.79,36,5,12.735,44.1153340687793,180,11,-0.79,0.1,-0.244,-0.308860759493671,5.16036673858167,0.13696744883754,12
W:36_L:5_NM:11_T:-0.79,36,5,12.735,44.1153340687793,180,11,-0.79,0.1,-0.237,-0.3,5.07350529207684,0.143539686399497,12
W:36_L:5_NM:11_T:-0.79,36,5,12.735,44.1153340687793,180,11,-0.79,0.1,-0.229,-0.289873417721519,4.93985486765912,0.153955365543104,12
W:36_L:5_NM:11_T:-0.79,36,5,12.735,44.1153340687793,180,11,-0.79,0.1,-0.222,-0.281012658227848,4.76531279387466,0.165586236939388,12
W:36_L:5_NM:11_T:-0.79,36,5,12.735,44.1153340687793,180,11,-0.79,0.1,-0.214,-0.270886075949367,4.3056517824397,0.177110662922356,12
W:36_L:5_NM:11_T:-0.79,36,5,12.735,44.1153340687793,180,11,-0.79,0.1,-0.207,-0.262025316455696,3.62512647240426,0.162424874097246,12
W:36_L:5_NM:11_T:-0.79,36,5,12.735,44.1153340687793,180,11,-0.79,0.1,-0.199,-0.251898734177215,3.39123576176562,0.173971192027701,12
W:36_L:5_NM:11_T:-0.79,36,5,12.735,44.1153340687793,180,11,-0.79,0.1,-0.192,-0.243037974683544,1.73487265664441,0.15019627581369,8
W:36_L:5_NM:11_T:-0.79,36,5,12.735,44.1153340687793,180,11,-0.79,0.1,-0.184,-0.232911392405063,1.79331732427346,0.0641501034628476,8
W:36_L:5_NM:11_T:-0.79,36,5,12.735,44.1153340687793,180,11,-0.79,0.1,-0.177,-0.224050632911392,1.56846268649925,0.0794289228617546,6
W:36_L:5_NM:11_T:-0.79,36,5,12.735,44.1153340687793,180,11,-0.79,0.1,-0.169,-0.213924050632911,1.21050811841238,0.0949272801126956,4
W:36_L:5_NM:11_T:-0.79,36,5,12.735,44.1153340687793,180,11,-0.79,0.1,-0.162,-0.205063291139241,1.18510892960832,0.0846247267860564,4
W:36_L:5_NM:11_T:-0.79,36,5,12.735,44.1153340687793,180,11,-0.79,0.1,-0.154,-0.194936708860759,1.40464652723233,0.065616413034371,4
W:36_L:5_NM:11_T:-0.79,36,5,12.735,44.1153340687793,180,11,-0.79,0.1,-0.147,-0.186075949367089,1.57581432497416,0.0554997832537023,4
W:36_L:5_NM:11_T:-0.79,36,5,12.735,44.1153340687793,180,11,-0.79,0.1,-0.139,-0.175949367088608,1.70765633188575,0.0497993322128502,4
W:36_L:5_NM:11_T:-0.79,36,5,12.735,44.1153340687793,180,11,-0.79,0.1,-0.132,-0.167088607594937,1.78439952592395,0.0476931347842876,4
W:36_L:5_NM:11_T:-0.79,36,5,12.735,44.1153340687793,180,11,-0.79,0.1,-0.124,-0.156962025316456,1.84265076032589,0.0472492429112635,4
W:36_L:5_NM:11_T:-0.79,36,5,12.735,44.1153340687793,180,11,-0.79,0.1,-0.117,-0.148101265822785,1.87383625756599,0.0480567274817122,4
W:36_L:5_NM:11_T:-0.79,36,5,12.735,44.1153340687793,180,11,-0.79,0.1,-0.109,-0.137974683544304,1.88769033225623,0.0503972719106506,4
W:36_L:5_NM:11_T:-0.79,36,5,12.735,44.1153340687793,180,11,-0.79,0.1,-0.102,-0.129113924050633,1.87855361277031,0.0540718765138409,4
W:36_L:5_NM:11_T:-0.79,36,5,12.735,44.1153340687793,180,11,-0.79,0.1,-0.094,-0.118987341772152,1.83764063870388,0.0617589449367147,4
W:36_L:5_NM:11_T:-0.79,36,5,12.735,44.1153340687793,180,11,-0.79,0.1,-0.086,-0.108860759493671,1.75297534204465,0.0792835152077666,4
W:36_L:5_NM:11_T:-0.79,36,5,12.735,44.1153340687793,180,11,-0.79,0.1,-0.079,-0.1,1.68820423844613,0.112168080157724,4
W:36_L:5_NM:11_T:-0.79,36,5,12.735,44.1153340687793,180,11,-0.79,0.1,-0.071,-0.089873417721519,1.83881055620119,0.11146830758233,4
W:36_L:5_NM:11_T:-0.79,36,5,12.735,44.1153340687793,180,11,-0.79,0.1,-0.064,-0.0810126582278481,1.89499883863982,0.115424444172035,4
W:36_L:5_NM:11_T:-0.79,36,5,12.735,44.1153340687793,180,11,-0.79,0.1,-0.056,-0.0708860759493671,1.95945226857442,0.139041152378226,4
W:36_L:5_NM:11_T:-0.79,36,5,12.735,44.1153340687793,180,11,-0.79,0.1,-0.049,-0.0620253164556962,1.99513707324056,0.153130091157044,4
W:36_L:5_NM:11_T:-0.79,36,5,12.735,44.1153340687793,180,11,-0.79,0.1,-0.041,-0.0518987341772152,1.99940008503052,0.185023487984925,4
W:36_L:5_NM:11_T:-0.79,36,5,12.735,44.1153340687793,180,11,-0.79,0.1,-0.034,-0.0430379746835443,1.99946194618439,0.208606641469701,4
W:36_L:5_NM:11_T:-0.79,36,5,12.735,44.1153340687793,180,11,-0.79,0.1,-0.026,-0.0329113924050633,1.99979416396682,0.213077606707977,4
W:36_L:5_NM:11_T:-0.79,36,5,12.735,44.1153340687793,180,11,-0.79,0.1,-0.019,-0.0240506329113924,1.99993659521303,0.215545739655585,4
W:36_L:5_NM:11_T:-0.79,36,5,12.735,44.1153340687793,180,11,-0.79,0.1,-0.011,-0.0139240506329114,1.99999380580194,0.237867410315721,4
W:36_L:5_NM:11_T:-0.79,36,5,12.735,44.1153340687793,180,11,-0.79,0.1,-0.004,-0.00506329113924051,2.00000158014104,0.276225790686266,4
W:36_L:5_NM:11_T:-0.79,36,5,12.735,44.1153340687793,180,11,-0.79,0.1,0.004,0.00506329113924051,2.00000158002843,0.276225892314227,4
W:36_L:5_NM:11_T:-0.79,36,5,12.735,44.1153340687793,180,11,-0.79,0.1,0.011,0.0139240506329114,1.99999380600069,0.237867502134325,4
W:36_L:5_NM:11_T:-0.79,36,5,12.735,44.1153340687793,180,11,-0.79,0.1,0.019,0.0240506329113924,1.99993659583463,0.215545764646137,4
W:36_L:5_NM:11_T:-0.79,36,5,12.735,44.1153340687793,180,11,-0.79,0.1,0.026,0.0329113924050633,1.99979416459562,0.213077606318119,4
W:36_L:5_NM:11_T:-0.79,36,5,12.735,44.1153340687793,180,11,-0.79,0.1,0.034,0.0430379746835443,1.99946194688345,0.208606680259391,4
W:36_L:5_NM:11_T:-0.79,36,5,12.735,44.1153340687793,180,11,-0.79,0.1,0.041,0.0518987341772152,1.99940008417139,0.185023576391428,4
W:36_L:5_NM:11_T:-0.79,36,5,12.735,44.1153340687793,180,11,-0.79,0.1,0.049,0.0620253164556962,1.99513711237014,0.153130145148038,4
W:36_L:5_NM:11_T:-0.79,36,5,12.735,44.1153340687793,180,11,-0.79,0.1,0.056,0.0708860759493671,1.95945242860328,0.139041201626893,4
W:36_L:5_NM:11_T:-0.79,36,5,12.735,44.1153340687793,180,11,-0.79,0.1,0.064,0.0810126582278481,1.89499896212575,0.115424488656411,4
W:36_L:5_NM:11_T:-0.79,36,5,12.735,44.1153340687793,180,11,-0.79,0.1,0.071,0.089873417721519,1.83881081381466,0.111468282363206,4
W:36_L:5_NM:11_T:-0.79,36,5,12.735,44.1153340687793,180,11,-0.79,0.1,0.079,0.1,1.68820433073197,0.112168168481778,4
W:36_L:5_NM:11_T:-0.79,36,5,12.735,44.1153340687793,180,11,-0.79,0.1,0.086,0.108860759493671,1.75297507931491,0.0792835821344317,4
W:36_L:5_NM:11_T:-0.79,36,5,12.735,44.1153340687793,180,11,-0.79,0.1,0.094,0.118987341772152,1.83764048839024,0.061758971913349,4
W:36_L:5_NM:11_T:-0.79,36,5,12.735,44.1153340687793,180,11,-0.79,0.1,0.102,0.129113924050633,1.87855355181003,0.0540718893698066,4
W:36_L:5_NM:11_T:-0.79,36,5,12.735,44.1153340687793,180,11,-0.79,0.1,0.109,0.137974683544304,1.88769032900229,0.0503972802478886,4
W:36_L:5_NM:11_T:-0.79,36,5,12.735,44.1153340687793,180,11,-0.79,0.1,0.117,0.148101265822785,1.87383631142733,0.048056731635138,4
W:36_L:5_NM:11_T:-0.79,36,5,12.735,44.1153340687793,180,11,-0.79,0.1,0.124,0.156962025316456,1.84265086153085,0.0472492435719641,4
W:36_L:5_NM:11_T:-0.79,36,5,12.735,44.1153340687793,180,11,-0.79,0.1,0.132,0.167088607594937,1.78439969275252,0.0476931313187571,4
W:36_L:5_NM:11_T:-0.79,36,5,12.735,44.1153340687793,180,11,-0.79,0.1,0.139,0.175949367088608,1.70765658930307,0.0497993232204524,4
W:36_L:5_NM:11_T:-0.79,36,5,12.735,44.1153340687793,180,11,-0.79,0.1,0.147,0.186075949367089,1.57581466962556,0.0554997655216082,4
W:36_L:5_NM:11_T:-0.79,36,5,12.735,44.1153340687793,180,11,-0.79,0.1,0.154,0.194936708860759,1.40464698372047,0.0656163797697024,4
W:36_L:5_NM:11_T:-0.79,36,5,12.735,44.1153340687793,180,11,-0.79,0.1,0.162,0.205063291139241,1.18510926631424,0.0846246784978029,4
W:36_L:5_NM:11_T:-0.79,36,5,12.735,44.1153340687793,180,11,-0.79,0.1,0.169,0.213924050632911,1.21050757814076,0.0949272842032072,4
W:36_L:5_NM:11_T:-0.79,36,5,12.735,44.1153340687793,180,11,-0.79,0.1,0.177,0.224050632911392,1.56846187610125,0.0794289713682098,6
W:36_L:5_NM:11_T:-0.79,36,5,12.735,44.1153340687793,180,11,-0.79,0.1,0.184,0.232911392405063,1.79331693798823,0.0641501295058953,8
W:36_L:5_NM:11_T:-0.79,36,5,12.735,44.1153340687793,180,11,-0.79,0.1,0.192,0.243037974683544,1.7348771329944,0.150192906969873,8
W:36_L:5_NM:11_T:-0.79,36,5,12.735,44.1153340687793,180,11,-0.79,0.1,0.199,0.251898734177215,3.39123446840386,0.173971323253494,12
W:36_L:5_NM:11_T:-0.79,36,5,12.735,44.1153340687793,180,11,-0.79,0.1,0.207,0.262025316455696,3.62512691249046,0.162424502113816,12
W:36_L:5_NM:11_T:-0.79,36,5,12.735,44.1153340687793,180,11,-0.79,0.1,0.214,0.270886075949367,4.30564240116108,0.177110518051138,12
W:36_L:5_NM:11_T:-0.79,36,5,12.735,44.1153340687793,180,11,-0.79,0.1,0.222,0.281012658227848,4.76531211814576,0.165586278709514,12
W:36_L:5_NM:11_T:-0.79,36,5,12.735,44.1153340687793,180,11,-0.79,0.1,0.229,0.289873417721519,4.9398544307515,0.153955399328687,12
W:36_L:5_NM:11_T:-0.79,36,5,12.735,44.1153340687793,180,11,-0.79,0.1,0.237,0.3,5.07350503040105,0.143539706496879,12
W:36_L:5_NM:11_T:-0.79,36,5,12.735,44.1153340687793,180,11,-0.79,0.1,0.244,0.308860759493671,5.16036656563613,0.13696746325986,12
W:36_L:5_NM:11_T:-0.79,36,5,12.735,44.1153340687793,180,11,-0.79,0.1,0.252,0.318987341772152,5.23738625168345,0.131488201494253,12
W:36_L:5_NM:11_T:-0.79,36,5,12.735,44.1153340687793,180,11,-0.79,0.1,0.259,0.327848101265823,5.28969995777284,0.127995291493886,12
W:36_L:5_NM:11_T:-0.79,36,5,12.735,44.1153340687793,180,11,-0.79,0.1,0.267,0.337974683544304,5.33559905579436,0.125009050365989,12
W:36_L:5_NM:11_T:-0.79,36,5,12.735,44.1153340687793,180,11,-0.79,0.1,0.274,0.346835443037975,5.36490655663405,0.123236808429423,12
W:36_L:5_NM:11_T:-0.79,36,5,12.735,44.1153340687793,180,11,-0.79,0.1,0.282,0.356962025316456,5.38727948563528,0.122281973600795,12
W:36_L:5_NM:11_T:-0.79,36,5,12.735,44.1153340687793,180,11,-0.79,0.1,0.289,0.365822784810127,5.39914683831542,0.122710138219685,12
W:36_L:5_NM:11_T:-0.79,36,5,12.735,44.1153340687793,180,11,-0.79,0.1,0.297,0.375949367088608,5.40312605536689,0.126748436799502,12
W:36_L:5_NM:11_T:-0.79,36,5,12.735,44.1153340687793,180,11,-0.79,0.1,0.305,0.386075949367089,5.37954662472816,0.157366628947969,16
W:36_L:5_NM:11_T:-0.79,36,5,12.735,44.1153340687793,180,11,-0.79,0.1,0.312,0.39493670886076,5.48123881554202,0.185503750307055,16
W:36_L:5_NM:11_T:-0.79,36,5,12.735,44.1153340687793,180,11,-0.79,0.1,0.32,0.405063291139241,6.42274492506041,0.211208207481316,16
W:36_L:5_NM:11_T:-0.79,36,5,12.735,44.1153340687793,180,11,-0.79,0.1,0.327,0.413924050632911,6.12098644483007,0.27759901345973,20
W:36_L:5_NM:11_T:-0.79,36,5,12.735,44.1153340687793,180,11,-0.79,0.1,0.335,0.424050632911392,7.74871672921546,0.270008678289639,20
W:36_L:5_NM:11_T:-0.79,36,5,12.735,44.1153340687793,180,11,-0.79,0.1,0.342,0.432911392405063,8.08890164448994,0.246787403217119,20
W:36_L:5_NM:11_T:-0.79,36,5,12.735,44.1153340687793,180,11,-0.79,0.1,0.35,0.443037974683544,8.23958288726582,0.239064211339635,20
W:36_L:5_NM:11_T:-0.79,36,5,12.735,44.1153340687793,180,11,-0.79,0.1,0.357,0.451898734177215,8.29998973716076,0.238201684935784,20
W:36_L:5_NM:11_T:-0.79,36,5,12.735,44.1153340687793,180,11,-0.79,0.1,0.365,0.462025316455696,8.2965337936534,0.243778818604548,20
W:36_L:5_NM:11_T:-0.79,36,5,12.735,44.1153340687793,180,11,-0.79,0.1,0.372,0.470886075949367,8.20802779416345,0.26011238951651,20
W:36_L:5_NM:11_T:-0.79,36,5,12.735,44.1153340687793,180,11,-0.79,0.1,0.38,0.481012658227848,7.89836696718893,0.307718069861127,20
W:36_L:5_NM:11_T:-0.79,36,5,12.735,44.1153340687793,180,11,-0.79,0.1,0.387,0.489873417721519,7.63380647592769,0.324231139576901,20
W:36_L:5_NM:11_T:-0.79,36,5,12.735,44.1153340687793,180,11,-0.79,0.1,0.395,0.5,7.83075394507947,0.260453698747021,20
W:36_L:5_NM:11_T:-0.79,36,5,12.735,44.1153340687793,180,11,-0.79,0.1,0.402,0.508860759493671,7.85214857899545,0.241527720487455,20
W:36_L:5_NM:11_T:-0.79,36,5,12.735,44.1153340687793,180,11,-0.79,0.1,0.41,0.518987341772152,7.63946210943587,0.257282592673057,20
W:36_L:5_NM:11_T:-0.79,36,5,12.735,44.1153340687793,180,11,-0.79,0.1,0.417,0.527848101265823,7.29137309744907,0.301105732096377,22
W:36_L:5_NM:11_T:-0.79,36,5,12.735,44.1153340687793,180,11,-0.79,0.1,0.425,0.537974683544304,7.85897110137316,0.331986295943718,24
W:36_L:5_NM:11_T:-0.79,36,5,12.735,44.1153340687793,180,11,-0.79,0.1,0.432,0.546835443037975,8.63939702754709,0.284687258598561,24
W:36_L:5_NM:11_T:-0.79,36,5,12.735,44.1153340687793,180,11,-0.79,0.1,0.44,0.556962025316456,8.922534404477,0.283967989087504,28
W:36_L:5_NM:11_T:-0.79,36,5,12.735,44.1153340687793,180,11,-0.79,0.1,0.447,0.565822784810127,9.40902898848669,0.333253669088785,28
W:36_L:5_NM:11_T:-0.79,36,5,12.735,44.1153340687793,180,11,-0.79,0.1,0.455,0.575949367088608,9.97685639013572,0.327121962190749,28
W:36_L:5_NM:11_T:-0.79,36,5,12.735,44.1153340687793,180,11,-0.79,0.1,0.462,0.584810126582279,10.1851631952134,0.318717651564881,28
W:36_L:5_NM:11_T:-0.79,36,5,12.735,44.1153340687793,180,11,-0.79,0.1,0.47,0.594936708860759,10.2861904613818,0.310883027454002,28
W:36_L:5_NM:11_T:-0.79,36,5,12.735,44.1153340687793,180,11,-0.79,0.1,0.477,0.60379746835443,10.3035773965946,0.305842208224854,28
W:36_L:5_NM:11_T:-0.79,36,5,12.735,44.1153340687793,180,11,-0.79,0.1,0.485,0.613924050632911,10.2704791478842,0.30230948162118,28
W:36_L:5_NM:11_T:-0.79,36,5,12.735,44.1153340687793,180,11,-0.79,0.1,0.492,0.622784810126582,10.2157856885869,0.301081781244634,28
W:36_L:5_NM:11_T:-0.79,36,5,12.735,44.1153340687793,180,11,-0.79,0.1,0.5,0.632911392405063,10.1427406344979,0.302187748322858,28
W:36_L:5_NM:11_T:-0.79,36,5,12.735,44.1153340687793,180,11,-0.79,0.1,0.508,0.643037974683544,10.0811413484582,0.30690038394515,28
W:36_L:5_NM:11_T:-0.79,36,5,12.735,44.1153340687793,180,11,-0.79,0.1,0.515,0.651898734177215,10.0450181584047,0.316605084771834,28
W:36_L:5_NM:11_T:-0.79,36,5,12.735,44.1153340687793,180,11,-0.79,0.1,0.523,0.662025316455696,9.98367485204488,0.348753948911749,32
W:36_L:5_NM:11_T:-0.79,36,5,12.735,44.1153340687793,180,11,-0.79,0.1,0.53,0.670886075949367,10.5681279075666,0.383106335391495,32
W:36_L:5_NM:11_T:-0.79,36,5,12.735,44.1153340687793,180,11,-0.79,0.1,0.538,0.681012658227848,11.0543644642923,0.383460203990472,32
W:36_L:5_NM:11_T:-0.79,36,5,12.735,44.1153340687793,180,11,-0.79,0.1,0.545,0.689873417721519,11.409438123813,0.38684506727698,36
W:36_L:5_NM:11_T:-0.79,36,5,12.735,44.1153340687793,180,11,-0.79,0.1,0.553,0.7,12.0652617676536,0.396546550883785,36
W:36_L:5_NM:11_T:-0.79,36,5,12.735,44.1153340687793,180,11,-0.79,0.1,0.56,0.708860759493671,12.2852125595937,0.399263203423563,36
W:36_L:5_NM:11_T:-0.79,36,5,12.735,44.1153340687793,180,11,-0.79,0.1,0.568,0.718987341772152,12.4549789672349,0.402191053893734,36
W:36_L:5_NM:11_T:-0.79,36,5,12.735,44.1153340687793,180,11,-0.79,0.1,0.575,0.727848101265823,12.5489770485009,0.403923165195812,36
W:36_L:5_NM:11_T:-0.79,36,5,12.735,44.1153340687793,180,11,-0.79,0.1,0.583,0.737974683544304,12.5750481929901,0.406554725291361,36
W:36_L:5_NM:11_T:-0.79,36,5,12.735,44.1153340687793,180,11,-0.79,0.1,0.59,0.746835443037975,12.5267886541558,0.412148472198201,36
W:36_L:5_NM:11_T:-0.79,36,5,12.735,44.1153340687793,180,11,-0.79,0.1,0.598,0.756962025316456,12.4010490860033,0.427232064208101,36
W:36_L:5_NM:11_T:-0.79,36,5,12.735,44.1153340687793,180,11,-0.79,0.1,0.605,0.765822784810127,12.2754775590703,0.455942638913178,36
W:36_L:5_NM:11_T:-0.79,36,5,12.735,44.1153340687793,180,11,-0.79,0.1,0.613,0.775949367088608,12.7047205834533,0.500282024224452,40
W:36_L:5_NM:11_T:-0.79,36,5,12.735,44.1153340687793,180,11,-0.79,0.1,0.62,0.784810126582278,13.6035589332133,0.4870914291595,40
W:36_L:5_NM:11_T:-0.79,36,5,12.735,44.1153340687793,180,11,-0.79,0.1,0.628,0.79493670886076,13.6913967572242,0.509662951762558,40
W:36_L:5_NM:11_T:-0.79,36,5,12.735,44.1153340687793,180,11,-0.79,0.1,0.635,0.80379746835443,14.7292062474381,0.551718466753622,44
W:36_L:5_NM:11_T:-0.79,36,5,12.735,44.1153340687793,180,11,-0.79,0.1,0.643,0.813924050632911,15.0928579857517,0.529163460106114,44
W:36_L:5_NM:11_T:-0.79,36,5,12.735,44.1153340687793,180,11,-0.79,0.1,0.65,0.822784810126582,15.1502811710359,0.525726930481717,44
W:36_L:5_NM:11_T:-0.79,36,5,12.735,44.1153340687793,180,11,-0.79,0.1,0.658,0.832911392405063,15.1075831504525,0.52912565276816,44
W:36_L:5_NM:11_T:-0.79,36,5,12.735,44.1153340687793,180,11,-0.79,0.1,0.665,0.841772151898734,14.9858371298727,0.53956066908001,44
W:36_L:5_NM:11_T:-0.79,36,5,12.735,44.1153340687793,180,11,-0.79,0.1,0.673,0.851898734177215,14.755141225551,0.565864561091473,44
W:36_L:5_NM:11_T:-0.79,36,5,12.735,44.1153340687793,180,11,-0.79,0.1,0.68,0.860759493670886,14.6346943538355,0.603051579725365,44
W:36_L:5_NM:11_T:-0.79,36,5,12.735,44.1153340687793,180,11,-0.79,0.1,0.688,0.870886075949367,15.4316055504262,0.600753857185851,48
W:36_L:5_NM:11_T:-0.79,36,5,12.735,44.1153340687793,180,11,-0.79,0.1,0.695,0.879746835443038,15.9267255154029,0.620313042906005,48
W:36_L:5_NM:11_T:-0.79,36,5,12.735,44.1153340687793,180,11,-0.79,0.1,0.703,0.889873417721519,16.5947412530965,0.642248183565201,52
W:36_L:5_NM:11_T:-0.79,36,5,12.735,44.1153340687793,180,11,-0.79,0.1,0.711,0.9,17.4329839603709,0.6289015227024,52
W:36_L:5_NM:11_T:-0.79,36,5,12.735,44.1153340687793,180,11,-0.79,0.1,0.718,0.908860759493671,17.7049486280799,0.623770071911531,52
W:36_L:5_NM:11_T:-0.79,36,5,12.735,44.1153340687793,180,11,-0.79,0.1,0.726,0.918987341772152,17.9210567514937,0.625426337194352,52
W:36_L:5_NM:11_T:-0.79,36,5,12.735,44.1153340687793,180,11,-0.79,0.1,0.733,0.927848101265823,18.0755355901285,0.640122523218131,52
W:36_L:5_NM:11_T:-0.79,36,5,12.735,44.1153340687793,180,11,-0.79,0.1,0.741,0.937974683544304,18.4099356888037,0.725730237365063,56
W:36_L:5_NM:11_T:-0.79,36,5,12.735,44.1153340687793,180,11,-0.79,0.1,0.748,0.946835443037975,19.3495789522861,0.782061826216937,56
W:36_L:5_NM:11_T:-0.79,36,5,12.735,44.1153340687793,180,11,-0.79,0.1,0.756,0.956962025316456,20.3934352669827,0.847364067220657,60
W:36_L:5_NM:11_T:-0.79,36,5,12.735,44.1153340687793,180,11,-0.79,0.1,0.763,0.965822784810127,20.581639493795,0.86266179086736,60
W:36_L:5_NM:11_T:-0.79,36,5,12.735,44.1153340687793,180,11,-0.79,0.1,0.771,0.975949367088608,20.9324254697409,0.906340143051835,60
W:36_L:5_NM:11_T:-0.79,36,5,12.735,44.1153340687793,180,11,-0.79,0.1,0.778,0.984810126582279,21.8191974798279,0.891149815859024,66
W:36_L:5_NM:11_T:-0.79,36,5,12.735,44.1153340687793,180,11,-0.79,0.1,0.786,0.99493670886076,23.0156846366132,0.91591466094971,70
W:36_L:5_NM:11_T:-0.79,36,5,12.735,44.1153340687793,180,11,-0.79,0.1,0.793,1.00379746835443,24.2143314963596,0.922954092894692,72
W:36_L:5_NM:11_T:-0.79,36,5,12.735,44.1153340687793,180,11,-0.79,0.1,0.801,1.01392405063291,24.7132945385096,0.897176618414394,72
W:36_L:5_NM:11_T:-0.79,36,5,12.735,44.1153340687793,180,11,-0.79,0.1,0.808,1.02278481012658,24.6244143845063,0.882501881099808,72
W:36_L:5_NM:11_T:-0.79,36,5,12.735,44.1153340687793,180,11,-0.79,0.1,0.816,1.03291139240506,24.0986578906641,0.817632556517898,68
W:36_L:5_NM:11_T:-0.79,36,5,12.735,44.1153340687793,180,11,-0.79,0.1,0.823,1.04177215189873,24.187179037628,0.791763008870549,68
W:36_L:5_NM:11_T:-0.79,36,5,12.735,44.1153340687793,180,11,-0.79,0.1,0.831,1.05189873417722,24.2692588962074,0.781547249487547,68
W:36_L:5_NM:11_T:-0.79,36,5,12.735,44.1153340687793,180,11,-0.79,0.1,0.838,1.06075949367089,24.3330533690026,0.782952004270276,68
W:36_L:5_NM:11_T:-0.79,36,5,12.735,44.1153340687793,180,11,-0.79,0.1,0.846,1.07088607594937,24.4129884515172,0.78933738489448,68
W:36_L:5_NM:11_T:-0.79,36,5,12.735,44.1153340687793,180,11,-0.79,0.1,0.853,1.07974683544304,24.4527947869805,0.796824084936028,68
W:36_L:5_NM:11_T:-0.79,36,5,12.735,44.1153340687793,180,11,-0.79,0.1,0.861,1.08987341772152,24.319907625003,0.806889936360334,68
W:36_L:5_NM:11_T:-0.79,36,5,12.735,44.1153340687793,180,11,-0.79,0.1,0.868,1.09873417721519,23.4764981802149,0.770247496763802,64
W:36_L:5_NM:11_T:-0.79,36,5,12.735,44.1153340687793,180,11,-0.79,0.1,0.876,1.10886075949367,23.5542467555464,0.719067616829476,64
W:36_L:5_NM:11_T:-0.79,36,5,12.735,44.1153340687793,180,11,-0.79,0.1,0.883,1.11772151898734,23.6179009479497,0.699894040125122,64
W:36_L:5_NM:11_T:-0.79,36,5,12.735,44.1153340687793,180,11,-0.79,0.1,0.891,1.12784810126582,23.6602570666776,0.695579009243271,64
W:36_L:5_NM:11_T:-0.79,36,5,12.735,44.1153340687793,180,11,-0.79,0.1,0.898,1.13670886075949,23.6894852276933,0.694648511197901,64
W:36_L:5_NM:11_T:-0.79,36,5,12.735,44.1153340687793,180,11,-0.79,0.1,0.906,1.14683544303797,23.7251500965588,0.690249594040678,64
W:36_L:5_NM:11_T:-0.79,36,5,12.735,44.1153340687793,180,11,-0.79,0.1,0.914,1.15696202531646,23.7448680871481,0.687015105134172,64
W:36_L:5_NM:11_T:-0.79,36,5,12.735,44.1153340687793,180,11,-0.79,0.1,0.921,1.16582278481013,23.7341170407526,0.690235718523342,64
W:36_L:5_NM:11_T:-0.79,36,5,12.735,44.1153340687793,180,11,-0.79,0.1,0.929,1.17594936708861,23.6781735241185,0.703303074215555,64
W:36_L:5_NM:11_T:-0.79,36,5,12.735,44.1153340687793,180,11,-0.79,0.1,0.936,1.18481012658228,23.5881347701611,0.718172829369059,64
W:36_L:5_NM:11_T:-0.79,36,5,12.735,44.1153340687793,180,11,-0.79,0.1,0.944,1.19493670886076,23.4290449098882,0.722397966511728,64
W:36_L:5_NM:11_T:-0.79,36,5,12.735,44.1153340687793,180,11,-0.79,0.1,0.951,1.20379746835443,22.6315440825679,0.694974304490844,62
W:36_L:5_NM:11_T:-0.79,36,5,12.735,44.1153340687793,180,11,-0.79,0.1,0.959,1.21392405063291,22.2733839648157,0.62071832507759,60
W:36_L:5_NM:11_T:-0.79,36,5,12.735,44.1153340687793,180,11,-0.79,0.1,0.966,1.22278481012658,22.2186233450989,0.59384993907227,60
W:36_L:5_NM:11_T:-0.79,36,5,12.735,44.1153340687793,180,11,-0.79,0.1,0.974,1.23291139240506,22.1988948354395,0.581472613283709,60
W:36_L:5_NM:11_T:-0.79,36,5,12.735,44.1153340687793,180,11,-0.79,0.1,0.981,1.24177215189873,22.1849235896217,0.5777129429304,60
W:36_L:5_NM:11_T:-0.79,36,5,12.735,44.1153340687793,180,11,-0.79,0.1,0.989,1.25189873417722,22.1666641548154,0.577305898469437,60
W:36_L:5_NM:11_T:-0.79,36,5,12.735,44.1153340687793,180,11,-0.79,0.1,0.996,1.26075949367089,22.1497615026959,0.578774523759964,60
W:36_L:5_NM:11_T:-0.79,36,5,12.735,44.1153340687793,180,11,-0.79,0.1,1.004,1.27088607594937,22.1344504282179,0.581251280076454,60
W:36_L:5_NM:11_T:-0.79,36,5,12.735,44.1153340687793,180,11,-0.79,0.1,1.011,1.27974683544304,22.1357075699449,0.583272617656003,60
W:36_L:5_NM:11_T:-0.79,36,5,12.735,44.1153340687793,180,11,-0.79,0.1,1.019,1.28987341772152,22.1635954708096,0.585186710324717,60
W:36_L:5_NM:11_T:-0.79,36,5,12.735,44.1153340687793,180,11,-0.79,0.1,1.026,1.29873417721519,22.2106529437775,0.587622189431942,60
W:36_L:5_NM:11_T:-0.79,36,5,12.735,44.1153340687793,180,11,-0.79,0.1,1.034,1.30886075949367,22.2772993902081,0.593815847711113,60
W:36_L:5_NM:11_T:-0.79,36,5,12.735,44.1153340687793,180,11,-0.79,0.1,1.041,1.31772151898734,22.3092908103987,0.603900328612121,60
W:36_L:5_NM:11_T:-0.79,36,5,12.735,44.1153340687793,180,11,-0.79,0.1,1.049,1.32784810126582,22.2169990326335,0.619275300490432,60
W:36_L:5_NM:11_T:-0.79,36,5,12.735,44.1153340687793,180,11,-0.79,0.1,1.056,1.33670886075949,21.3147000104169,0.618213328955897,60
W:36_L:5_NM:11_T:-0.79,36,5,12.735,44.1153340687793,180,11,-0.79,0.1,1.064,1.34683544303797,21.0292282286586,0.550938377811138,56
W:36_L:5_NM:11_T:-0.79,36,5,12.735,44.1153340687793,180,11,-0.79,0.1,1.071,1.35569620253165,21.0526059852104,0.525955233746036,56
W:36_L:5_NM:11_T:-0.79,36,5,12.735,44.1153340687793,180,11,-0.79,0.1,1.079,1.36582278481013,21.1018020108252,0.515340859260014,56
W:36_L:5_NM:11_T:-0.79,36,5,12.735,44.1153340687793,180,11,-0.79,0.1,1.086,1.3746835443038,21.1433571142429,0.512539247646213,56
W:36_L:5_NM:11_T:-0.79,36,5,12.735,44.1153340687793,180,11,-0.79,0.1,1.094,1.38481012658228,21.1888316728593,0.512978098286988,56
W:36_L:5_NM:11_T:-0.79,36,5,12.735,44.1153340687793,180,11,-0.79,0.1,1.102,1.39493670886076,21.2290973230703,0.515972811912647,56
W:36_L:5_NM:11_T:-0.79,36,5,12.735,44.1153340687793,180,11,-0.79,0.1,1.109,1.40379746835443,21.2531874306222,0.520480138914259,56
W:36_L:5_NM:11_T:-0.79,36,5,12.735,44.1153340687793,180,11,-0.79,0.1,1.117,1.41392405063291,21.2536361145002,0.528176477556019,56
W:36_L:5_NM:11_T:-0.79,36,5,12.735,44.1153340687793,180,11,-0.79,0.1,1.124,1.42278481012658,21.2133205298001,0.537437785755312,56
W:36_L:5_NM:11_T:-0.79,36,5,12.735,44.1153340687793,180,11,-0.79,0.1,1.132,1.43291139240506,21.1082915844477,0.54885521098182,56
W:36_L:5_NM:11_T:-0.79,36,5,12.735,44.1153340687793,180,11,-0.79,0.1,1.139,1.44177215189873,20.9907552443546,0.553678175045237,56
W:36_L:5_NM:11_T:-0.79,36,5,12.735,44.1153340687793,180,11,-0.79,0.1,1.147,1.45189873417722,20.8922365153447,0.549375140366108,56
W:36_L:5_NM:11_T:-0.79,36,5,12.735,44.1153340687793,180,11,-0.79,0.1,1.154,1.46075949367089,20.8476554428062,0.543339468562841,56
W:36_L:5_NM:11_T:-0.79,36,5,12.735,44.1153340687793,180,11,-0.79,0.1,1.162,1.47088607594937,20.7988937640157,0.542779607278123,56
W:36_L:5_NM:11_T:-0.79,36,5,12.735,44.1153340687793,180,11,-0.79,0.1,1.169,1.47974683544304,20.6872456412029,0.552265521581359,56
W:36_L:5_NM:11_T:-0.79,36,5,12.735,44.1153340687793,180,11,-0.79,0.1,1.177,1.48987341772152,19.5982503369333,0.583197201494896,56
W:36_L:5_NM:11_T:-0.79,36,5,12.735,44.1153340687793,180,11,-0.79,0.1,1.184,1.49873417721519,19.7314985494639,0.519071562315639,52
W:36_L:5_NM:11_T:-0.79,36,5,12.735,44.1153340687793,180,11,-0.79,0.1,1.192,1.50886075949367,19.8011845378772,0.491101638645056,52
W:36_L:5_NM:11_T:-0.79,36,5,12.735,44.1153340687793,180,11,-0.79,0.1,1.199,1.51772151898734,19.8194770134463,0.481814865313755,52
W:36_L:5_NM:11_T:-0.79,36,5,12.735,44.1153340687793,180,11,-0.79,0.1,1.207,1.52784810126582,19.8193386243435,0.477277329748553,52
W:36_L:5_NM:11_T:-0.79,36,5,12.735,44.1153340687793,180,11,-0.79,0.1,1.214,1.53670886075949,19.8033299035315,0.475259992776727,52
W:36_L:5_NM:11_T:-0.79,36,5,12.735,44.1153340687793,180,11,-0.79,0.1,1.222,1.54683544303797,19.7678529685652,0.473465906449285,52
W:36_L:5_NM:11_T:-0.79,36,5,12.735,44.1153340687793,180,11,-0.79,0.1,1.229,1.55569620253165,19.723699882996,0.471845892851557,52
W:36_L:5_NM:11_T:-0.79,36,5,12.735,44.1153340687793,180,11,-0.79,0.1,1.237,1.56582278481013,19.6623163103008,0.469895487799369,52
W:36_L:5_NM:11_T:-0.79,36,5,12.735,44.1153340687793,180,11,-0.79,0.1,1.244,1.5746835443038,19.6033825815346,0.468395945586109,52
W:36_L:5_NM:11_T:-0.79,36,5,12.735,44.1153340687793,180,11,-0.79,0.1,1.252,1.58481012658228,19.5341167224997,0.467609176982164,52
W:36_L:5_NM:11_T:-0.79,36,5,12.735,44.1153340687793,180,11,-0.79,0.1,1.259,1.59367088607595,19.4738214964581,0.468602203202805,52
W:36_L:5_NM:11_T:-0.79,36,5,12.735,44.1153340687793,180,11,-0.79,0.1,1.267,1.60379746835443,19.3983325588102,0.473260011091119,52
W:36_L:5_NM:11_T:-0.79,36,5,12.735,44.1153340687793,180,11,-0.79,0.1,1.274,1.6126582278481,19.3115462733079,0.482738939362469,52
W:36_L:5_NM:11_T:-0.79,36,5,12.735,44.1153340687793,180,11,-0.79,0.1,1.282,1.62278481012658,19.1451966038216,0.504084645446203,52
W:36_L:5_NM:11_T:-0.79,36,5,12.735,44.1153340687793,180,11,-0.79,0.1,1.289,1.63164556962025,18.9210132345798,0.530443493474144,52
W:36_L:5_NM:11_T:-0.79,36,5,12.735,44.1153340687793,180,11,-0.79,0.1,1.297,1.64177215189873,18.7267918925617,0.540251426867113,52
W:36_L:5_NM:11_T:-0.79,36,5,12.735,44.1153340687793,180,11,-0.79,0.1,1.305,1.65189873417722,17.8196994926803,0.552561343000951,50
W:36_L:5_NM:11_T:-0.79,36,5,12.735,44.1153340687793,180,11,-0.79,0.1,1.312,1.66075949367089,17.5035661307238,0.515128673755357,48
W:36_L:5_NM:11_T:-0.79,36,5,12.735,44.1153340687793,180,11,-0.79,0.1,1.32,1.67088607594937,17.6605618688559,0.48231918510696,48
W:36_L:5_NM:11_T:-0.79,36,5,12.735,44.1153340687793,180,11,-0.79,0.1,1.327,1.67974683544304,17.8684228654733,0.459789705647789,48
W:36_L:5_NM:11_T:-0.79,36,5,12.735,44.1153340687793,180,11,-0.79,0.1,1.335,1.68987341772152,18.0406755604091,0.446042118415678,48
W:36_L:5_NM:11_T:-0.79,36,5,12.735,44.1153340687793,180,11,-0.79,0.1,1.342,1.69873417721519,18.1455676403201,0.440845933856583,48
W:36_L:5_NM:11_T:-0.79,36,5,12.735,44.1153340687793,180,11,-0.79,0.1,1.35,1.70886075949367,18.235060384683,0.439457510557803,48
W:36_L:5_NM:11_T:-0.79,36,5,12.735,44.1153340687793,180,11,-0.79,0.1,1.357,1.71772151898734,18.2945428901066,0.440922663092811,48
W:36_L:5_NM:11_T:-0.79,36,5,12.735,44.1153340687793,180,11,-0.79,0.1,1.365,1.72784810126582,18.3420441384241,0.44478569497311,48
W:36_L:5_NM:11_T:-0.79,36,5,12.735,44.1153340687793,180,11,-0.79,0.1,1.372,1.73670886075949,18.3653899255657,0.449670342228559,48
W:36_L:5_NM:11_T:-0.79,36,5,12.735,44.1153340687793,180,11,-0.79,0.1,1.38,1.74683544303797,18.3679612699355,0.45657168811741,48
W:36_L:5_NM:11_T:-0.79,36,5,12.735,44.1153340687793,180,11,-0.79,0.1,1.387,1.75569620253165,18.3463229059891,0.463733236351329,48
W:36_L:5_NM:11_T:-0.79,36,5,12.735,44.1153340687793,180,11,-0.79,0.1,1.395,1.76582278481013,18.2916894454399,0.474069772079663,48
W:36_L:5_NM:11_T:-0.79,36,5,12.735,44.1153340687793,180,11,-0.79,0.1,1.402,1.7746835443038,18.2172095166431,0.487669434969867,48
W:36_L:5_NM:11_T:-0.79,36,5,12.735,44.1153340687793,180,11,-0.79,0.1,1.41,1.78481012658228,18.0766361368117,0.511809311124376,48
W:36_L:5_NM:11_T:-0.79,36,5,12.735,44.1153340687793,180,11,-0.79,0.1,1.417,1.79367088607595,17.844398250048,0.523423416559677,48
W:36_L:5_NM:11_T:-0.79,36,5,12.735,44.1153340687793,180,11,-0.79,0.1,1.425,1.80379746835443,17.5280541505271,0.503583481253342,48
W:36_L:5_NM:11_T:-0.79,36,5,12.735,44.1153340687793,180,11,-0.79,0.1,1.432,1.8126582278481,17.148723339213,0.48818419494363,48
W:36_L:5_NM:11_T:-0.79,36,5,12.735,44.1153340687793,180,11,-0.79,0.1,1.44,1.82278481012658,16.4228415833442,0.460990853978227,44
W:36_L:5_NM:11_T:-0.79,36,5,12.735,44.1153340687793,180,11,-0.79,0.1,1.447,1.83164556962025,15.8966111322373,0.467514442420361,44
W:36_L:5_NM:11_T:-0.79,36,5,12.735,44.1153340687793,180,11,-0.79,0.1,1.455,1.84177215189873,15.7156086224188,0.444452457564453,44
W:36_L:5_NM:11_T:-0.79,36,5,12.735,44.1153340687793,180,11,-0.79,0.1,1.462,1.85063291139241,15.8697019283272,0.426643315807271,44
W:36_L:5_NM:11_T:-0.79,36,5,12.735,44.1153340687793,180,11,-0.79,0.1,1.47,1.86075949367089,16.0049971116865,0.418790110657489,44
W:36_L:5_NM:11_T:-0.79,36,5,12.735,44.1153340687793,180,11,-0.79,0.1,1.477,1.86962025316456,16.0697221844319,0.417182883616319,44
W:36_L:5_NM:11_T:-0.79,36,5,12.735,44.1153340687793,180,11,-0.79,0.1,1.485,1.87974683544304,16.1056567415981,0.41807036967318,44
W:36_L:5_NM:11_T:-0.79,36,5,12.735,44.1153340687793,180,11,-0.79,0.1,1.492,1.88860759493671,16.1166862067846,0.420062555759074,44
W:36_L:5_NM:11_T:-0.79,36,5,12.735,44.1153340687793,180,11,-0.79,0.1,1.5,1.89873417721519,16.1133156322123,0.423046606678933,44
W:36_L:9_NM:19_T:-0.79,36,9,24.055,44.1153340687793,324,19,-0.79,0.1,-1.5,-1.89873417721519,13.2299650813479,0.423392784490255,44
W:36_L:9_NM:19_T:-0.79,36,9,24.055,44.1153340687793,324,19,-0.79,0.1,-1.492,-1.88860759493671,13.2158879872438,0.420716879257805,44
W:36_L:9_NM:19_T:-0.79,36,9,24.055,44.1153340687793,324,19,-0.79,0.1,-1.485,-1.87974683544304,13.1872793933564,0.419062406669486,44
W:36_L:9_NM:19_T:-0.79,36,9,24.055,44.1153340687793,324,19,-0.79,0.1,-1.477,-1.86962025316456,13.143844356997,0.419204425074233,44
W:36_L:9_NM:19_T:-0.79,36,9,24.055,44.1153340687793,324,19,-0.79,0.1,-1.47,-1.86075949367089,13.1022546544546,0.422044492430168,44
W:36_L:9_NM:19_T:-0.79,36,9,24.055,44.1153340687793,324,19,-0.79,0.1,-1.462,-1.85063291139241,13.0691792945876,0.428132464779952,44
W:36_L:9_NM:19_T:-0.79,36,9,24.055,44.1153340687793,324,19,-0.79,0.1,-1.455,-1.84177215189873,13.0758804689856,0.43431907082418,44
W:36_L:9_NM:19_T:-0.79,36,9,24.055,44.1153340687793,324,19,-0.79,0.1,-1.447,-1.83164556962025,13.0855018925421,0.443908520074435,44
W:36_L:9_NM:19_T:-0.79,36,9,24.055,44.1153340687793,324,19,-0.79,0.1,-1.44,-1.82278481012658,13.0622765994446,0.453156866057613,44
W:36_L:9_NM:19_T:-0.79,36,9,24.055,44.1153340687793,324,19,-0.79,0.1,-1.432,-1.8126582278481,13.694469326457,0.472749121772825,48
W:36_L:9_NM:19_T:-0.79,36,9,24.055,44.1153340687793,324,19,-0.79,0.1,-1.425,-1.80379746835443,14.1247626259143,0.478018475795772,48
W:36_L:9_NM:19_T:-0.79,36,9,24.055,44.1153340687793,324,19,-0.79,0.1,-1.417,-1.79367088607595,14.4080355234067,0.477377134303607,48
W:36_L:9_NM:19_T:-0.79,36,9,24.055,44.1153340687793,324,19,-0.79,0.1,-1.41,-1.78481012658228,14.6065715209815,0.475993508235145,48
W:36_L:9_NM:19_T:-0.79,36,9,24.055,44.1153340687793,324,19,-0.79,0.1,-1.402,-1.7746835443038,14.7942291673971,0.4734121903703,48
W:36_L:9_NM:19_T:-0.79,36,9,24.055,44.1153340687793,324,19,-0.79,0.1,-1.395,-1.76582278481013,14.9295287479781,0.469918811698758,48
W:36_L:9_NM:19_T:-0.79,36,9,24.055,44.1153340687793,324,19,-0.79,0.1,-1.387,-1.75569620253165,15.0578928472764,0.464905859257654,48
W:36_L:9_NM:19_T:-0.79,36,9,24.055,44.1153340687793,324,19,-0.79,0.1,-1.38,-1.74683544303797,15.144038597812,0.460280243387854,48
W:36_L:9_NM:19_T:-0.79,36,9,24.055,44.1153340687793,324,19,-0.79,0.1,-1.372,-1.73670886075949,15.2013943057582,0.4548096955708,48
W:36_L:9_NM:19_T:-0.79,36,9,24.055,44.1153340687793,324,19,-0.79,0.1,-1.365,-1.72784810126582,15.2144959908028,0.449804854834013,48
W:36_L:9_NM:19_T:-0.79,36,9,24.055,44.1153340687793,324,19,-0.79,0.1,-1.357,-1.71772151898734,15.2018611370839,0.444396065493857,48
W:36_L:9_NM:19_T:-0.79,36,9,24.055,44.1153340687793,324,19,-0.79,0.1,-1.35,-1.70886075949367,15.182050709484,0.440680868417125,48
W:36_L:9_NM:19_T:-0.79,36,9,24.055,44.1153340687793,324,19,-0.79,0.1,-1.342,-1.69873417721519,15.1563246069561,0.43818781750827,48
W:36_L:9_NM:19_T:-0.79,36,9,24.055,44.1153340687793,324,19,-0.79,0.1,-1.335,-1.68987341772152,15.1293293667097,0.438056312168006,48
W:36_L:9_NM:19_T:-0.79,36,9,24.055,44.1153340687793,324,19,-0.79,0.1,-1.327,-1.67974683544304,15.0873527795342,0.441603065667895,48
W:36_L:9_NM:19_T:-0.79,36,9,24.055,44.1153340687793,324,19,-0.79,0.1,-1.32,-1.67088607594937,15.033639245121,0.450870162309302,48
W:36_L:9_NM:19_T:-0.79,36,9,24.055,44.1153340687793,324,19,-0.79,0.1,-1.312,-1.66075949367089,14.9522909605426,0.478080424058298,48
W:36_L:9_NM:19_T:-0.79,36,9,24.055,44.1153340687793,324,19,-0.79,0.1,-1.305,-1.65189873417722,15.0778976589398,0.523707570630865,50
W:36_L:9_NM:19_T:-0.79,36,9,24.055,44.1153340687793,324,19,-0.79,0.1,-1.297,-1.64177215189873,15.8265920248254,0.535502078854679,52
W:36_L:9_NM:19_T:-0.79,36,9,24.055,44.1153340687793,324,19,-0.79,0.1,-1.289,-1.63164556962025,15.9709463805243,0.538837131605778,52
W:36_L:9_NM:19_T:-0.79,36,9,24.055,44.1153340687793,324,19,-0.79,0.1,-1.282,-1.62278481012658,16.0658269583434,0.541552480408767,52
W:36_L:9_NM:19_T:-0.79,36,9,24.055,44.1153340687793,324,19,-0.79,0.1,-1.274,-1.6126582278481,16.1321322355007,0.535946217220998,52
W:36_L:9_NM:19_T:-0.79,36,9,24.055,44.1153340687793,324,19,-0.79,0.1,-1.267,-1.60379746835443,16.1404524917037,0.522392726871912,52
W:36_L:9_NM:19_T:-0.79,36,9,24.055,44.1153340687793,324,19,-0.79,0.1,-1.259,-1.59367088607595,16.1274543199004,0.506319032959342,52
W:36_L:9_NM:19_T:-0.79,36,9,24.055,44.1153340687793,324,19,-0.79,0.1,-1.252,-1.58481012658228,16.1243721552575,0.495223072020666,52
W:36_L:9_NM:19_T:-0.79,36,9,24.055,44.1153340687793,324,19,-0.79,0.1,-1.244,-1.5746835443038,16.1391834173483,0.48584509077879,52
W:36_L:9_NM:19_T:-0.79,36,9,24.055,44.1153340687793,324,19,-0.79,0.1,-1.237,-1.56582278481013,16.1632152574244,0.480069866806295,52
W:36_L:9_NM:19_T:-0.79,36,9,24.055,44.1153340687793,324,19,-0.79,0.1,-1.229,-1.55569620253165,16.1902609400532,0.475824525700616,52
W:36_L:9_NM:19_T:-0.79,36,9,24.055,44.1153340687793,324,19,-0.79,0.1,-1.222,-1.54683544303797,16.2029015958385,0.474039511001502,52
W:36_L:9_NM:19_T:-0.79,36,9,24.055,44.1153340687793,324,19,-0.79,0.1,-1.214,-1.53670886075949,16.194078134838,0.474270094523551,52
W:36_L:9_NM:19_T:-0.79,36,9,24.055,44.1153340687793,324,19,-0.79,0.1,-1.207,-1.52784810126582,16.1607969120056,0.476803927885724,52
W:36_L:9_NM:19_T:-0.79,36,9,24.055,44.1153340687793,324,19,-0.79,0.1,-1.199,-1.51772151898734,16.0904050138423,0.483219333337448,52
W:36_L:9_NM:19_T:-0.79,36,9,24.055,44.1153340687793,324,19,-0.79,0.1,-1.192,-1.50886075949367,15.9998686598554,0.493267726529367,52
W:36_L:9_NM:19_T:-0.79,36,9,24.055,44.1153340687793,324,19,-0.79,0.1,-1.184,-1.49873417721519,15.8544896517115,0.512712486039021,52
W:36_L:9_NM:19_T:-0.79,36,9,24.055,44.1153340687793,324,19,-0.79,0.1,-1.177,-1.48987341772152,15.686025329729,0.54455414915999,56
W:36_L:9_NM:19_T:-0.79,36,9,24.055,44.1153340687793,324,19,-0.79,0.1,-1.169,-1.47974683544304,16.35096005774,0.556271135128913,56
W:36_L:9_NM:19_T:-0.79,36,9,24.055,44.1153340687793,324,19,-0.79,0.1,-1.162,-1.47088607594937,16.4856034640598,0.547463299934075,56
W:36_L:9_NM:19_T:-0.79,36,9,24.055,44.1153340687793,324,19,-0.79,0.1,-1.154,-1.46075949367089,16.6134314733277,0.539574751810298,56
W:36_L:9_NM:19_T:-0.79,36,9,24.055,44.1153340687793,324,19,-0.79,0.1,-1.147,-1.45189873417722,16.7153373490668,0.534148744335571,56
W:36_L:9_NM:19_T:-0.79,36,9,24.055,44.1153340687793,324,19,-0.79,0.1,-1.139,-1.44177215189873,16.8177658098591,0.529250927442601,56
W:36_L:9_NM:19_T:-0.79,36,9,24.055,44.1153340687793,324,19,-0.79,0.1,-1.132,-1.43291139240506,16.8922069478031,0.525688322234747,56
W:36_L:9_NM:19_T:-0.79,36,9,24.055,44.1153340687793,324,19,-0.79,0.1,-1.124,-1.42278481012658,16.9607051754345,0.522157265273015,56
W:36_L:9_NM:19_T:-0.79,36,9,24.055,44.1153340687793,324,19,-0.79,0.1,-1.117,-1.41392405063291,17.0093513979746,0.519551920062519,56
W:36_L:9_NM:19_T:-0.79,36,9,24.055,44.1153340687793,324,19,-0.79,0.1,-1.109,-1.40379746835443,17.0566591340913,0.517447833424702,56
W:36_L:9_NM:19_T:-0.79,36,9,24.055,44.1153340687793,324,19,-0.79,0.1,-1.102,-1.39493670886076,17.0922543735772,0.516791412032113,56
W:36_L:9_NM:19_T:-0.79,36,9,24.055,44.1153340687793,324,19,-0.79,0.1,-1.094,-1.38481012658228,17.1266548242456,0.51811824464685,56
W:36_L:9_NM:19_T:-0.79,36,9,24.055,44.1153340687793,324,19,-0.79,0.1,-1.086,-1.3746835443038,17.1529649714401,0.523015813630164,56
W:36_L:9_NM:19_T:-0.79,36,9,24.055,44.1153340687793,324,19,-0.79,0.1,-1.079,-1.36582278481013,17.1693016530211,0.532617887480552,56
W:36_L:9_NM:19_T:-0.79,36,9,24.055,44.1153340687793,324,19,-0.79,0.1,-1.071,-1.35569620253165,17.1917889416677,0.556686683260943,56
W:36_L:9_NM:19_T:-0.79,36,9,24.055,44.1153340687793,324,19,-0.79,0.1,-1.064,-1.34683544303797,17.266115734052,0.604054345895094,56
W:36_L:9_NM:19_T:-0.79,36,9,24.055,44.1153340687793,324,19,-0.79,0.1,-1.056,-1.33670886075949,17.6209532144412,0.687578084637045,60
W:36_L:9_NM:19_T:-0.79,36,9,24.055,44.1153340687793,324,19,-0.79,0.1,-1.049,-1.32784810126582,18.3114660342203,0.642460281103549,60
W:36_L:9_NM:19_T:-0.79,36,9,24.055,44.1153340687793,324,19,-0.79,0.1,-1.041,-1.31772151898734,18.4807559557921,0.627161913673548,60
W:36_L:9_NM:19_T:-0.79,36,9,24.055,44.1153340687793,324,19,-0.79,0.1,-1.034,-1.30886075949367,18.5993935506058,0.619618370381544,60
W:36_L:9_NM:19_T:-0.79,36,9,24.055,44.1153340687793,324,19,-0.79,0.1,-1.026,-1.29873417721519,18.7299137624154,0.614625526965193,60
W:36_L:9_NM:19_T:-0.79,36,9,24.055,44.1153340687793,324,19,-0.79,0.1,-1.019,-1.28987341772152,18.8352988821452,0.613408651797245,60
W:36_L:9_NM:19_T:-0.79,36,9,24.055,44.1153340687793,324,19,-0.79,0.1,-1.011,-1.27974683544304,18.9286957212167,0.616703924277535,60
W:36_L:9_NM:19_T:-0.79,36,9,24.055,44.1153340687793,324,19,-0.79,0.1,-1.004,-1.27088607594937,18.9616401627459,0.624208100616223,60
W:36_L:9_NM:19_T:-0.79,36,9,24.055,44.1153340687793,324,19,-0.79,0.1,-0.996,-1.26075949367089,18.9298244875701,0.635025263411396,60
W:36_L:9_NM:19_T:-0.79,36,9,24.055,44.1153340687793,324,19,-0.79,0.1,-0.989,-1.25189873417722,18.9383938942514,0.636895065873449,60
W:36_L:9_NM:19_T:-0.79,36,9,24.055,44.1153340687793,324,19,-0.79,0.1,-0.981,-1.24177215189873,19.0735746930323,0.625741077746669,60
W:36_L:9_NM:19_T:-0.79,36,9,24.055,44.1153340687793,324,19,-0.79,0.1,-0.974,-1.23291139240506,19.1549260805381,0.615209158371852,60
W:36_L:9_NM:19_T:-0.79,36,9,24.055,44.1153340687793,324,19,-0.79,0.1,-0.966,-1.22278481012658,19.1453276033975,0.60947773250131,60
W:36_L:9_NM:19_T:-0.79,36,9,24.055,44.1153340687793,324,19,-0.79,0.1,-0.959,-1.21392405063291,19.100638186461,0.611576341076286,60
W:36_L:9_NM:19_T:-0.79,36,9,24.055,44.1153340687793,324,19,-0.79,0.1,-0.951,-1.20379746835443,19.1222594828851,0.629826605855295,62
W:36_L:9_NM:19_T:-0.79,36,9,24.055,44.1153340687793,324,19,-0.79,0.1,-0.944,-1.19493670886076,19.478226515412,0.660035184346003,64
W:36_L:9_NM:19_T:-0.79,36,9,24.055,44.1153340687793,324,19,-0.79,0.1,-0.936,-1.18481012658228,19.6087627279664,0.658681302655387,64
W:36_L:9_NM:19_T:-0.79,36,9,24.055,44.1153340687793,324,19,-0.79,0.1,-0.929,-1.17594936708861,19.7077201044146,0.655242863647632,64
W:36_L:9_NM:19_T:-0.79,36,9,24.055,44.1153340687793,324,19,-0.79,0.1,-0.921,-1.16582278481013,19.8096716312094,0.652689818375668,64
W:36_L:9_NM:19_T:-0.79,36,9,24.055,44.1153340687793,324,19,-0.79,0.1,-0.914,-1.15696202531646,19.8827454094138,0.654052422069771,64
W:36_L:9_NM:19_T:-0.79,36,9,24.055,44.1153340687793,324,19,-0.79,0.1,-0.906,-1.14683544303797,19.9487512436311,0.661217676167302,64
W:36_L:9_NM:19_T:-0.79,36,9,24.055,44.1153340687793,324,19,-0.79,0.1,-0.898,-1.13670886075949,19.9788670931706,0.673334467134071,64
W:36_L:9_NM:19_T:-0.79,36,9,24.055,44.1153340687793,324,19,-0.79,0.1,-0.891,-1.12784810126582,19.9610616732805,0.68505142115817,64
W:36_L:9_NM:19_T:-0.79,36,9,24.055,44.1153340687793,324,19,-0.79,0.1,-0.883,-1.11772151898734,19.8933835445756,0.696032603189616,64
W:36_L:9_NM:19_T:-0.79,36,9,24.055,44.1153340687793,324,19,-0.79,0.1,-0.876,-1.10886075949367,19.8121298039831,0.703350368178685,64
W:36_L:9_NM:19_T:-0.79,36,9,24.055,44.1153340687793,324,19,-0.79,0.1,-0.868,-1.09873417721519,19.7429511817899,0.716078778320311,64
W:36_L:9_NM:19_T:-0.79,36,9,24.055,44.1153340687793,324,19,-0.79,0.1,-0.861,-1.08987341772152,19.9137843091576,0.764208237265686,68
W:36_L:9_NM:19_T:-0.79,36,9,24.055,44.1153340687793,324,19,-0.79,0.1,-0.853,-1.07974683544304,19.9032890501091,0.787673564066154,68
W:36_L:9_NM:19_T:-0.79,36,9,24.055,44.1153340687793,324,19,-0.79,0.1,-0.846,-1.07088607594937,19.8837112957792,0.799155534232847,68
W:36_L:9_NM:19_T:-0.79,36,9,24.055,44.1153340687793,324,19,-0.79,0.1,-0.838,-1.06075949367089,19.8568229896193,0.800717737479307,68
W:36_L:9_NM:19_T:-0.79,36,9,24.055,44.1153340687793,324,19,-0.79,0.1,-0.831,-1.05189873417722,19.8007047001226,0.798407533455958,68
W:36_L:9_NM:19_T:-0.79,36,9,24.055,44.1153340687793,324,19,-0.79,0.1,-0.823,-1.04177215189873,19.7038640939493,0.8031505932013,68
W:36_L:9_NM:19_T:-0.79,36,9,24.055,44.1153340687793,324,19,-0.79,0.1,-0.816,-1.03291139240506,19.5792816082946,0.821953846027256,68
W:36_L:9_NM:19_T:-0.79,36,9,24.055,44.1153340687793,324,19,-0.79,0.1,-0.808,-1.02278481012658,19.5833766404039,0.896391692250129,72
W:36_L:9_NM:19_T:-0.79,36,9,24.055,44.1153340687793,324,19,-0.79,0.1,-0.801,-1.01392405063291,19.5135585905081,0.904261862102721,72
W:36_L:9_NM:19_T:-0.79,36,9,24.055,44.1153340687793,324,19,-0.79,0.1,-0.793,-1.00379746835443,19.1199160710257,0.915272178258595,72
W:36_L:9_NM:19_T:-0.79,36,9,24.055,44.1153340687793,324,19,-0.79,0.1,-0.786,-0.99493670886076,18.2627030101422,0.903874353415616,70
W:36_L:9_NM:19_T:-0.79,36,9,24.055,44.1153340687793,324,19,-0.79,0.1,-0.778,-0.984810126582279,17.4560072347726,0.858004952980038,66
W:36_L:9_NM:19_T:-0.79,36,9,24.055,44.1153340687793,324,19,-0.79,0.1,-0.771,-0.975949367088608,17.0113305533521,0.803996172476371,60
W:36_L:9_NM:19_T:-0.79,36,9,24.055,44.1153340687793,324,19,-0.79,0.1,-0.763,-0.965822784810127,16.8315318111919,0.778219604736612,60
W:36_L:9_NM:19_T:-0.79,36,9,24.055,44.1153340687793,324,19,-0.79,0.1,-0.756,-0.956962025316456,16.5477396586934,0.763969126145883,60
W:36_L:9_NM:19_T:-0.79,36,9,24.055,44.1153340687793,324,19,-0.79,0.1,-0.748,-0.946835443037975,15.75928572979,0.723347641073258,56
W:36_L:9_NM:19_T:-0.79,36,9,24.055,44.1153340687793,324,19,-0.79,0.1,-0.741,-0.937974683544304,15.1957062849697,0.69597338108165,56
W:36_L:9_NM:19_T:-0.79,36,9,24.055,44.1153340687793,324,19,-0.79,0.1,-0.733,-0.927848101265823,14.7875394057747,0.656919513136271,52
W:36_L:9_NM:19_T:-0.79,36,9,24.055,44.1153340687793,324,19,-0.79,0.1,-0.726,-0.918987341772152,14.5887418861945,0.644690062333906,52
W:36_L:9_NM:19_T:-0.79,36,9,24.055,44.1153340687793,324,19,-0.79,0.1,-0.718,-0.908860759493671,14.3110215746071,0.638123584881259,52
W:36_L:9_NM:19_T:-0.79,36,9,24.055,44.1153340687793,324,19,-0.79,0.1,-0.711,-0.9,14.0118924793242,0.633666751823569,52
W:36_L:9_NM:19_T:-0.79,36,9,24.055,44.1153340687793,324,19,-0.79,0.1,-0.703,-0.889873417721519,13.358900517035,0.618069822219925,52
W:36_L:9_NM:19_T:-0.79,36,9,24.055,44.1153340687793,324,19,-0.79,0.1,-0.695,-0.879746835443038,12.9923461293938,0.608772247573546,48
W:36_L:9_NM:19_T:-0.79,36,9,24.055,44.1153340687793,324,19,-0.79,0.1,-0.688,-0.870886075949367,12.6229996559948,0.601869544710219,48
W:36_L:9_NM:19_T:-0.79,36,9,24.055,44.1153340687793,324,19,-0.79,0.1,-0.68,-0.860759493670886,12.2218917795387,0.595596435321305,44
W:36_L:9_NM:19_T:-0.79,36,9,24.055,44.1153340687793,324,19,-0.79,0.1,-0.673,-0.851898734177215,11.8915438366473,0.607049692756337,44
W:36_L:9_NM:19_T:-0.79,36,9,24.055,44.1153340687793,324,19,-0.79,0.1,-0.665,-0.841772151898734,11.5430540291044,0.603923109142919,44
W:36_L:9_NM:19_T:-0.79,36,9,24.055,44.1153340687793,324,19,-0.79,0.1,-0.658,-0.832911392405063,11.479824140508,0.58932899156584,44
W:36_L:9_NM:19_T:-0.79,36,9,24.055,44.1153340687793,324,19,-0.79,0.1,-0.65,-0.822784810126582,11.5515618591909,0.564325560286859,44
W:36_L:9_NM:19_T:-0.79,36,9,24.055,44.1153340687793,324,19,-0.79,0.1,-0.643,-0.813924050632911,11.5980592401273,0.541603057383519,44
W:36_L:9_NM:19_T:-0.79,36,9,24.055,44.1153340687793,324,19,-0.79,0.1,-0.635,-0.80379746835443,11.5020093239032,0.518436767226789,44
W:36_L:9_NM:19_T:-0.79,36,9,24.055,44.1153340687793,324,19,-0.79,0.1,-0.628,-0.79493670886076,11.0348487232964,0.517734370697338,40
W:36_L:9_NM:19_T:-0.79,36,9,24.055,44.1153340687793,324,19,-0.79,0.1,-0.62,-0.784810126582278,10.7005118999535,0.509048241611935,40
W:36_L:9_NM:19_T:-0.79,36,9,24.055,44.1153340687793,324,19,-0.79,0.1,-0.613,-0.775949367088608,10.2078610735754,0.47798658231032,40
W:36_L:9_NM:19_T:-0.79,36,9,24.055,44.1153340687793,324,19,-0.79,0.1,-0.605,-0.765822784810127,9.76281728567286,0.473746516309368,36
W:36_L:9_NM:19_T:-0.79,36,9,24.055,44.1153340687793,324,19,-0.79,0.1,-0.598,-0.756962025316456,9.61827595126689,0.458832679098609,36
W:36_L:9_NM:19_T:-0.79,36,9,24.055,44.1153340687793,324,19,-0.79,0.1,-0.59,-0.746835443037975,9.67246359134448,0.439164204233793,36
W:36_L:9_NM:19_T:-0.79,36,9,24.055,44.1153340687793,324,19,-0.79,0.1,-0.583,-0.737974683544304,9.72351450846606,0.429810653835574,36
W:36_L:9_NM:19_T:-0.79,36,9,24.055,44.1153340687793,324,19,-0.79,0.1,-0.575,-0.727848101265823,9.72302822705826,0.424895222247423,36
W:36_L:9_NM:19_T:-0.79,36,9,24.055,44.1153340687793,324,19,-0.79,0.1,-0.568,-0.718987341772152,9.6636992732872,0.422778394088925,36
W:36_L:9_NM:19_T:-0.79,36,9,24.055,44.1153340687793,324,19,-0.79,0.1,-0.56,-0.708860759493671,9.53133842176153,0.421568699779557,36
W:36_L:9_NM:19_T:-0.79,36,9,24.055,44.1153340687793,324,19,-0.79,0.1,-0.553,-0.7,9.33810590381946,0.42211919934695,36
W:36_L:9_NM:19_T:-0.79,36,9,24.055,44.1153340687793,324,19,-0.79,0.1,-0.545,-0.689873417721519,8.62558435015819,0.405926147114542,36
W:36_L:9_NM:19_T:-0.79,36,9,24.055,44.1153340687793,324,19,-0.79,0.1,-0.538,-0.681012658227848,8.41685567827667,0.378537041856145,32
W:36_L:9_NM:19_T:-0.79,36,9,24.055,44.1153340687793,324,19,-0.79,0.1,-0.53,-0.670886075949367,8.20420913765549,0.375033808997513,32
W:36_L:9_NM:19_T:-0.79,36,9,24.055,44.1153340687793,324,19,-0.79,0.1,-0.523,-0.662025316455696,7.56453101417862,0.367785222572653,32
W:36_L:9_NM:19_T:-0.79,36,9,24.055,44.1153340687793,324,19,-0.79,0.1,-0.515,-0.651898734177215,7.73623570038311,0.353242614926643,28
W:36_L:9_NM:19_T:-0.79,36,9,24.055,44.1153340687793,324,19,-0.79,0.1,-0.508,-0.643037974683544,7.99250834140674,0.326602668632725,28
W:36_L:9_NM:19_T:-0.79,36,9,24.055,44.1153340687793,324,19,-0.79,0.1,-0.5,-0.632911392405063,8.175298525027,0.310788763787515,28
W:36_L:9_NM:19_T:-0.79,36,9,24.055,44.1153340687793,324,19,-0.79,0.1,-0.492,-0.622784810126582,8.29204218194598,0.305507500901138,28
W:36_L:9_NM:19_T:-0.79,36,9,24.055,44.1153340687793,324,19,-0.79,0.1,-0.485,-0.613924050632911,8.36596830587027,0.305292605677454,28
W:36_L:9_NM:19_T:-0.79,36,9,24.055,44.1153340687793,324,19,-0.79,0.1,-0.477,-0.60379746835443,8.42891332189922,0.307990092028236,28
W:36_L:9_NM:19_T:-0.79,36,9,24.055,44.1153340687793,324,19,-0.79,0.1,-0.47,-0.594936708860759,8.46327376368942,0.312131812516639,28
W:36_L:9_NM:19_T:-0.79,36,9,24.055,44.1153340687793,324,19,-0.79,0.1,-0.462,-0.584810126582279,8.4717642162461,0.318491278298274,28
W:36_L:9_NM:19_T:-0.79,36,9,24.055,44.1153340687793,324,19,-0.79,0.1,-0.455,-0.575949367088608,8.42360355641053,0.32524087663124,28
W:36_L:9_NM:19_T:-0.79,36,9,24.055,44.1153340687793,324,19,-0.79,0.1,-0.447,-0.565822784810127,8.12553833473652,0.333349680424724,28
W:36_L:9_NM:19_T:-0.79,36,9,24.055,44.1153340687793,324,19,-0.79,0.1,-0.44,-0.556962025316456,7.40561667628003,0.329814037880372,28
W:36_L:9_NM:19_T:-0.79,36,9,24.055,44.1153340687793,324,19,-0.79,0.1,-0.432,-0.546835443037975,7.22211697133378,0.326153697270774,24
W:36_L:9_NM:19_T:-0.79,36,9,24.055,44.1153340687793,324,19,-0.79,0.1,-0.425,-0.537974683544304,6.67604329125242,0.313539527967113,24
W:36_L:9_NM:19_T:-0.79,36,9,24.055,44.1153340687793,324,19,-0.79,0.1,-0.417,-0.527848101265823,6.12608332591412,0.297690083748419,22
W:36_L:9_NM:19_T:-0.79,36,9,24.055,44.1153340687793,324,19,-0.79,0.1,-0.41,-0.518987341772152,6.12275162674472,0.27881341078917,20
W:36_L:9_NM:19_T:-0.79,36,9,24.055,44.1153340687793,324,19,-0.79,0.1,-0.402,-0.508860759493671,6.23014450681091,0.26504871734602,20
W:36_L:9_NM:19_T:-0.79,36,9,24.055,44.1153340687793,324,19,-0.79,0.1,-0.395,-0.5,6.44696658250337,0.25280100834436,20
W:36_L:9_NM:19_T:-0.79,36,9,24.055,44.1153340687793,324,19,-0.79,0.1,-0.387,-0.489873417721519,6.68891613409684,0.236904312605304,20
W:36_L:9_NM:19_T:-0.79,36,9,24.055,44.1153340687793,324,19,-0.79,0.1,-0.38,-0.481012658227848,6.80633624478408,0.226082754621882,20
W:36_L:9_NM:19_T:-0.79,36,9,24.055,44.1153340687793,324,19,-0.79,0.1,-0.372,-0.470886075949367,6.85219653766278,0.218643985799414,20
W:36_L:9_NM:19_T:-0.79,36,9,24.055,44.1153340687793,324,19,-0.79,0.1,-0.365,-0.462025316455696,6.84544704600329,0.215893623641572,20
W:36_L:9_NM:19_T:-0.79,36,9,24.055,44.1153340687793,324,19,-0.79,0.1,-0.357,-0.451898734177215,6.80705052841748,0.216509897250915,20
W:36_L:9_NM:19_T:-0.79,36,9,24.055,44.1153340687793,324,19,-0.79,0.1,-0.35,-0.443037974683544,6.74015873379505,0.22015002715375,20
W:36_L:9_NM:19_T:-0.79,36,9,24.055,44.1153340687793,324,19,-0.79,0.1,-0.342,-0.432911392405063,6.58474822753882,0.227944406296027,20
W:36_L:9_NM:19_T:-0.79,36,9,24.055,44.1153340687793,324,19,-0.79,0.1,-0.335,-0.424050632911392,6.21495179020338,0.239260590659655,20
W:36_L:9_NM:19_T:-0.79,36,9,24.055,44.1153340687793,324,19,-0.79,0.1,-0.327,-0.413924050632911,4.84033164210864,0.326870445372599,20
W:36_L:9_NM:19_T:-0.79,36,9,24.055,44.1153340687793,324,19,-0.79,0.1,-0.32,-0.405063291139241,4.839447702385,0.25086112684457,16
W:36_L:9_NM:19_T:-0.79,36,9,24.055,44.1153340687793,324,19,-0.79,0.1,-0.312,-0.39493670886076,3.97893326950238,0.301888232676996,16
W:36_L:9_NM:19_T:-0.79,36,9,24.055,44.1153340687793,324,19,-0.79,0.1,-0.305,-0.386075949367089,4.34392887756515,0.152327520726891,16
W:36_L:9_NM:19_T:-0.79,36,9,24.055,44.1153340687793,324,19,-0.79,0.1,-0.297,-0.375949367088608,4.13000822224864,0.251089851648788,12
W:36_L:9_NM:19_T:-0.79,36,9,24.055,44.1153340687793,324,19,-0.79,0.1,-0.289,-0.365822784810127,4.1218231164368,0.151235401323375,12
W:36_L:9_NM:19_T:-0.79,36,9,24.055,44.1153340687793,324,19,-0.79,0.1,-0.282,-0.356962025316456,4.31859712270151,0.124748480741298,12
W:36_L:9_NM:19_T:-0.79,36,9,24.055,44.1153340687793,324,19,-0.79,0.1,-0.274,-0.346835443037975,4.44481612139279,0.117533271027483,12
W:36_L:9_NM:19_T:-0.79,36,9,24.055,44.1153340687793,324,19,-0.79,0.1,-0.267,-0.337974683544304,4.5209900581474,0.115904451302671,12
W:36_L:9_NM:19_T:-0.79,36,9,24.055,44.1153340687793,324,19,-0.79,0.1,-0.259,-0.327848101265823,4.58587851379108,0.116118328361772,12
W:36_L:9_NM:19_T:-0.79,36,9,24.055,44.1153340687793,324,19,-0.79,0.1,-0.252,-0.318987341772152,4.62885771616586,0.117513492405774,12
W:36_L:9_NM:19_T:-0.79,36,9,24.055,44.1153340687793,324,19,-0.79,0.1,-0.244,-0.308860759493671,4.65349307959291,0.120163330967254,12
W:36_L:9_NM:19_T:-0.79,36,9,24.055,44.1153340687793,324,19,-0.79,0.1,-0.237,-0.3,4.64777534857047,0.123513713319315,12
W:36_L:9_NM:19_T:-0.79,36,9,24.055,44.1153340687793,324,19,-0.79,0.1,-0.229,-0.289873417721519,4.5952530559681,0.129072769337395,12
W:36_L:9_NM:19_T:-0.79,36,9,24.055,44.1153340687793,324,19,-0.79,0.1,-0.222,-0.281012658227848,4.47896215521607,0.136701638386738,12
W:36_L:9_NM:19_T:-0.79,36,9,24.055,44.1153340687793,324,19,-0.79,0.1,-0.214,-0.270886075949367,3.96910921827049,0.150129038132517,12
W:36_L:9_NM:19_T:-0.79,36,9,24.055,44.1153340687793,324,19,-0.79,0.1,-0.207,-0.262025316455696,3.04510815471376,0.332232627065921,12
W:36_L:9_NM:19_T:-0.79,36,9,24.055,44.1153340687793,324,19,-0.79,0.1,-0.199,-0.251898734177215,3.03934388887267,0.114739640982469,12
W:36_L:9_NM:19_T:-0.79,36,9,24.055,44.1153340687793,324,19,-0.79,0.1,-0.192,-0.243037974683544,2.01678804609924,0.649299051726015,8
W:36_L:9_NM:19_T:-0.79,36,9,24.055,44.1153340687793,324,19,-0.79,0.1,-0.184,-0.232911392405063,1.66867014215752,0.118418686518239,8
W:36_L:9_NM:19_T:-0.79,36,9,24.055,44.1153340687793,324,19,-0.79,0.1,-0.177,-0.224050632911392,1.89174226024916,0.0473826959875913,6
W:36_L:9_NM:19_T:-0.79,36,9,24.055,44.1153340687793,324,19,-0.79,0.1,-0.169,-0.213924050632911,1.9243347684493,0.0425852176617525,4
W:36_L:9_NM:19_T:-0.79,36,9,24.055,44.1153340687793,324,19,-0.79,0.1,-0.162,-0.205063291139241,1.93231389456198,0.0415182800488065,4
W:36_L:9_NM:19_T:-0.79,36,9,24.055,44.1153340687793,324,19,-0.79,0.1,-0.154,-0.194936708860759,1.93244632340111,0.0411992393720917,4
W:36_L:9_NM:19_T:-0.79,36,9,24.055,44.1153340687793,324,19,-0.79,0.1,-0.147,-0.186075949367089,1.92849558461701,0.0413723356407838,4
W:36_L:9_NM:19_T:-0.79,36,9,24.055,44.1153340687793,324,19,-0.79,0.1,-0.139,-0.175949367088608,1.92111332167749,0.0420449003083669,4
W:36_L:9_NM:19_T:-0.79,36,9,24.055,44.1153340687793,324,19,-0.79,0.1,-0.132,-0.167088607594937,1.91368486988433,0.0430858656210113,4
W:36_L:9_NM:19_T:-0.79,36,9,24.055,44.1153340687793,324,19,-0.79,0.1,-0.124,-0.156962025316456,1.90570088029648,0.0449569613264913,4
W:36_L:9_NM:19_T:-0.79,36,9,24.055,44.1153340687793,324,19,-0.79,0.1,-0.117,-0.148101265822785,1.90112754841361,0.0474077014507732,4
W:36_L:9_NM:19_T:-0.79,36,9,24.055,44.1153340687793,324,19,-0.79,0.1,-0.109,-0.137974683544304,1.90073823266513,0.0517889531105881,4
W:36_L:9_NM:19_T:-0.79,36,9,24.055,44.1153340687793,324,19,-0.79,0.1,-0.102,-0.129113924050633,1.90740540578919,0.0580685722073375,4
W:36_L:9_NM:19_T:-0.79,36,9,24.055,44.1153340687793,324,19,-0.79,0.1,-0.094,-0.118987341772152,1.92693209813869,0.0711699505905516,4
W:36_L:9_NM:19_T:-0.79,36,9,24.055,44.1153340687793,324,19,-0.79,0.1,-0.086,-0.108860759493671,1.95969123106836,0.100985211053877,4
W:36_L:9_NM:19_T:-0.79,36,9,24.055,44.1153340687793,324,19,-0.79,0.1,-0.079,-0.1,1.97499616501705,0.165867832113475,4
W:36_L:9_NM:19_T:-0.79,36,9,24.055,44.1153340687793,324,19,-0.79,0.1,-0.071,-0.089873417721519,1.90763163882302,0.246580494817573,4
W:36_L:9_NM:19_T:-0.79,36,9,24.055,44.1153340687793,324,19,-0.79,0.1,-0.064,-0.0810126582278481,1.87896684001306,0.229528083306123,4
W:36_L:9_NM:19_T:-0.79,36,9,24.055,44.1153340687793,324,19,-0.79,0.1,-0.056,-0.0708860759493671,1.93201833076079,0.187275935409458,4
W:36_L:9_NM:19_T:-0.79,36,9,24.055,44.1153340687793,324,19,-0.79,0.1,-0.049,-0.0620253164556962,1.98258114597879,0.1791448831276,4
W:36_L:9_NM:19_T:-0.79,36,9,24.055,44.1153340687793,324,19,-0.79,0.1,-0.041,-0.0518987341772152,1.99842455809338,0.166343648487785,4
W:36_L:9_NM:19_T:-0.79,36,9,24.055,44.1153340687793,324,19,-0.79,0.1,-0.034,-0.0430379746835443,1.99969811715139,0.160246714706949,4
W:36_L:9_NM:19_T:-0.79,36,9,24.055,44.1153340687793,324,19,-0.79,0.1,-0.026,-0.0329113924050633,1.99994169096079,0.163712370625608,4
W:36_L:9_NM:19_T:-0.79,36,9,24.055,44.1153340687793,324,19,-0.79,0.1,-0.019,-0.0240506329113924,1.99998820452871,0.181097386845135,4
W:36_L:9_NM:19_T:-0.79,36,9,24.055,44.1153340687793,324,19,-0.79,0.1,-0.011,-0.0139240506329114,1.99999731499325,0.268748652782173,4
W:36_L:9_NM:19_T:-0.79,36,9,24.055,44.1153340687793,324,19,-0.79,0.1,-0.004,-0.00506329113924051,1.99999637062159,0.37286495487569,4
W:36_L:9_NM:19_T:-0.79,36,9,24.055,44.1153340687793,324,19,-0.79,0.1,0.004,0.00506329113924051,1.999996368773,0.372864440022815,4
W:36_L:9_NM:19_T:-0.79,36,9,24.055,44.1153340687793,324,19,-0.79,0.1,0.011,0.0139240506329114,1.99999731502969,0.268749128766201,4
W:36_L:9_NM:19_T:-0.79,36,9,24.055,44.1153340687793,324,19,-0.79,0.1,0.019,0.0240506329113924,1.99998820474386,0.181097471831001,4
W:36_L:9_NM:19_T:-0.79,36,9,24.055,44.1153340687793,324,19,-0.79,0.1,0.026,0.0329113924050633,1.99994169110301,0.163712395809795,4
W:36_L:9_NM:19_T:-0.79,36,9,24.055,44.1153340687793,324,19,-0.79,0.1,0.034,0.0430379746835443,1.99969811764751,0.160246709162555,4
W:36_L:9_NM:19_T:-0.79,36,9,24.055,44.1153340687793,324,19,-0.79,0.1,0.041,0.0518987341772152,1.99842456718925,0.166343621637452,4
W:36_L:9_NM:19_T:-0.79,36,9,24.055,44.1153340687793,324,19,-0.79,0.1,0.049,0.0620253164556962,1.98258124166647,0.179144858523912,4
W:36_L:9_NM:19_T:-0.79,36,9,24.055,44.1153340687793,324,19,-0.79,0.1,0.056,0.0708860759493671,1.93201848528946,0.187275906969848,4
W:36_L:9_NM:19_T:-0.79,36,9,24.055,44.1153340687793,324,19,-0.79,0.1,0.064,0.0810126582278481,1.87896694122658,0.229527896075306,4
W:36_L:9_NM:19_T:-0.79,36,9,24.055,44.1153340687793,324,19,-0.79,0.1,0.071,0.089873417721519,1.90763137189042,0.246580650529562,4
W:36_L:9_NM:19_T:-0.79,36,9,24.055,44.1153340687793,324,19,-0.79,0.1,0.079,0.1,1.97499612442058,0.165868078965485,4
W:36_L:9_NM:19_T:-0.79,36,9,24.055,44.1153340687793,324,19,-0.79,0.1,0.086,0.108860759493671,1.95969131345274,0.100985324551039,4
W:36_L:9_NM:19_T:-0.79,36,9,24.055,44.1153340687793,324,19,-0.79,0.1,0.094,0.118987341772152,1.9269321601684,0.0711699958026673,4
W:36_L:9_NM:19_T:-0.79,36,9,24.055,44.1153340687793,324,19,-0.79,0.1,0.102,0.129113924050633,1.90740543508073,0.0580685942340673,4
W:36_L:9_NM:19_T:-0.79,36,9,24.055,44.1153340687793,324,19,-0.79,0.1,0.109,0.137974683544304,1.90073823652947,0.0517889668658849,4
W:36_L:9_NM:19_T:-0.79,36,9,24.055,44.1153340687793,324,19,-0.79,0.1,0.117,0.148101265822785,1.90112753744596,0.0474077098505545,4
W:36_L:9_NM:19_T:-0.79,36,9,24.055,44.1153340687793,324,19,-0.79,0.1,0.124,0.156962025316456,1.90570086231171,0.0449569667302662,4
W:36_L:9_NM:19_T:-0.79,36,9,24.055,44.1153340687793,324,19,-0.79,0.1,0.132,0.167088607594937,1.9136848509377,0.0430858689914586,4
W:36_L:9_NM:19_T:-0.79,36,9,24.055,44.1153340687793,324,19,-0.79,0.1,0.139,0.175949367088608,1.92111330477209,0.0420449022221905,4
W:36_L:9_NM:19_T:-0.79,36,9,24.055,44.1153340687793,324,19,-0.79,0.1,0.147,0.186075949367089,1.9284955635988,0.0413723372942443,4
W:36_L:9_NM:19_T:-0.79,36,9,24.055,44.1153340687793,324,19,-0.79,0.1,0.154,0.194936708860759,1.93244630286059,0.0411992407128555,4
W:36_L:9_NM:19_T:-0.79,36,9,24.055,44.1153340687793,324,19,-0.79,0.1,0.162,0.205063291139241,1.93231389977504,0.0415182792777048,4
W:36_L:9_NM:19_T:-0.79,36,9,24.055,44.1153340687793,324,19,-0.79,0.1,0.169,0.213924050632911,1.92433480576734,0.0425852129197548,4
W:36_L:9_NM:19_T:-0.79,36,9,24.055,44.1153340687793,324,19,-0.79,0.1,0.177,0.224050632911392,1.89174238382295,0.0473826723882118,6
W:36_L:9_NM:19_T:-0.79,36,9,24.055,44.1153340687793,324,19,-0.79,0.1,0.184,0.232911392405063,1.66867271062368,0.118417566621597,8
W:36_L:9_NM:19_T:-0.79,36,9,24.055,44.1153340687793,324,19,-0.79,0.1,0.192,0.243037974683544,2.01678121762683,0.649258424838917,8
W:36_L:9_NM:19_T:-0.79,36,9,24.055,44.1153340687793,324,19,-0.79,0.1,0.199,0.251898734177215,3.03934204017675,0.114739568481695,12
W:36_L:9_NM:19_T:-0.79,36,9,24.055,44.1153340687793,324,19,-0.79,0.1,0.207,0.262025316455696,3.04511140395103,0.332229007092253,12
W:36_L:9_NM:19_T:-0.79,36,9,24.055,44.1153340687793,324,19,-0.79,0.1,0.214,0.270886075949367,3.9690953126397,0.15012868033209,12
W:36_L:9_NM:19_T:-0.79,36,9,24.055,44.1153340687793,324,19,-0.79,0.1,0.222,0.281012658227848,4.47896131975619,0.136701643059235,12
W:36_L:9_NM:19_T:-0.79,36,9,24.055,44.1153340687793,324,19,-0.79,0.1,0.229,0.289873417721519,4.5952526655294,0.129072784461755,12
W:36_L:9_NM:19_T:-0.79,36,9,24.055,44.1153340687793,324,19,-0.79,0.1,0.237,0.3,4.64777526797728,0.123513725770973,12
W:36_L:9_NM:19_T:-0.79,36,9,24.055,44.1153340687793,324,19,-0.79,0.1,0.244,0.308860759493671,4.65349312506236,0.120163339305255,12
W:36_L:9_NM:19_T:-0.79,36,9,24.055,44.1153340687793,324,19,-0.79,0.1,0.252,0.318987341772152,4.62885777711627,0.11751349700355,12
W:36_L:9_NM:19_T:-0.79,36,9,24.055,44.1153340687793,324,19,-0.79,0.1,0.259,0.327848101265823,4.58587857777036,0.116118330874157,12
W:36_L:9_NM:19_T:-0.79,36,9,24.055,44.1153340687793,324,19,-0.79,0.1,0.267,0.337974683544304,4.52099020240183,0.115904450283571,12
W:36_L:9_NM:19_T:-0.79,36,9,24.055,44.1153340687793,324,19,-0.79,0.1,0.274,0.346835443037975,4.44481633579392,0.117533263762149,12
W:36_L:9_NM:19_T:-0.79,36,9,24.055,44.1153340687793,324,19,-0.79,0.1,0.282,0.356962025316456,4.31859737180477,0.124748446021231,12
W:36_L:9_NM:19_T:-0.79,36,9,24.055,44.1153340687793,324,19,-0.79,0.1,0.289,0.365822784810127,4.12182372933076,0.151235256215256,12
W:36_L:9_NM:19_T:-0.79,36,9,24.055,44.1153340687793,324,19,-0.79,0.1,0.297,0.375949367088608,4.13000593083369,0.251090042870388,12
W:36_L:9_NM:19_T:-0.79,36,9,24.055,44.1153340687793,324,19,-0.79,0.1,0.305,0.386075949367089,4.34392932715166,0.152327559889941,16
W:36_L:9_NM:19_T:-0.79,36,9,24.055,44.1153340687793,324,19,-0.79,0.1,0.312,0.39493670886076,3.97891393309717,0.301886526628403,16
W:36_L:9_NM:19_T:-0.79,36,9,24.055,44.1153340687793,324,19,-0.79,0.1,0.32,0.405063291139241,4.83944760585375,0.250861057528404,16
W:36_L:9_NM:19_T:-0.79,36,9,24.055,44.1153340687793,324,19,-0.79,0.1,0.327,0.413924050632911,4.84033248380919,0.326869695142302,20
W:36_L:9_NM:19_T:-0.79,36,9,24.055,44.1153340687793,324,19,-0.79,0.1,0.335,0.424050632911392,6.21495140546166,0.239260711027386,20
W:36_L:9_NM:19_T:-0.79,36,9,24.055,44.1153340687793,324,19,-0.79,0.1,0.342,0.432911392405063,6.58474729507221,0.227944423004008,20
W:36_L:9_NM:19_T:-0.79,36,9,24.055,44.1153340687793,324,19,-0.79,0.1,0.35,0.443037974683544,6.74015850702609,0.220150045080591,20
W:36_L:9_NM:19_T:-0.79,36,9,24.055,44.1153340687793,324,19,-0.79,0.1,0.357,0.451898734177215,6.80705021883031,0.216509902783569,20
W:36_L:9_NM:19_T:-0.79,36,9,24.055,44.1153340687793,324,19,-0.79,0.1,0.365,0.462025316455696,6.84544687547222,0.215893621493361,20
W:36_L:9_NM:19_T:-0.79,36,9,24.055,44.1153340687793,324,19,-0.79,0.1,0.372,0.470886075949367,6.85219643138228,0.218643977818051,20
W:36_L:9_NM:19_T:-0.79,36,9,24.055,44.1153340687793,324,19,-0.79,0.1,0.38,0.481012658227848,6.8063363230218,0.22608273282737,20
W:36_L:9_NM:19_T:-0.79,36,9,24.055,44.1153340687793,324,19,-0.79,0.1,0.387,0.489873417721519,6.68891647479254,0.236904279649825,20
W:36_L:9_NM:19_T:-0.79,36,9,24.055,44.1153340687793,324,19,-0.79,0.1,0.395,0.5,6.44696713667415,0.252800971484619,20
W:36_L:9_NM:19_T:-0.79,36,9,24.055,44.1153340687793,324,19,-0.79,0.1,0.402,0.508860759493671,6.23014481728358,0.265048688225476,20
W:36_L:9_NM:19_T:-0.79,36,9,24.055,44.1153340687793,324,19,-0.79,0.1,0.41,0.518987341772152,6.1227516461002,0.278813365309551,20
W:36_L:9_NM:19_T:-0.79,36,9,24.055,44.1153340687793,324,19,-0.79,0.1,0.417,0.527848101265823,6.1260829828501,0.297690034232091,22
W:36_L:9_NM:19_T:-0.79,36,9,24.055,44.1153340687793,324,19,-0.79,0.1,0.425,0.537974683544304,6.67603389591007,0.313539193163636,24
W:36_L:9_NM:19_T:-0.79,36,9,24.055,44.1153340687793,324,19,-0.79,0.1,0.432,0.546835443037975,7.22211634263241,0.326153678435296,24
W:36_L:9_NM:19_T:-0.79,36,9,24.055,44.1153340687793,324,19,-0.79,0.1,0.44,0.556962025316456,7.40561616633322,0.329814012361436,28
W:36_L:9_NM:19_T:-0.79,36,9,24.055,44.1153340687793,324,19,-0.79,0.1,0.447,0.565822784810127,8.12553442827577,0.333349673939704,28
W:36_L:9_NM:19_T:-0.79,36,9,24.055,44.1153340687793,324,19,-0.79,0.1,0.455,0.575949367088608,8.42360287849775,0.325240892375965,28
W:36_L:9_NM:19_T:-0.79,36,9,24.055,44.1153340687793,324,19,-0.79,0.1,0.462,0.584810126582279,8.47176399767952,0.318491294048278,28
W:36_L:9_NM:19_T:-0.79,36,9,24.055,44.1153340687793,324,19,-0.79,0.1,0.47,0.594936708860759,8.46327373655232,0.312131825690413,28
W:36_L:9_NM:19_T:-0.79,36,9,24.055,44.1153340687793,324,19,-0.79,0.1,0.477,0.60379746835443,8.42891335791438,0.307990102363163,28
W:36_L:9_NM:19_T:-0.79,36,9,24.055,44.1153340687793,324,19,-0.79,0.1,0.485,0.613924050632911,8.36596837686197,0.305292608717491,28
W:36_L:9_NM:19_T:-0.79,36,9,24.055,44.1153340687793,324,19,-0.79,0.1,0.492,0.622784810126582,8.2920423219693,0.305507496478041,28
W:36_L:9_NM:19_T:-0.79,36,9,24.055,44.1153340687793,324,19,-0.79,0.1,0.5,0.632911392405063,8.17529876696573,0.310788741913899,28
W:36_L:9_NM:19_T:-0.79,36,9,24.055,44.1153340687793,324,19,-0.79,0.1,0.508,0.643037974683544,7.99250882281958,0.326602613331722,28
W:36_L:9_NM:19_T:-0.79,36,9,24.055,44.1153340687793,324,19,-0.79,0.1,0.515,0.651898734177215,7.73623636670104,0.353242534734841,28
W:36_L:9_NM:19_T:-0.79,36,9,24.055,44.1153340687793,324,19,-0.79,0.1,0.523,0.662025316455696,7.56453061433526,0.367785226578164,32
W:36_L:9_NM:19_T:-0.79,36,9,24.055,44.1153340687793,324,19,-0.79,0.1,0.53,0.670886075949367,8.20420897401556,0.375033801556517,32
W:36_L:9_NM:19_T:-0.79,36,9,24.055,44.1153340687793,324,19,-0.79,0.1,0.538,0.681012658227848,8.41685501865987,0.378537008683375,32
W:36_L:9_NM:19_T:-0.79,36,9,24.055,44.1153340687793,324,19,-0.79,0.1,0.545,0.689873417721519,8.62558319491581,0.405925971625359,36
W:36_L:9_NM:19_T:-0.79,36,9,24.055,44.1153340687793,324,19,-0.79,0.1,0.553,0.7,9.3381051241586,0.422119184660295,36
W:36_L:9_NM:19_T:-0.79,36,9,24.055,44.1153340687793,324,19,-0.79,0.1,0.56,0.708860759493671,9.53133795800028,0.42156870564634,36
W:36_L:9_NM:19_T:-0.79,36,9,24.055,44.1153340687793,324,19,-0.79,0.1,0.568,0.718987341772152,9.66369890706348,0.422778388072784,36
W:36_L:9_NM:19_T:-0.79,36,9,24.055,44.1153340687793,324,19,-0.79,0.1,0.575,0.727848101265823,9.72302805011639,0.424895214905005,36
W:36_L:9_NM:19_T:-0.79,36,9,24.055,44.1153340687793,324,19,-0.79,0.1,0.583,0.737974683544304,9.72351448363776,0.429810635839455,36
W:36_L:9_NM:19_T:-0.79,36,9,24.055,44.1153340687793,324,19,-0.79,0.1,0.59,0.746835443037975,9.67246367619647,0.439164169310563,36
W:36_L:9_NM:19_T:-0.79,36,9,24.055,44.1153340687793,324,19,-0.79,0.1,0.598,0.756962025316456,9.61827583385475,0.458832624884489,36
W:36_L:9_NM:19_T:-0.79,36,9,24.055,44.1153340687793,324,19,-0.79,0.1,0.605,0.765822784810127,9.76281638323049,0.473746495614425,36
W:36_L:9_NM:19_T:-0.79,36,9,24.055,44.1153340687793,324,19,-0.79,0.1,0.613,0.775949367088608,10.2078598108563,0.477986557905965,40
W:36_L:9_NM:19_T:-0.79,36,9,24.055,44.1153340687793,324,19,-0.79,0.1,0.62,0.784810126582278,10.7005108232045,0.509048190609358,40
W:36_L:9_NM:19_T:-0.79,36,9,24.055,44.1153340687793,324,19,-0.79,0.1,0.628,0.79493670886076,11.0348476971616,0.517734389662773,40
W:36_L:9_NM:19_T:-0.79,36,9,24.055,44.1153340687793,324,19,-0.79,0.1,0.635,0.80379746835443,11.5020098387598,0.51843680121439,44
W:36_L:9_NM:19_T:-0.79,36,9,24.055,44.1153340687793,324,19,-0.79,0.1,0.643,0.813924050632911,11.5980592044832,0.541603010599964,44
W:36_L:9_NM:19_T:-0.79,36,9,24.055,44.1153340687793,324,19,-0.79,0.1,0.65,0.822784810126582,11.5515619376272,0.564325496996512,44
W:36_L:9_NM:19_T:-0.79,36,9,24.055,44.1153340687793,324,19,-0.79,0.1,0.658,0.832911392405063,11.4798240919985,0.589328941002445,44
W:36_L:9_NM:19_T:-0.79,36,9,24.055,44.1153340687793,324,19,-0.79,0.1,0.665,0.841772151898734,11.543053449159,0.603923074539861,44
W:36_L:9_NM:19_T:-0.79,36,9,24.055,44.1153340687793,324,19,-0.79,0.1,0.673,0.851898734177215,11.8915427145444,0.607049711019061,44
W:36_L:9_NM:19_T:-0.79,36,9,24.055,44.1153340687793,324,19,-0.79,0.1,0.68,0.860759493670886,12.2218909527693,0.595596457255924,44
W:36_L:9_NM:19_T:-0.79,36,9,24.055,44.1153340687793,324,19,-0.79,0.1,0.688,0.870886075949367,12.6229959949169,0.601869373639673,48
W:36_L:9_NM:19_T:-0.79,36,9,24.055,44.1153340687793,324,19,-0.79,0.1,0.695,0.879746835443038,12.9923452304414,0.60877223244976,48
W:36_L:9_NM:19_T:-0.79,36,9,24.055,44.1153340687793,324,19,-0.79,0.1,0.703,0.889873417721519,13.3588987288811,0.618069696634561,52
W:36_L:9_NM:19_T:-0.79,36,9,24.055,44.1153340687793,324,19,-0.79,0.1,0.711,0.9,14.0118914970822,0.633666736511216,52
W:36_L:9_NM:19_T:-0.79,36,9,24.055,44.1153340687793,324,19,-0.79,0.1,0.718,0.908860759493671,14.3110207003892,0.638123568244232,52
W:36_L:9_NM:19_T:-0.79,36,9,24.055,44.1153340687793,324,19,-0.79,0.1,0.726,0.918987341772152,14.5887411912578,0.644690036082324,52
W:36_L:9_NM:19_T:-0.79,36,9,24.055,44.1153340687793,324,19,-0.79,0.1,0.733,0.927848101265823,14.7875387788238,0.656919457826563,52
W:36_L:9_NM:19_T:-0.79,36,9,24.055,44.1153340687793,324,19,-0.79,0.1,0.741,0.937974683544304,15.1957040864995,0.695973231910976,56
W:36_L:9_NM:19_T:-0.79,36,9,24.055,44.1153340687793,324,19,-0.79,0.1,0.748,0.946835443037975,15.7592845724261,0.723347546601238,56
W:36_L:9_NM:19_T:-0.79,36,9,24.055,44.1153340687793,324,19,-0.79,0.1,0.756,0.956962025316456,16.5477383698643,0.763969091394654,60
W:36_L:9_NM:19_T:-0.79,36,9,24.055,44.1153340687793,324,19,-0.79,0.1,0.763,0.965822784810127,16.8315308717904,0.778219554186653,60
W:36_L:9_NM:19_T:-0.79,36,9,24.055,44.1153340687793,324,19,-0.79,0.1,0.771,0.975949367088608,17.0113309225408,0.803996092713763,60
W:36_L:9_NM:19_T:-0.79,36,9,24.055,44.1153340687793,324,19,-0.79,0.1,0.778,0.984810126582279,17.4560067805637,0.858004811694292,66
W:36_L:9_NM:19_T:-0.79,36,9,24.055,44.1153340687793,324,19,-0.79,0.1,0.786,0.99493670886076,18.2626973136879,0.90387434824949,70
W:36_L:9_NM:19_T:-0.79,36,9,24.055,44.1153340687793,324,19,-0.79,0.1,0.793,1.00379746835443,19.1199166212492,0.915271594593434,72
W:36_L:9_NM:19_T:-0.79,36,9,24.055,44.1153340687793,324,19,-0.79,0.1,0.801,1.01392405063291,19.5135611087023,0.904261936770636,72
W:36_L:9_NM:19_T:-0.79,36,9,24.055,44.1153340687793,324,19,-0.79,0.1,0.808,1.02278481012658,19.5833770717423,0.896391727706038,72
W:36_L:9_NM:19_T:-0.79,36,9,24.055,44.1153340687793,324,19,-0.79,0.1,0.816,1.03291139240506,19.579282099644,0.821953953466239,68
W:36_L:9_NM:19_T:-0.79,36,9,24.055,44.1153340687793,324,19,-0.79,0.1,0.823,1.04177215189873,19.7038634945679,0.803150614713923,68
W:36_L:9_NM:19_T:-0.79,36,9,24.055,44.1153340687793,324,19,-0.79,0.1,0.831,1.05189873417722,19.800704379312,0.79840753205886,68
W:36_L:9_NM:19_T:-0.79,36,9,24.055,44.1153340687793,324,19,-0.79,0.1,0.838,1.06075949367089,19.8568228098392,0.800717729459983,68
W:36_L:9_NM:19_T:-0.79,36,9,24.055,44.1153340687793,324,19,-0.79,0.1,0.846,1.07088607594937,19.8837111212702,0.799155550988428,68
W:36_L:9_NM:19_T:-0.79,36,9,24.055,44.1153340687793,324,19,-0.79,0.1,0.853,1.07974683544304,19.9032889544759,0.787673608703961,68
W:36_L:9_NM:19_T:-0.79,36,9,24.055,44.1153340687793,324,19,-0.79,0.1,0.861,1.08987341772152,19.913784386451,0.764208313901229,68
W:36_L:9_NM:19_T:-0.79,36,9,24.055,44.1153340687793,324,19,-0.79,0.1,0.868,1.09873417721519,19.7429511032699,0.716078834398189,64
W:36_L:9_NM:19_T:-0.79,36,9,24.055,44.1153340687793,324,19,-0.79,0.1,0.876,1.10886075949367,19.8121295496049,0.703350388793273,64
W:36_L:9_NM:19_T:-0.79,36,9,24.055,44.1153340687793,324,19,-0.79,0.1,0.883,1.11772151898734,19.8933834130209,0.696032627885418,64
W:36_L:9_NM:19_T:-0.79,36,9,24.055,44.1153340687793,324,19,-0.79,0.1,0.891,1.12784810126582,19.9610616032384,0.685051453649652,64
W:36_L:9_NM:19_T:-0.79,36,9,24.055,44.1153340687793,324,19,-0.79,0.1,0.898,1.13670886075949,19.9788671210152,0.673334500998578,64
W:36_L:9_NM:19_T:-0.79,36,9,24.055,44.1153340687793,324,19,-0.79,0.1,0.906,1.14683544303797,19.948751413526,0.661217701781205,64
W:36_L:9_NM:19_T:-0.79,36,9,24.055,44.1153340687793,324,19,-0.79,0.1,0.914,1.15696202531646,19.8827456087024,0.654052432605106,64
W:36_L:9_NM:19_T:-0.79,36,9,24.055,44.1153340687793,324,19,-0.79,0.1,0.921,1.16582278481013,19.8096718758956,0.652689817078521,64
W:36_L:9_NM:19_T:-0.79,36,9,24.055,44.1153340687793,324,19,-0.79,0.1,0.929,1.17594936708861,19.7077203801734,0.655242854562487,64
W:36_L:9_NM:19_T:-0.79,36,9,24.055,44.1153340687793,324,19,-0.79,0.1,0.936,1.18481012658228,19.6087630592192,0.658681294927828,64
W:36_L:9_NM:19_T:-0.79,36,9,24.055,44.1153340687793,324,19,-0.79,0.1,0.944,1.19493670886076,19.4782268170021,0.660035179799627,64
W:36_L:9_NM:19_T:-0.79,36,9,24.055,44.1153340687793,324,19,-0.79,0.1,0.951,1.20379746835443,19.1222599722237,0.629826714324867,62
W:36_L:9_NM:19_T:-0.79,36,9,24.055,44.1153340687793,324,19,-0.79,0.1,0.959,1.21392405063291,19.1006381050265,0.611576359700311,60
W:36_L:9_NM:19_T:-0.79,36,9,24.055,44.1153340687793,324,19,-0.79,0.1,0.966,1.22278481012658,19.1453275177144,0.609477729812618,60
W:36_L:9_NM:19_T:-0.79,36,9,24.055,44.1153340687793,324,19,-0.79,0.1,0.974,1.23291139240506,19.15492619765,0.615209137052815,60
W:36_L:9_NM:19_T:-0.79,36,9,24.055,44.1153340687793,324,19,-0.79,0.1,0.981,1.24177215189873,19.0735750409438,0.625741046379645,60
W:36_L:9_NM:19_T:-0.79,36,9,24.055,44.1153340687793,324,19,-0.79,0.1,0.989,1.25189873417722,18.9383941072799,0.636895054267348,60
W:36_L:9_NM:19_T:-0.79,36,9,24.055,44.1153340687793,324,19,-0.79,0.1,0.996,1.26075949367089,18.9298244300969,0.635025284848783,60
W:36_L:9_NM:19_T:-0.79,36,9,24.055,44.1153340687793,324,19,-0.79,0.1,1.004,1.27088607594937,18.961640215399,0.624208126108481,60
W:36_L:9_NM:19_T:-0.79,36,9,24.055,44.1153340687793,324,19,-0.79,0.1,1.011,1.27974683544304,18.9286959533611,0.616703938868995,60
W:36_L:9_NM:19_T:-0.79,36,9,24.055,44.1153340687793,324,19,-0.79,0.1,1.019,1.28987341772152,18.8352992108764,0.61340865276671,60
W:36_L:9_NM:19_T:-0.79,36,9,24.055,44.1153340687793,324,19,-0.79,0.1,1.026,1.29873417721519,18.7299141278904,0.614625518491202,60
W:36_L:9_NM:19_T:-0.79,36,9,24.055,44.1153340687793,324,19,-0.79,0.1,1.034,1.30886075949367,18.5993939323308,0.619618353450086,60
W:36_L:9_NM:19_T:-0.79,36,9,24.055,44.1153340687793,324,19,-0.79,0.1,1.041,1.31772151898734,18.4807563554843,0.627161887179337,60
W:36_L:9_NM:19_T:-0.79,36,9,24.055,44.1153340687793,324,19,-0.79,0.1,1.049,1.32784810126582,18.3114667137457,0.64246022476678,60
W:36_L:9_NM:19_T:-0.79,36,9,24.055,44.1153340687793,324,19,-0.79,0.1,1.056,1.33670886075949,17.6209553739631,0.68757799651707,60
W:36_L:9_NM:19_T:-0.79,36,9,24.055,44.1153340687793,324,19,-0.79,0.1,1.064,1.34683544303797,17.2661161964216,0.604054537561147,56
W:36_L:9_NM:19_T:-0.79,36,9,24.055,44.1153340687793,324,19,-0.79,0.1,1.071,1.35569620253165,17.1917891033295,0.556686771544163,56
W:36_L:9_NM:19_T:-0.79,36,9,24.055,44.1153340687793,324,19,-0.79,0.1,1.079,1.36582278481013,17.1693017639853,0.532617925026146,56
W:36_L:9_NM:19_T:-0.79,36,9,24.055,44.1153340687793,324,19,-0.79,0.1,1.086,1.3746835443038,17.1529650945409,0.523015831815195,56
W:36_L:9_NM:19_T:-0.79,36,9,24.055,44.1153340687793,324,19,-0.79,0.1,1.094,1.38481012658228,17.1266549702072,0.518118251190666,56
W:36_L:9_NM:19_T:-0.79,36,9,24.055,44.1153340687793,324,19,-0.79,0.1,1.102,1.39493670886076,17.0922545388505,0.516791412038072,56
W:36_L:9_NM:19_T:-0.79,36,9,24.055,44.1153340687793,324,19,-0.79,0.1,1.109,1.40379746835443,17.056659317519,0.517447829720751,56
W:36_L:9_NM:19_T:-0.79,36,9,24.055,44.1153340687793,324,19,-0.79,0.1,1.117,1.41392405063291,17.0093515933729,0.519551913458627,56
W:36_L:9_NM:19_T:-0.79,36,9,24.055,44.1153340687793,324,19,-0.79,0.1,1.124,1.42278481012658,16.9607053996641,0.522157257130988,56
W:36_L:9_NM:19_T:-0.79,36,9,24.055,44.1153340687793,324,19,-0.79,0.1,1.132,1.43291139240506,16.8922071998078,0.525688312488272,56
W:36_L:9_NM:19_T:-0.79,36,9,24.055,44.1153340687793,324,19,-0.79,0.1,1.139,1.44177215189873,16.817766108162,0.529250916788509,56
W:36_L:9_NM:19_T:-0.79,36,9,24.055,44.1153340687793,324,19,-0.79,0.1,1.147,1.45189873417722,16.7153376870781,0.534148731086157,56
W:36_L:9_NM:19_T:-0.79,36,9,24.055,44.1153340687793,324,19,-0.79,0.1,1.154,1.46075949367089,16.6134318341344,0.539574734299553,56
W:36_L:9_NM:19_T:-0.79,36,9,24.055,44.1153340687793,324,19,-0.79,0.1,1.162,1.47088607594937,16.4856038699626,0.547463277660977,56
W:36_L:9_NM:19_T:-0.79,36,9,24.055,44.1153340687793,324,19,-0.79,0.1,1.169,1.47974683544304,16.3509606530943,0.556271110620809,56
W:36_L:9_NM:19_T:-0.79,36,9,24.055,44.1153340687793,324,19,-0.79,0.1,1.177,1.48987341772152,15.6860250569942,0.54455430566985,56
W:36_L:9_NM:19_T:-0.79,36,9,24.055,44.1153340687793,324,19,-0.79,0.1,1.184,1.49873417721519,15.854489307364,0.512712549348635,52
W:36_L:9_NM:19_T:-0.79,36,9,24.055,44.1153340687793,324,19,-0.79,0.1,1.192,1.50886075949367,15.9998684466349,0.493267762807882,52
W:36_L:9_NM:19_T:-0.79,36,9,24.055,44.1153340687793,324,19,-0.79,0.1,1.199,1.51772151898734,16.0904048691772,0.483219355038481,52
W:36_L:9_NM:19_T:-0.79,36,9,24.055,44.1153340687793,324,19,-0.79,0.1,1.207,1.52784810126582,16.1607968416712,0.476803938735801,52
W:36_L:9_NM:19_T:-0.79,36,9,24.055,44.1153340687793,324,19,-0.79,0.1,1.214,1.53670886075949,16.1940781571259,0.474270098804518,52
W:36_L:9_NM:19_T:-0.79,36,9,24.055,44.1153340687793,324,19,-0.79,0.1,1.222,1.54683544303797,16.2029016723765,0.474039508903389,52
W:36_L:9_NM:19_T:-0.79,36,9,24.055,44.1153340687793,324,19,-0.79,0.1,1.229,1.55569620253165,16.1902610533539,0.475824518441545,52
W:36_L:9_NM:19_T:-0.79,36,9,24.055,44.1153340687793,324,19,-0.79,0.1,1.237,1.56582278481013,16.1632154095615,0.480069854209199,52
W:36_L:9_NM:19_T:-0.79,36,9,24.055,44.1153340687793,324,19,-0.79,0.1,1.244,1.5746835443038,16.1391835462102,0.485845072033322,52
W:36_L:9_NM:19_T:-0.79,36,9,24.055,44.1153340687793,324,19,-0.79,0.1,1.252,1.58481012658228,16.1243722559736,0.495223045728459,52
W:36_L:9_NM:19_T:-0.79,36,9,24.055,44.1153340687793,324,19,-0.79,0.1,1.259,1.59367088607595,16.1274543743007,0.50631899722076,52
W:36_L:9_NM:19_T:-0.79,36,9,24.055,44.1153340687793,324,19,-0.79,0.1,1.267,1.60379746835443,16.1404525607076,0.522392684923252,52
W:36_L:9_NM:19_T:-0.79,36,9,24.055,44.1153340687793,324,19,-0.79,0.1,1.274,1.6126582278481,16.1322002396843,0.535944229304343,52
W:36_L:9_NM:19_T:-0.79,36,9,24.055,44.1153340687793,324,19,-0.79,0.1,1.282,1.62278481012658,16.065827288364,0.54155248050766,52
W:36_L:9_NM:19_T:-0.79,36,9,24.055,44.1153340687793,324,19,-0.79,0.1,1.289,1.63164556962025,15.9709467639899,0.538837139279516,52
W:36_L:9_NM:19_T:-0.79,36,9,24.055,44.1153340687793,324,19,-0.79,0.1,1.297,1.64177215189873,15.8265926148273,0.535502092442327,52
W:36_L:9_NM:19_T:-0.79,36,9,24.055,44.1153340687793,324,19,-0.79,0.1,1.305,1.65189873417722,15.0778989815765,0.523707673432392,50
W:36_L:9_NM:19_T:-0.79,36,9,24.055,44.1153340687793,324,19,-0.79,0.1,1.312,1.66075949367089,14.9522908895703,0.478080530255847,48
W:36_L:9_NM:19_T:-0.79,36,9,24.055,44.1153340687793,324,19,-0.79,0.1,1.32,1.67088607594937,15.0336391661226,0.450870202022098,48
W:36_L:9_NM:19_T:-0.79,36,9,24.055,44.1153340687793,324,19,-0.79,0.1,1.327,1.67974683544304,15.087352766416,0.441603081245583,48
W:36_L:9_NM:19_T:-0.79,36,9,24.055,44.1153340687793,324,19,-0.79,0.1,1.335,1.68987341772152,15.1293293926927,0.438056315138612,48
W:36_L:9_NM:19_T:-0.79,36,9,24.055,44.1153340687793,324,19,-0.79,0.1,1.342,1.69873417721519,15.1563246505336,0.438187813868163,48
W:36_L:9_NM:19_T:-0.79,36,9,24.055,44.1153340687793,324,19,-0.79,0.1,1.35,1.70886075949367,15.1820507664257,0.440680859901737,48
W:36_L:9_NM:19_T:-0.79,36,9,24.055,44.1153340687793,324,19,-0.79,0.1,1.357,1.71772151898734,15.2018611941891,0.444396053191644,48
W:36_L:9_NM:19_T:-0.79,36,9,24.055,44.1153340687793,324,19,-0.79,0.1,1.365,1.72784810126582,15.2144961015569,0.449804841211243,48
W:36_L:9_NM:19_T:-0.79,36,9,24.055,44.1153340687793,324,19,-0.79,0.1,1.372,1.73670886075949,15.2013944936604,0.454809681496202,48
W:36_L:9_NM:19_T:-0.79,36,9,24.055,44.1153340687793,324,19,-0.79,0.1,1.38,1.74683544303797,15.1440388885137,0.460280229662323,48
W:36_L:9_NM:19_T:-0.79,36,9,24.055,44.1153340687793,324,19,-0.79,0.1,1.387,1.75569620253165,15.0578932228327,0.464905846021445,48
W:36_L:9_NM:19_T:-0.79,36,9,24.055,44.1153340687793,324,19,-0.79,0.1,1.395,1.76582278481013,14.9295291813184,0.469918799679237,48
W:36_L:9_NM:19_T:-0.79,36,9,24.055,44.1153340687793,324,19,-0.79,0.1,1.402,1.7746835443038,14.7942296509156,0.473412180488293,48
W:36_L:9_NM:19_T:-0.79,36,9,24.055,44.1153340687793,324,19,-0.79,0.1,1.41,1.78481012658228,14.6065721176903,0.475993503168575,48
W:36_L:9_NM:19_T:-0.79,36,9,24.055,44.1153340687793,324,19,-0.79,0.1,1.417,1.79367088607595,14.4080361677796,0.477377127821894,48
W:36_L:9_NM:19_T:-0.79,36,9,24.055,44.1153340687793,324,19,-0.79,0.1,1.425,1.80379746835443,14.1247635230364,0.478018482850192,48
W:36_L:9_NM:19_T:-0.79,36,9,24.055,44.1153340687793,324,19,-0.79,0.1,1.432,1.8126582278481,13.6944731741052,0.472749257604153,48
W:36_L:9_NM:19_T:-0.79,36,9,24.055,44.1153340687793,324,19,-0.79,0.1,1.44,1.82278481012658,13.0622767520715,0.453156873558422,44
W:36_L:9_NM:19_T:-0.79,36,9,24.055,44.1153340687793,324,19,-0.79,0.1,1.447,1.83164556962025,13.0855018978407,0.443908552380778,44
W:36_L:9_NM:19_T:-0.79,36,9,24.055,44.1153340687793,324,19,-0.79,0.1,1.455,1.84177215189873,13.0758805971201,0.434319089534316,44
W:36_L:9_NM:19_T:-0.79,36,9,24.055,44.1153340687793,324,19,-0.79,0.1,1.462,1.85063291139241,13.0691793340933,0.428132481759848,44
W:36_L:9_NM:19_T:-0.79,36,9,24.055,44.1153340687793,324,19,-0.79,0.1,1.47,1.86075949367089,13.1022546296403,0.422044504426305,44
W:36_L:9_NM:19_T:-0.79,36,9,24.055,44.1153340687793,324,19,-0.79,0.1,1.477,1.86962025316456,13.1438443145131,0.419204429312757,44
W:36_L:9_NM:19_T:-0.79,36,9,24.055,44.1153340687793,324,19,-0.79,0.1,1.485,1.87974683544304,13.1872793694498,0.41906240405997,44
W:36_L:9_NM:19_T:-0.79,36,9,24.055,44.1153340687793,324,19,-0.79,0.1,1.492,1.88860759493671,13.215888000451,0.420716873881967,44
W:36_L:9_NM:19_T:-0.79,36,9,24.055,44.1153340687793,324,19,-0.79,0.1,1.5,1.89873417721519,13.2299651486779,0.423392777932369,44
